Workbook

Sheet CAPA
C18: RELATÓRIO PARCIAL
C20: CONTROLE TECNOLÓGICO
C21: ='DADOS - FREGUESIA DO Ó'!B4 -> Período: 01/03/2026 à 31/03/2026
C35: POLO FREGUESIA DO Ó
C36: CONTRATADA AUDITADA: Consórcio Nova Norte X
C37: CONTRATO: 11522428
C41: SÃO PAULO
C42: 2026

Sheet DADOS - FREGUESIA DO Ó
B2: FREGUESIA DO Ó
B3: ACOMPANHAMENTO EM CAMPO
B4: Período: 01/03/2026 à 31/03/2026
B6: ÍNDICE TECNOLÓGICO (%)
B7: IT (%)
D9: ÍNDICE DE CONFORMIDADE (%)
B10: Tipo de Serviço | C10: IC (%) | E10: Quantidade de LVs
B11: Água | C11: 1 | E11: 100
B12: Esgoto | C12: 0.5 | E12: 50
B13: Reposição | C13: 0.1 | E13: 1
B15: FREGUESIA DO Ó | E15: FALTAM | F15: =('GRÁFICOS - ÁGUA'!B8+'GRÁFICOS - ESGOTO'!B8+'GRÁFICOS - CAVALETE'!B8+'GRÁFICOS - REPOSIÇÃO'!B8) -> 0
B16: QUALIDADE | C16: 0
B17: PRAZO | C17: 0
B18: SEGURANÇA | C18: 0
B19: ORGANIZAÇÃO | C19: 0
B22: OLHAR DIGITAL
B24: ÍNDICE DE QUALIDADE SABESP - IQS (%)
B25: Tipo de Serviço | C25: Fotos Avaliadas | D25: Fotos NC | E25: Fotos Conforme | F25: Não Conforme (%) | G25: Conforme (%)
B26: Água | C26: =D26+E26 -> 505 | D26: =COUNTIF(ÁGUA!AF:AF,"Nc") -> 140 | E26: =COUNTIF(ÁGUA!AF:AF,"c") -> 365 | F26: =IFERROR(D26/C26,"-") -> 0.27722772 | G26: =IFERROR(100%-F26,"-") -> 0.72277228
B27: Esgoto | C27: =D27+E27 -> 236 | D27: =COUNTIF(ESGOTO!AF:AF,"NC") -> 93 | E27: =COUNTIF(ESGOTO!AF:AF,"C") -> 143 | F27: =IFERROR(D27/C27,"-") -> 0.3940678 | G27: =IFERROR(100%-F27,"-") -> 0.6059322
B28: Cavalete | C28: =D28+E28 -> 536 | D28: =COUNTIF(CAVALETE!Z:Z,"nc") -> 106 | E28: =COUNTIF(CAVALETE!Z:Z,"C") -> 430 | F28: =IFERROR(D28/C28,"-") -> 0.19776119 | G28: =IFERROR(100%-F28,"-") -> 0.80223881
B29: Reposição | C29: =D29+E29 -> 23 | D29: =COUNTIF(REPOSIÇÃO!AF:AF,"nC") -> 16 | E29: =COUNTIF(REPOSIÇÃO!AF:AF,"c") -> 7 | F29: =IFERROR(D29/C29,"-") -> 0.69565217 | G29: =IFERROR(100%-F29,"-") -> 0.30434783
B30: Total | C30: =SUM(C26:C29) -> 1300 | D30: =SUM(D26:D29) -> 355 | E30: =SUM(E26:E29) -> 945 | F30: =IFERROR(AVERAGE(F26,F27,F28,F29),"-") -> 0.39117722 | G30: =IFERROR(AVERAGE(G26,G27,G28,G29),"-") -> 0.60882278
F31: IQS Não Conforme (%): | G31: IQS (%):
B33: TEMPO DE EXECUÇÃO
B34: Tipo de Serviço | C34: Avaliados | D34: Não Conforme | E34: Conforme | F34: Não Conforme (%) | G34: Conforme (%)
B35: Água | C35: =D35+E35 -> 499 | D35: =COUNTIF(ÁGUA!AE:AE,"Nc") -> 60 | E35: =COUNTIF(ÁGUA!AE:AE,"c") -> 439 | F35: =IFERROR(D35/C35,"-") -> 0.12024048 | G35: =IFERROR(E35/C35,"-") -> 0.87975952
B36: Esgoto | C36: =D36+E36 -> 236 | D36: =COUNTIF(ESGOTO!AE:AE,"NC") -> 54 | E36: =COUNTIF(ESGOTO!AE:AE,"C") -> 182 | F36: =IFERROR(D36/C36,"-") -> 0.22881356 | G36: =IFERROR(E36/C36,"-") -> 0.77118644
B37: Cavalete | C37: =D37+E37 -> 536 | D37: =COUNTIF(CAVALETE!Y:Y,"NC") -> 46 | E37: =COUNTIF(CAVALETE!Y:Y,"C") -> 490 | F37: =IFERROR(D37/C37,"-") -> 0.085820896 | G37: =IFERROR(E37/C37,"-") -> 0.9141791
B38: Reposição | C38: =D38+E38 -> 23 | D38: =COUNTIF(REPOSIÇÃO!AE:AE,"nC") -> 2 | E38: =COUNTIF(REPOSIÇÃO!AE:AE,"c") -> 21 | F38: =IFERROR(D38/C38,"-") -> 0.086956522 | G38: =IFERROR(E38/C38,"-") -> 0.91304348
B40: BAIXA DE MATERIAIS
B41: Tipo de Serviço | C41: Avaliados | D41: Não Conforme | E41: Conforme | F41: Não Conforme (%) | G41: Conforme (%)
B42: Água | C42: =D42+E42 -> 434 | D42: =COUNTIF(ÁGUA!AH:AH,"Nc") -> 0 | E42: =COUNTIF(ÁGUA!AH:AH,"c") -> 434 | F42: =IFERROR(D42/C42,"-") -> 0 | G42: =IFERROR(E42/C42,"-") -> 1
B43: Esgoto | C43: =D43+E43 -> 205 | D43: =COUNTIF(ESGOTO!AH:AH,"NC") -> 1 | E43: =COUNTIF(ESGOTO!AH:AH,"C") -> 204 | F43: =IFERROR(D43/C43,"-") -> 0.0048780488 | G43: =IFERROR(E43/C43,"-") -> 0.99512195
B44: Cavalete | C44: =D44+E44 -> 575 | D44: =COUNTIF(CAVALETE!AB:AB,"NC") -> 0 | E44: =COUNTIF(CAVALETE!AB:AB,"C") -> 575 | F44: =IFERROR(D44/C44,"-") -> 0 | G44: =IFERROR(E44/C44,"-") -> 1
B46: ÁGUA
B48: TEMPO DE EXECUÇÃO
B49: Tipo de Serviço | C49: Avaliados | D49: Não Conforme | E49: Conforme | F49: Não Conforme (%) | G49: Conforme (%)
B50: Água | C50: =D50+E50 -> 499 | D50: =COUNTIF(ÁGUA!AE:AE,"NC") -> 60 | E50: =COUNTIF(ÁGUA!AE:AE,"C") -> 439 | F50: =IFERROR(D50/C50,"-") -> 0.12024048 | G50: =IFERROR(E50/C50,"-") -> 0.87975952
B52: ÍNDICE DE QUALIDADE SABESP - IQS (%)
B53: Tipo de Serviço | C53: Fotos Avaliadas | D53: Fotos NC | E53: Fotos Conforme | F53: Não Conforme (%) | G53: Conforme (%)
B54: Água | C54: =D54+E54 -> 505 | D54: =COUNTIF(ÁGUA!AF:AF,"NC") -> 140 | E54: =COUNTIF(ÁGUA!AF:AF,"C") -> 365 | F54: =IFERROR(D54/C54,"-") -> 0.27722772 | G54: =IFERROR(100%-F54,"-") -> 0.72277228
B56: BAIXA DE MATERIAIS
B57: Tipo de Serviço | C57: Avaliados | D57: Não Conforme | E57: Conforme | F57: Não Conforme (%) | G57: Conforme (%)
B58: Água | C58: =D58+E58 -> 434 | D58: =COUNTIF(ÁGUA!AH:AH,"NC") -> 0 | E58: =COUNTIF(ÁGUA!AH:AH,"C") -> 434 | F58: =IFERROR(D58/C58,"-") -> 0 | G58: =IFERROR(E58/C58,"-") -> 1
B60: ETAPAS - CONFORMIDADE
B61: FREGUESIA DO Ó | C61: CONFORME | D61: NÃO CONFORME | E61: SEM FOTO | F61: CONFORME (%) | G61: NÃO CONFORME(%)
B62: FACHADA | C62: =COUNTIF(ÁGUA!O:O,"c") -> 447 | D62: =COUNTIF(ÁGUA!O:O,"Nc") -> 18 | E62: =COUNTIF(ÁGUA!O:O,"SF") -> 37 | F62: =IFERROR(C62/(C62+D62+E62),"-") -> 0.89043825 | G62: =IFERROR(100%-F62,"-") -> 0.10956175
B63: SINALIZAÇÃO | C63: =COUNTIF(ÁGUA!Q:Q,"c") -> 409 | D63: =COUNTIF(ÁGUA!Q:Q,"Nc") -> 21 | E63: =COUNTIF(ÁGUA!Q:Q,"SF") -> 48 | F63: =IFERROR(C63/(C63+D63+E63),"-") -> 0.85564854 | G63: =IFERROR(100%-F63,"-") -> 0.14435146
B64: ENCERADO | C64: =COUNTIF(ÁGUA!S:S,"c") -> 378 | D64: =COUNTIF(ÁGUA!S:S,"Nc") -> 17 | E64: =COUNTIF(ÁGUA!S:S,"SF") -> 63 | F64: =IFERROR(C64/(C64+D64+E64),"-") -> 0.82532751 | G64: =IFERROR(100%-F64,"-") -> 0.17467249
B65: GEOMETRIA | C65: =COUNTIF(ÁGUA!U:U,"c") -> 381 | D65: =COUNTIF(ÁGUA!U:U,"Nc") -> 17 | E65: =COUNTIF(ÁGUA!U:U,"SF") -> 52 | F65: =IFERROR(C65/(C65+D65+E65),"-") -> 0.84666667 | G65: =IFERROR(100%-F65,"-") -> 0.15333333
B66: BERÇO DE AREIA | C66: =COUNTIF(ÁGUA!W:W,"c") -> 360 | D66: =COUNTIF(ÁGUA!W:W,"Nc") -> 17 | E66: =COUNTIF(ÁGUA!W:W,"SF") -> 65 | F66: =IFERROR(C66/(C66+D66+E66),"-") -> 0.81447964 | G66: =IFERROR(100%-F66,"-") -> 0.18552036
B67: ESTANQUEIDADE | C67: =COUNTIF(ÁGUA!Y:Y,"c") -> 226 | D67: =COUNTIF(ÁGUA!Y:Y,"Nc") -> 30 | E67: =COUNTIF(ÁGUA!Y:Y,"SF") -> 47 | F67: =IFERROR(C67/(C67+D67+E67),"-") -> 0.74587459 | G67: =IFERROR(100%-F67,"-") -> 0.25412541
B68: COMPACTAÇÃO | C68: =COUNTIF(ÁGUA!AA:AA,"c") -> 382 | D68: =COUNTIF(ÁGUA!AA:AA,"Nc") -> 18 | E68: =COUNTIF(ÁGUA!AA:AA,"SF") -> 63 | F68: =IFERROR(C68/(C68+D68+E68),"-") -> 0.825054 | G68: =IFERROR(100%-F68,"-") -> 0.174946
B69: FINALIZAÇÃO | C69: =COUNTIF(ÁGUA!AC:AC,"c") -> 410 | D69: =COUNTIF(ÁGUA!AC:AC,"Nc") -> 29 | E69: =COUNTIF(ÁGUA!AC:AC,"SF") -> 65 | F69: =IFERROR(C69/(C69+D69+E69),"-") -> 0.81349206 | G69: =IFERROR(100%-F69,"-") -> 0.18650794
B71: EQUIPES - CONFORMIDADE - TEMPO DE EXECUÇÃO
B72: EQUIPE | C72: AVALIADOS | D72: CONFORME | E72: NÃO CONFORME | F72: CONFORME (%) | G72: NÃO CONFORME (%)
B73: TESTE | C73: =D73+E73 -> 0 | D73: =COUNTIFS(ÁGUA!N:N,'DADOS - FREGUESIA DO Ó'!B73,ÁGUA!AE:AE,"c") -> 0 | E73: =COUNTIFS(ÁGUA!N:N,'DADOS - FREGUESIA DO Ó'!B73,ÁGUA!AE:AE,"Nc") -> 0 | F73: =IFERROR(D73/C73,"-") -> - | G73: =IFERROR(100%-F73,"-") -> -
B74: TESTE | C74: =D74+E74 -> 0 | D74: =COUNTIFS(ÁGUA!N:N,'DADOS - FREGUESIA DO Ó'!B74,ÁGUA!AE:AE,"c") -> 0 | E74: =COUNTIFS(ÁGUA!N:N,'DADOS - FREGUESIA DO Ó'!B74,ÁGUA!AE:AE,"Nc") -> 0 | F74: =IFERROR(D74/C74,"-") -> - | G74: =IFERROR(100%-F74,"-") -> -
B75: TESTE | C75: =D75+E75 -> 0 | D75: =COUNTIFS(ÁGUA!N:N,'DADOS - FREGUESIA DO Ó'!B75,ÁGUA!AE:AE,"c") -> 0 | E75: =COUNTIFS(ÁGUA!N:N,'DADOS - FREGUESIA DO Ó'!B75,ÁGUA!AE:AE,"Nc") -> 0 | F75: =IFERROR(D75/C75,"-") -> - | G75: =IFERROR(100%-F75,"-") -> -
B76: TESTE | C76: =D76+E76 -> 0 | D76: =COUNTIFS(ÁGUA!N:N,'DADOS - FREGUESIA DO Ó'!B76,ÁGUA!AE:AE,"c") -> 0 | E76: =COUNTIFS(ÁGUA!N:N,'DADOS - FREGUESIA DO Ó'!B76,ÁGUA!AE:AE,"Nc") -> 0 | F76: =IFERROR(D76/C76,"-") -> - | G76: =IFERROR(100%-F76,"-") -> -
B77: TESTE | C77: =D77+E77 -> 0 | D77: =COUNTIFS(ÁGUA!N:N,'DADOS - FREGUESIA DO Ó'!B77,ÁGUA!AE:AE,"c") -> 0 | E77: =COUNTIFS(ÁGUA!N:N,'DADOS - FREGUESIA DO Ó'!B77,ÁGUA!AE:AE,"Nc") -> 0 | F77: =IFERROR(D77/C77,"-") -> - | G77: =IFERROR(100%-F77,"-") -> -
B78: TESTE | C78: =D78+E78 -> 0 | D78: =COUNTIFS(ÁGUA!N:N,'DADOS - FREGUESIA DO Ó'!B78,ÁGUA!AE:AE,"c") -> 0 | E78: =COUNTIFS(ÁGUA!N:N,'DADOS - FREGUESIA DO Ó'!B78,ÁGUA!AE:AE,"Nc") -> 0 | F78: =IFERROR(D78/C78,"-") -> - | G78: =IFERROR(100%-F78,"-") -> -
B79: TESTE | C79: =D79+E79 -> 0 | D79: =COUNTIFS(ÁGUA!N:N,'DADOS - FREGUESIA DO Ó'!B79,ÁGUA!AE:AE,"c") -> 0 | E79: =COUNTIFS(ÁGUA!N:N,'DADOS - FREGUESIA DO Ó'!B79,ÁGUA!AE:AE,"Nc") -> 0 | F79: =IFERROR(D79/C79,"-") -> - | G79: =IFERROR(100%-F79,"-") -> -
B80: TESTE | C80: =D80+E80 -> 0 | D80: =COUNTIFS(ÁGUA!N:N,'DADOS - FREGUESIA DO Ó'!B80,ÁGUA!AE:AE,"c") -> 0 | E80: =COUNTIFS(ÁGUA!N:N,'DADOS - FREGUESIA DO Ó'!B80,ÁGUA!AE:AE,"Nc") -> 0 | F80: =IFERROR(D80/C80,"-") -> - | G80: =IFERROR(100%-F80,"-") -> -
B81: TESTE | C81: =D81+E81 -> 0 | D81: =COUNTIFS(ÁGUA!N:N,'DADOS - FREGUESIA DO Ó'!B81,ÁGUA!AE:AE,"c") -> 0 | E81: =COUNTIFS(ÁGUA!N:N,'DADOS - FREGUESIA DO Ó'!B81,ÁGUA!AE:AE,"Nc") -> 0 | F81: =IFERROR(D81/C81,"-") -> - | G81: =IFERROR(100%-F81,"-") -> -
B82: TESTE | C82: =D82+E82 -> 0 | D82: =COUNTIFS(ÁGUA!N:N,'DADOS - FREGUESIA DO Ó'!B82,ÁGUA!AE:AE,"c") -> 0 | E82: =COUNTIFS(ÁGUA!N:N,'DADOS - FREGUESIA DO Ó'!B82,ÁGUA!AE:AE,"Nc") -> 0 | F82: =IFERROR(D82/C82,"-") -> - | G82: =IFERROR(100%-F82,"-") -> -
B83: TESTE | C83: =D83+E83 -> 0 | D83: =COUNTIFS(ÁGUA!N:N,'DADOS - FREGUESIA DO Ó'!B83,ÁGUA!AE:AE,"c") -> 0 | E83: =COUNTIFS(ÁGUA!N:N,'DADOS - FREGUESIA DO Ó'!B83,ÁGUA!AE:AE,"Nc") -> 0 | F83: =IFERROR(D83/C83,"-") -> - | G83: =IFERROR(100%-F83,"-") -> -
B84: TESTE | C84: =D84+E84 -> 0 | D84: =COUNTIFS(ÁGUA!N:N,'DADOS - FREGUESIA DO Ó'!B84,ÁGUA!AE:AE,"c") -> 0 | E84: =COUNTIFS(ÁGUA!N:N,'DADOS - FREGUESIA DO Ó'!B84,ÁGUA!AE:AE,"Nc") -> 0 | F84: =IFERROR(D84/C84,"-") -> - | G84: =IFERROR(100%-F84,"-") -> -
... B112: TESTE | C112: =D112+E112 -> 0 | D112: =COUNTIFS(ÁGUA!N:N,'DADOS - FREGUESIA DO Ó'!B112,ÁGUA!AE:AE,"c") -> 0 | E112: =COUNTIFS(ÁGUA!N:N,'DADOS - FREGUESIA DO Ó'!B112,ÁGUA!AE:AE,"Nc") -> 0 | F112: =IFERROR(D112/C112,"-") -> - | G112: =IFERROR(100%-F112,"-") -> -
B114: EQUIPES - CONFORMIDADE - SEQUÊNCIA DE FOTOS
B115: EQUIPE | C115: AVALIADOS | D115: CONFORME | E115: NÃO CONFORME | F115: CONFORME (%) | G115: NÃO CONFORME (%)
B116: TESTE | C116: =D116+E116 -> 0 | D116: =COUNTIFS(ÁGUA!N:N,'DADOS - FREGUESIA DO Ó'!B116,ÁGUA!AF:AF,"c") -> 0 | E116: =COUNTIFS(ÁGUA!N:N,'DADOS - FREGUESIA DO Ó'!B116,ÁGUA!AF:AF,"NC") -> 0 | F116: =IFERROR(D116/C116,"-") -> - | G116: =IFERROR(100%-F116,"-") -> -
B117: TESTE | C117: =D117+E117 -> 0 | D117: =COUNTIFS(ÁGUA!N:N,'DADOS - FREGUESIA DO Ó'!B117,ÁGUA!AF:AF,"c") -> 0 | E117: =COUNTIFS(ÁGUA!N:N,'DADOS - FREGUESIA DO Ó'!B117,ÁGUA!AF:AF,"NC") -> 0 | F117: =IFERROR(D117/C117,"-") -> - | G117: =IFERROR(100%-F117,"-") -> -
B118: TESTE | C118: =D118+E118 -> 0 | D118: =COUNTIFS(ÁGUA!N:N,'DADOS - FREGUESIA DO Ó'!B118,ÁGUA!AF:AF,"c") -> 0 | E118: =COUNTIFS(ÁGUA!N:N,'DADOS - FREGUESIA DO Ó'!B118,ÁGUA!AF:AF,"NC") -> 0 | F118: =IFERROR(D118/C118,"-") -> - | G118: =IFERROR(100%-F118,"-") -> -
B119: TESTE | C119: =D119+E119 -> 0 | D119: =COUNTIFS(ÁGUA!N:N,'DADOS - FREGUESIA DO Ó'!B119,ÁGUA!AF:AF,"c") -> 0 | E119: =COUNTIFS(ÁGUA!N:N,'DADOS - FREGUESIA DO Ó'!B119,ÁGUA!AF:AF,"NC") -> 0 | F119: =IFERROR(D119/C119,"-") -> - | G119: =IFERROR(100%-F119,"-") -> -
B120: TESTE | C120: =D120+E120 -> 0 | D120: =COUNTIFS(ÁGUA!N:N,'DADOS - FREGUESIA DO Ó'!B120,ÁGUA!AF:AF,"c") -> 0 | E120: =COUNTIFS(ÁGUA!N:N,'DADOS - FREGUESIA DO Ó'!B120,ÁGUA!AF:AF,"NC") -> 0 | F120: =IFERROR(D120/C120,"-") -> - | G120: =IFERROR(100%-F120,"-") -> -
B121: TESTE | C121: =D121+E121 -> 0 | D121: =COUNTIFS(ÁGUA!N:N,'DADOS - FREGUESIA DO Ó'!B121,ÁGUA!AF:AF,"c") -> 0 | E121: =COUNTIFS(ÁGUA!N:N,'DADOS - FREGUESIA DO Ó'!B121,ÁGUA!AF:AF,"NC") -> 0 | F121: =IFERROR(D121/C121,"-") -> - | G121: =IFERROR(100%-F121,"-") -> -
B122: TESTE | C122: =D122+E122 -> 0 | D122: =COUNTIFS(ÁGUA!N:N,'DADOS - FREGUESIA DO Ó'!B122,ÁGUA!AF:AF,"c") -> 0 | E122: =COUNTIFS(ÁGUA!N:N,'DADOS - FREGUESIA DO Ó'!B122,ÁGUA!AF:AF,"NC") -> 0 | F122: =IFERROR(D122/C122,"-") -> - | G122: =IFERROR(100%-F122,"-") -> -
B123: TESTE | C123: =D123+E123 -> 0 | D123: =COUNTIFS(ÁGUA!N:N,'DADOS - FREGUESIA DO Ó'!B123,ÁGUA!AF:AF,"c") -> 0 | E123: =COUNTIFS(ÁGUA!N:N,'DADOS - FREGUESIA DO Ó'!B123,ÁGUA!AF:AF,"NC") -> 0 | F123: =IFERROR(D123/C123,"-") -> - | G123: =IFERROR(100%-F123,"-") -> -
B124: TESTE | C124: =D124+E124 -> 0 | D124: =COUNTIFS(ÁGUA!N:N,'DADOS - FREGUESIA DO Ó'!B124,ÁGUA!AF:AF,"c") -> 0 | E124: =COUNTIFS(ÁGUA!N:N,'DADOS - FREGUESIA DO Ó'!B124,ÁGUA!AF:AF,"NC") -> 0 | F124: =IFERROR(D124/C124,"-") -> - | G124: =IFERROR(100%-F124,"-") -> -
B125: TESTE | C125: =D125+E125 -> 0 | D125: =COUNTIFS(ÁGUA!N:N,'DADOS - FREGUESIA DO Ó'!B125,ÁGUA!AF:AF,"c") -> 0 | E125: =COUNTIFS(ÁGUA!N:N,'DADOS - FREGUESIA DO Ó'!B125,ÁGUA!AF:AF,"NC") -> 0 | F125: =IFERROR(D125/C125,"-") -> - | G125: =IFERROR(100%-F125,"-") -> -
B126: TESTE | C126: =D126+E126 -> 0 | D126: =COUNTIFS(ÁGUA!N:N,'DADOS - FREGUESIA DO Ó'!B126,ÁGUA!AF:AF,"c") -> 0 | E126: =COUNTIFS(ÁGUA!N:N,'DADOS - FREGUESIA DO Ó'!B126,ÁGUA!AF:AF,"NC") -> 0 | F126: =IFERROR(D126/C126,"-") -> - | G126: =IFERROR(100%-F126,"-") -> -
B127: TESTE | C127: =D127+E127 -> 0 | D127: =COUNTIFS(ÁGUA!N:N,'DADOS - FREGUESIA DO Ó'!B127,ÁGUA!AF:AF,"c") -> 0 | E127: =COUNTIFS(ÁGUA!N:N,'DADOS - FREGUESIA DO Ó'!B127,ÁGUA!AF:AF,"NC") -> 0 | F127: =IFERROR(D127/C127,"-") -> - | G127: =IFERROR(100%-F127,"-") -> -
... B155: TESTE | C155: =D155+E155 -> 0 | D155: =COUNTIFS(ÁGUA!N:N,'DADOS - FREGUESIA DO Ó'!B155,ÁGUA!AF:AF,"c") -> 0 | E155: =COUNTIFS(ÁGUA!N:N,'DADOS - FREGUESIA DO Ó'!B155,ÁGUA!AF:AF,"NC") -> 0 | F155: =IFERROR(D155/C155,"-") -> - | G155: =IFERROR(100%-F155,"-") -> -
B157: ESGOTO | I157: PI,PV e TL
B159: TEMPO DE EXECUÇÃO
B160: Tipo de Serviço | C160: Avaliados | D160: Não Conforme | E160: Conforme | F160: Não Conforme (%) | G160: Conforme (%) | I160: Total | J160: Avaliados | K160: NA
B161: Esgoto | C161: =D161+E161 -> 236 | D161: =COUNTIF(ESGOTO!AE:AE,"NC") -> 54 | E161: =COUNTIF(ESGOTO!AE:AE,"C") -> 182 | F161: =IFERROR(D161/C161,"-") -> 0.22881356 | G161: =IFERROR(E161/C161,"-") -> 0.77118644 | I161: =COUNTIFS(ESGOTO!D:D, "PI, PV, TL") -> 83 | J161: =I161-K161 -> 67 | K161: =COUNTIFS(ESGOTO!D:D, "PI, PV, TL", ESGOTO!AF:AF, "NA") -> 16
B163: ÍNDICE DE QUALIDADE SABESP - IQS (%)
B164: Tipo de Serviço | C164: Fotos Avaliadas | D164: Fotos NC | E164: Fotos Conforme | F164: Não Conforme (%) | G164: Conforme (%)
B165: Esgoto | C165: =D165+E165 -> 236 | D165: =COUNTIF(ESGOTO!AF:AF,"NC") -> 93 | E165: =COUNTIF(ESGOTO!AF:AF,"C") -> 143 | F165: =IFERROR(D165/C165,"-") -> 0.3940678 | G165: =IFERROR(100%-F165,"-") -> 0.6059322
B167: BAIXA DE MATERIAIS
B168: Tipo de Serviço | C168: Avaliados | D168: Não Conforme | E168: Conforme | F168: Não Conforme (%) | G168: Conforme (%)
B169: Esgoto | C169: =D169+E169 -> 205 | D169: =COUNTIF(ESGOTO!AH:AH,"NC") -> 1 | E169: =COUNTIF(ESGOTO!AH:AH,"C") -> 204 | F169: =IFERROR(D169/C169,"-") -> 0.0048780488 | G169: =IFERROR(E169/C169,"-") -> 0.99512195
B171: ETAPAS - CONFORMIDADE
B172: FREGUESIA DO Ó | C172: CONFORME | D172: NÃO CONFORME | E172: SEM FOTO | F172: CONFORME (%) | G172: NÃO CONFORME(%)
B173: FACHADA | C173: =COUNTIF(ESGOTO!O:O,"C") -> 182 | D173: =COUNTIF(ESGOTO!O:O,"NC") -> 1 | E173: =COUNTIF(ESGOTO!O:O,"SF") -> 53 | F173: =IFERROR(C173/(C173+D173+E173),"-") -> 0.77118644 | G173: =IFERROR(100%-F173,"-") -> 0.22881356
B174: SINALIZAÇÃO | C174: =COUNTIF(ESGOTO!Q:Q,"C") -> 181 | D174: =COUNTIF(ESGOTO!Q:Q,"NC") -> 1 | E174: =COUNTIF(ESGOTO!Q:Q,"SF") -> 54 | F174: =IFERROR(C174/(C174+D174+E174),"-") -> 0.76694915 | G174: =IFERROR(100%-F174,"-") -> 0.23305085
B175: ENCERADO | C175: =COUNTIF(ESGOTO!S:S,"C") -> 164 | D175: =COUNTIF(ESGOTO!S:S,"NC") -> 0 | E175: =COUNTIF(ESGOTO!S:S,"SF") -> 68 | F175: =IFERROR(C175/(C175+D175+E175),"-") -> 0.70689655 | G175: =IFERROR(100%-F175,"-") -> 0.29310345
...

Sheet GRÁFICOS - FREGUESIA DO Ó
A2: POLO FREGUESIA DO Ó
A4: ACOMPANHAMENTO EM CAMPO
A5: ='DADOS - FREGUESIA DO Ó'!B4 -> Período: 01/03/2026 à 31/03/2026
A7: ÍNDICE TECNOLÓGICO
B20: O Índice Tecnológico pode ser obtido através da fórmula:
B22: IT = {[97 + 3 (Kc/100)] x Ks/100}
B24: Onde:
B25: IT = Índice Tecnológico
B26: Kc = Fator do Canteiro
B27: Ks = Média de Notas das LVs
B29: Estando acima de 80% o IT é considerado satisfatório.
A31: Nota: O Índice Tecnológico não foi calculado, pois a avaliação de Canteiro ainda não foi realizada.
A34: ACOMPANHAMENTO DE LISTAS DE VERIFICAÇÃO - LVS
B36: Índice de Conformidade (%) | E36: Quantidade de LVs
B51: TIPO DE SERVIÇO | C51: QUANTIDADE DE LVS ACIMA DE 80%
B52: Água | C52: 0
B53: Esgoto | C53: 0
B54: Reposição | C54: 0
A57: CONFORMIDADE POR CRITÉRIO DE AVALIAÇÃO
A84: OLHAR DIGITAL
A85: ='DADOS - FREGUESIA DO Ó'!B4 -> Período: 01/03/2026 à 31/03/2026
B86: ÍNDICE DE QUALIDADE SABESP - IQS (%) - MARÇO
B101: ÍNDICE DE QUALIDADE SABESP - IQS (%)
B102: Tipo de Serviço | C102: Fotos Avaliadas | D102: Fotos NC | E102: Fotos Conforme | F102: Não Conforme (%) | G102: Conforme (%)
B103: Água | C103: =D103+E103 -> 505 | D103: =COUNTIF(ÁGUA!AF:AF,"Nc") -> 140 | E103: =COUNTIF(ÁGUA!AF:AF,"c") -> 365 | F103: =IFERROR(D103/C103,"-") -> 0.27722772 | G103: =IFERROR(100%-F103,"-") -> 0.72277228
B104: Esgoto | C104: =D104+E104 -> 236 | D104: =COUNTIF(ESGOTO!AF:AF,"NC") -> 93 | E104: =COUNTIF(ESGOTO!AF:AF,"C") -> 143 | F104: =IFERROR(D104/C104,"-") -> 0.3940678 | G104: =IFERROR(100%-F104,"-") -> 0.6059322
B105: Cavalete | C105: =D105+E105 -> 536 | D105: =COUNTIF(CAVALETE!Z:Z,"nc") -> 106 | E105: =COUNTIF(CAVALETE!Z:Z,"C") -> 430 | F105: =IFERROR(D105/C105,"-") -> 0.19776119 | G105: =IFERROR(100%-F105,"-") -> 0.80223881
B106: Reposição | C106: =D106+E106 -> 23 | D106: =COUNTIF(REPOSIÇÃO!AF:AF,"nC") -> 16 | E106: =COUNTIF(REPOSIÇÃO!AF:AF,"c") -> 7 | F106: =IFERROR(D106/C106,"-") -> 0.69565217 | G106: =IFERROR(100%-F106,"-") -> 0.30434783
F107: IQS (%): | G107: =IFERROR(AVERAGE(G103,G104,G105,G106), "-") -> 0.60882278

Sheet GRÁFICOS - ÁGUA
A1: AMOSTRA
B3: EXECUTADOS | D3: AVALIADOS
B4: =COUNTIF(ÁGUA!A:A,"ONMF - DIV MANUT SERV OPE FREGUESIA") -> 562 | D4: ='DADOS - FREGUESIA DO Ó'!C26 -> 505
B5: VERIFICADOS | C5: (%) | D5: SEM EVIDÊNCIAS | E5: (%) | G5: =344/6 -> 57.333333
B6: ='DADOS - FREGUESIA DO Ó'!C26+'GRÁFICOS - ÁGUA'!D8 -> 562 | C6: =IFERROR(B6/B4,"-") -> 1 | D6: =COUNTIFS(ÁGUA!O:O,"SF",ÁGUA!Q:Q,"SF",ÁGUA!S:S,"SF",ÁGUA!U:U,"SF",ÁGUA!W:W,"SF",ÁGUA!Y:Y,"SF",ÁGUA!AC:AC,"SF",ÁGUA!AA:AA,"SF") -> 34 | E6: =IFERROR(D6/B4,"-") -> 0.060498221
B7: NÃO VERIFICADOS | C7: (%) | D7: NÃO SINCRONIZADOS | E7: (%)
B8: =B4-B6 -> 0 | C8: =IFERROR(B8/B4,"-") -> 0 | D8: =COUNTIFS(ÁGUA!O:O,"na",ÁGUA!Q:Q,"na",ÁGUA!S:S,"na",ÁGUA!U:U,"na",ÁGUA!W:W,"na",ÁGUA!Y:Y,"na",ÁGUA!AC:AC,"na",ÁGUA!AA:AA,"na") -> 57 | E8: =IFERROR(D8/B4,"-") -> 0.10142349
A11: RESULTADO
A40: AVALIAÇÃO DE MATERIAIS
A69: CONFORMIDADE POR ETAPAS DE SERVIÇO
A103: EQUIPES - CONFORMIDADES

Sheet ÁGUA
A1: Unidade Executante | B1: Número OS | C1: Descrição TSS | D1: Família | E1: Município | F1: Endereço | G1: Número | H1: Complemento | I1: Bairro | J1: Resultado | K1: Nota Execução/Não Execução | L1: Data Início Execução | M1: Data Fim Execução | N1: EQUIPE | O1: FACHADA | P1: Observação Fachada | Q1: SINALIZAÇÃO | R1: Observação Sinalização | S1: ENCERADO | T1: Observação encerado | U1: GEOMETRIA | V1: Observação Geometria | W1: BERÇO DE AREIA | X1: Observação Berço de Areia | Y1: ESTANQUEIDADE | Z1: Observaçao Estanqueidade | AA1: .COMPACTAÇÃO | AB1: Observação Compactação | AC1: FINALIZAÇÃO | AD1: Observação Finalização | AE1: Tempo de execução | AF1: Sequência de Fotos | AG1: Observações | AH1: Baixa de materias | AI1: POLO | AJ1: MUNICÍPIO | AK1: CARACTERÍSTICA DO SERVIÇO
A2: ONMF - DIV MANUT SERV OPE FREGUESIA | B2: 2617563355 | C2: INTERLIGAR REDE DE ÁGUA | D2: REDE DE ÁGUA | E2: SÃO PAULO | F2: RUA CAROLINA SOARES | G2: 465 | I2: V DIVA | J2: INTERLIGAÇÃO DE REDE DE AGUA | K2: Rede 225 | L2: 46058.25 | M2: 46058.251 | N2: ROMERO FRANCISCO DOS SANTOS | O2: C | Q2: C | S2: C | U2: C | W2: SF | Y2: NA | AA2: C | AC2: C | AE2: C | AF2: =IF(AND(O2="",Q2="",S2="",U2="",W2="",Y2="",AA2="",AC2=""),"",IF(OR(AND(O2<>"NA",O2<>"C",O2<>"NC",O2<>"SF",O2<>""),AND(Q2<>"NA",Q2<>"C",Q2<>"NC",Q2<>"SF",Q2<>""),AND(S2<>"NA",S2<>"C",S2<>"NC",S2<>"SF",S2<>""),AND(U2<>"NA",U2<>"C",U2<>"NC",U2<>"SF",U2<>""),AND(W2<>"NA",W2<>"C",W2<>"NC",W2<>"SF",W2<>""),AND(Y2<>"NA",Y2<>"C",Y2<>"NC",Y2<>"SF",Y2<>""),AND(AA2<>"NA",AA2<>"C",AA2<>"NC",AA2<>"SF",AA2<>""),AND(AC2<>"NA",AC2<>"C",AC2<>"NC",AC2<>"SF",AC2<>"")),"FALSO",IF(AND(O2="NA",Q2="NA",S2="NA",U2="NA",W2="NA",Y2="NA",AA2="NA",AC2="NA"),"NA",IF(OR(O2="NC",Q2="NC",S2="NC",U2="NC",W2="NC",Y2="NC",AA2="NC",AC2="NC",O2="SF",Q2="SF",S2="SF",U2="SF",W2="SF",Y2="SF",AA2="SF",AC2="SF"),"NC",IF(OR(O2="C",Q2="C",S2="C",U2="C",W2="C",Y2="C",AA2="C",AC2="C"),"C",""))))) -> NC | AG2: =IF(AND(AE2="C",AF2="C"),"UTILIZOU O PDA CORRETAMENTE",IF(AND(AE2="C",AF2="NC"),"UTILIZOU O PDA CORRETAMENTE. NÃO HÁ FOTOS DE TODAS AS ETAPAS",IF(AND(AE2="NC",AF2="NC"),"NÃO UTILIZOU O PDA",IF(AND(AE2="NA",AF2="NA"),"NÃO AVALIADO POR FALHA DE SINCRONISMO")))) -> UTILIZOU O PDA CORRETAMENTE. NÃO HÁ FOTOS DE TODAS AS ETAPAS | AH2: C | AI2: FREGUESIA DO Ó | AJ2: =E2 -> SÃO PAULO | AK2: ÁGUA
A3: ONMF - DIV MANUT SERV OPE FREGUESIA | B3: 2617564324 | C3: INSTALAR VÁLVULA DE REDE DE ÁGUA | D3: REDE DE ÁGUA | E3: SÃO PAULO | F3: RUA ROCHA LIMA | G3: 411 | I3: SITIO DO MORRO | J3: INSTALADA VALVULA DE REDE DE AGUA | K3: sem requadramento da vala rua paralelepípedo | L3: 46027.355 | M3: 46027.358 | N3: RAIMUNDO DA EXALTACAO | O3: C | Q3: C | S3: C | U3: C | W3: C | Y3: NA | AA3: C | AC3: C | AE3: C | AF3: =IF(AND(O3="",Q3="",S3="",U3="",W3="",Y3="",AA3="",AC3=""),"",IF(OR(AND(O3<>"NA",O3<>"C",O3<>"NC",O3<>"SF",O3<>""),AND(Q3<>"NA",Q3<>"C",Q3<>"NC",Q3<>"SF",Q3<>""),AND(S3<>"NA",S3<>"C",S3<>"NC",S3<>"SF",S3<>""),AND(U3<>"NA",U3<>"C",U3<>"NC",U3<>"SF",U3<>""),AND(W3<>"NA",W3<>"C",W3<>"NC",W3<>"SF",W3<>""),AND(Y3<>"NA",Y3<>"C",Y3<>"NC",Y3<>"SF",Y3<>""),AND(AA3<>"NA",AA3<>"C",AA3<>"NC",AA3<>"SF",AA3<>""),AND(AC3<>"NA",AC3<>"C",AC3<>"NC",AC3<>"SF",AC3<>"")),"FALSO",IF(AND(O3="NA",Q3="NA",S3="NA",U3="NA",W3="NA",Y3="NA",AA3="NA",AC3="NA"),"NA",IF(OR(O3="NC",Q3="NC",S3="NC",U3="NC",W3="NC",Y3="NC",AA3="NC",AC3="NC",O3="SF",Q3="SF",S3="SF",U3="SF",W3="SF",Y3="SF",AA3="SF",AC3="SF"),"NC",IF(OR(O3="C",Q3="C",S3="C",U3="C",W3="C",Y3="C",AA3="C",AC3="C"),"C",""))))) -> C | AG3: =IF(AND(AE3="C",AF3="C"),"UTILIZOU O PDA CORRETAMENTE",IF(AND(AE3="C",AF3="NC"),"UTILIZOU O PDA CORRETAMENTE. NÃO HÁ FOTOS DE TODAS AS ETAPAS",IF(AND(AE3="NC",AF3="NC"),"NÃO UTILIZOU O PDA",IF(AND(AE3="NA",AF3="NA"),"NÃO AVALIADO POR FALHA DE SINCRONISMO")))) -> UTILIZOU O PDA CORRETAMENTE | AH3: C | AI3: FREGUESIA DO Ó | AJ3: =E3 -> SÃO PAULO | AK3: ÁGUA
A4: ONMF - DIV MANUT SERV OPE FREGUESIA | B4: 2617975642 | C4: NIVELAR CAIXA DE PARADA | D4: REDE DE ÁGUA | E4: SÃO PAULO | F4: RUA DOUTOR SALLES MALHEIROS | G4: 220 | H4: A C/1 | I4: JD PERI | J4: NIVELADA CAIXA DE PARADA | L4: 46027.395 | M4: 46027.399 | N4: LUIZ CARLOS DA SILVA | O4: C | Q4: C | S4: C | U4: NA | W4: NA | Y4: NA | AA4: C | AC4: C | AE4: C | AF4: =IF(AND(O4="",Q4="",S4="",U4="",W4="",Y4="",AA4="",AC4=""),"",IF(OR(AND(O4<>"NA",O4<>"C",O4<>"NC",O4<>"SF",O4<>""),AND(Q4<>"NA",Q4<>"C",Q4<>"NC",Q4<>"SF",Q4<>""),AND(S4<>"NA",S4<>"C",S4<>"NC",S4<>"SF",S4<>""),AND(U4<>"NA",U4<>"C",U4<>"NC",U4<>"SF",U4<>""),AND(W4<>"NA",W4<>"C",W4<>"NC",W4<>"SF",W4<>""),AND(Y4<>"NA",Y4<>"C",Y4<>"NC",Y4<>"SF",Y4<>""),AND(AA4<>"NA",AA4<>"C",AA4<>"NC",AA4<>"SF",AA4<>""),AND(AC4<>"NA",AC4<>"C",AC4<>"NC",AC4<>"SF",AC4<>"")),"FALSO",IF(AND(O4="NA",Q4="NA",S4="NA",U4="NA",W4="NA",Y4="NA",AA4="NA",AC4="NA"),"NA",IF(OR(O4="NC",Q4="NC",S4="NC",U4="NC",W4="NC",Y4="NC",AA4="NC",AC4="NC",O4="SF",Q4="SF",S4="SF",U4="SF",W4="SF",Y4="SF",AA4="SF",AC4="SF"),"NC",IF(OR(O4="C",Q4="C",S4="C",U4="C",W4="C",Y4="C",AA4="C",AC4="C"),"C",""))))) -> C | AG4: =IF(AND(AE4="C",AF4="C"),"UTILIZOU O PDA CORRETAMENTE",IF(AND(AE4="C",AF4="NC"),"UTILIZOU O PDA CORRETAMENTE. NÃO HÁ FOTOS DE TODAS AS ETAPAS",IF(AND(AE4="NC",AF4="NC"),"NÃO UTILIZOU O PDA",IF(AND(AE4="NA",AF4="NA"),"NÃO AVALIADO POR FALHA DE SINCRONISMO")))) -> UTILIZOU O PDA CORRETAMENTE | AH4: C | AI4: FREGUESIA DO Ó | AJ4: =E4 -> SÃO PAULO | AK4: ÁGUA
A5: ONMF - DIV MANUT SERV OPE FREGUESIA | B5: 2692044832 | C5: VAZAMENTO DE ÁGUA COM INFILTRAÇÃO | D5: VAZAMENTO DE ÁGUA | E5: SÃO PAULO | F5: RUA EDUARDO LUIS TRINDADE | G5: 717 | I5: VL ESPANHOLA | J5: SUPRIMIDO RAMAL DE AGUA ABANDONADO | L5: 46027.417 | M5: 46027.424 | N5: LUIZ FERNANDO DIAS BARBOSA DE ALMEIDA | O5: C | Q5: C | S5: C | U5: C | W5: C | Y5: NA | AA5: C | AC5: C | AE5: C | AF5: =IF(AND(O5="",Q5="",S5="",U5="",W5="",Y5="",AA5="",AC5=""),"",IF(OR(AND(O5<>"NA",O5<>"C",O5<>"NC",O5<>"SF",O5<>""),AND(Q5<>"NA",Q5<>"C",Q5<>"NC",Q5<>"SF",Q5<>""),AND(S5<>"NA",S5<>"C",S5<>"NC",S5<>"SF",S5<>""),AND(U5<>"NA",U5<>"C",U5<>"NC",U5<>"SF",U5<>""),AND(W5<>"NA",W5<>"C",W5<>"NC",W5<>"SF",W5<>""),AND(Y5<>"NA",Y5<>"C",Y5<>"NC",Y5<>"SF",Y5<>""),AND(AA5<>"NA",AA5<>"C",AA5<>"NC",AA5<>"SF",AA5<>""),AND(AC5<>"NA",AC5<>"C",AC5<>"NC",AC5<>"SF",AC5<>"")),"FALSO",IF(AND(O5="NA",Q5="NA",S5="NA",U5="NA",W5="NA",Y5="NA",AA5="NA",AC5="NA"),"NA",IF(OR(O5="NC",Q5="NC",S5="NC",U5="NC",W5="NC",Y5="NC",AA5="NC",AC5="NC",O5="SF",Q5="SF",S5="SF",U5="SF",W5="SF",Y5="SF",AA5="SF",AC5="SF"),"NC",IF(OR(O5="C",Q5="C",S5="C",U5="C",W5="C",Y5="C",AA5="C",AC5="C"),"C",""))))) -> C | AG5: =IF(AND(AE5="C",AF5="C"),"UTILIZOU O PDA CORRETAMENTE",IF(AND(AE5="C",AF5="NC"),"UTILIZOU O PDA CORRETAMENTE. NÃO HÁ FOTOS DE TODAS AS ETAPAS",IF(AND(AE5="NC",AF5="NC"),"NÃO UTILIZOU O PDA",IF(AND(AE5="NA",AF5="NA"),"NÃO AVALIADO POR FALHA DE SINCRONISMO")))) -> UTILIZOU O PDA CORRETAMENTE | AH5: C | AI5: FREGUESIA DO Ó | AJ5: =E5 -> SÃO PAULO | AK5: ÁGUA
A6: ONMF - DIV MANUT SERV OPE FREGUESIA | B6: 2618125401 | C6: VAZAMENTO DE ÁGUA NO PASSEIO | D6: VAZAMENTO DE ÁGUA | E6: SÃO PAULO | F6: RUA NATIVIDADE DA SERRA | G6: 289 | I6: VL NOVA CACHOEIRINHA | J6: SUPRIMIDO RAMAL DE AGUA ABANDONADO | K6: suprimido no cavalete imóvel abandonado | L6: 46027.576 | M6: 46027.583 | N6: RAIMUNDO DA EXALTACAO | O6: NA | Q6: NA | S6: NA | U6: NA | W6: NA | Y6: NA | AA6: NA | AC6: NA | AD6: suprimido no cavalete imóvel abandonado | AE6: NA | AF6: =IF(AND(O6="",Q6="",S6="",U6="",W6="",Y6="",AA6="",AC6=""),"",IF(OR(AND(O6<>"NA",O6<>"C",O6<>"NC",O6<>"SF",O6<>""),AND(Q6<>"NA",Q6<>"C",Q6<>"NC",Q6<>"SF",Q6<>""),AND(S6<>"NA",S6<>"C",S6<>"NC",S6<>"SF",S6<>""),AND(U6<>"NA",U6<>"C",U6<>"NC",U6<>"SF",U6<>""),AND(W6<>"NA",W6<>"C",W6<>"NC",W6<>"SF",W6<>""),AND(Y6<>"NA",Y6<>"C",Y6<>"NC",Y6<>"SF",Y6<>""),AND(AA6<>"NA",AA6<>"C",AA6<>"NC",AA6<>"SF",AA6<>""),AND(AC6<>"NA",AC6<>"C",AC6<>"NC",AC6<>"SF",AC6<>"")),"FALSO",IF(AND(O6="NA",Q6="NA",S6="NA",U6="NA",W6="NA",Y6="NA",AA6="NA",AC6="NA"),"NA",IF(OR(O6="NC",Q6="NC",S6="NC",U6="NC",W6="NC",Y6="NC",AA6="NC",AC6="NC",O6="SF",Q6="SF",S6="SF",U6="SF",W6="SF",Y6="SF",AA6="SF",AC6="SF"),"NC",IF(OR(O6="C",Q6="C",S6="C",U6="C",W6="C",Y6="C",AA6="C",AC6="C"),"C",""))))) -> NA | AG6: =IF(AND(AE6="C",AF6="C"),"UTILIZOU O PDA CORRETAMENTE",IF(AND(AE6="C",AF6="NC"),"UTILIZOU O PDA CORRETAMENTE. NÃO HÁ FOTOS DE TODAS AS ETAPAS",IF(AND(AE6="NC",AF6="NC"),"NÃO UTILIZOU O PDA",IF(AND(AE6="NA",AF6="NA"),"NÃO AVALIADO POR FALHA DE SINCRONISMO")))) -> NÃO AVALIADO POR FALHA DE SINCRONISMO | AI6: FREGUESIA DO Ó | AJ6: =E6 -> SÃO PAULO | AK6: ÁGUA
A7: ONMF - DIV MANUT SERV OPE FREGUESIA | B7: 2618175841 | C7: VAZAMENTO DE ÁGUA NÃO VISÍVEL RAMAL | D7: VAZAMENTO DE ÁGUA | E7: SÃO PAULO | F7: RUA VELOSO DA FONSECA | G7: 55 | H7: C/1 | I7: V ALBERTINA | J7: SUPRIMIDO RAMAL AGUA ABAND NÃO VISIVEL | K7: sem reposição | L7: 46027.628 | M7: 46027.659 | N7: GENILSON MARTINS FERNANDES | O7: C | Q7: C | S7: C | U7: C | W7: C | Y7: NA | AA7: C | AC7: C | AE7: C | AF7: =IF(AND(O7="",Q7="",S7="",U7="",W7="",Y7="",AA7="",AC7=""),"",IF(OR(AND(O7<>"NA",O7<>"C",O7<>"NC",O7<>"SF",O7<>""),AND(Q7<>"NA",Q7<>"C",Q7<>"NC",Q7<>"SF",Q7<>""),AND(S7<>"NA",S7<>"C",S7<>"NC",S7<>"SF",S7<>""),AND(U7<>"NA",U7<>"C",U7<>"NC",U7<>"SF",U7<>""),AND(W7<>"NA",W7<>"C",W7<>"NC",W7<>"SF",W7<>""),AND(Y7<>"NA",Y7<>"C",Y7<>"NC",Y7<>"SF",Y7<>""),AND(AA7<>"NA",AA7<>"C",AA7<>"NC",AA7<>"SF",AA7<>""),AND(AC7<>"NA",AC7<>"C",AC7<>"NC",AC7<>"SF",AC7<>"")),"FALSO",IF(AND(O7="NA",Q7="NA",S7="NA",U7="NA",W7="NA",Y7="NA",AA7="NA",AC7="NA"),"NA",IF(OR(O7="NC",Q7="NC",S7="NC",U7="NC",W7="NC",Y7="NC",AA7="NC",AC7="NC",O7="SF",Q7="SF",S7="SF",U7="SF",W7="SF",Y7="SF",AA7="SF",AC7="SF"),"NC",IF(OR(O7="C",Q7="C",S7="C",U7="C",W7="C",Y7="C",AA7="C",AC7="C"),"C",""))))) -> C | AG7: =IF(AND(AE7="C",AF7="C"),"UTILIZOU O PDA CORRETAMENTE",IF(AND(AE7="C",AF7="NC"),"UTILIZOU O PDA CORRETAMENTE. NÃO HÁ FOTOS DE TODAS AS ETAPAS",IF(AND(AE7="NC",AF7="NC"),"NÃO UTILIZOU O PDA",IF(AND(AE7="NA",AF7="NA"),"NÃO AVALIADO POR FALHA DE SINCRONISMO")))) -> UTILIZOU O PDA CORRETAMENTE | AH7: C | AI7: FREGUESIA DO Ó | AJ7: =E7 -> SÃO PAULO | AK7: ÁGUA
A8: ONMF - DIV MANUT SERV OPE FREGUESIA | B8: 2618305876 | C8: TROCAR RAMAL DE ÁGUA PREVENTIVA | D8: RAMAL DE ÁGUA | E8: SÃO PAULO | F8: RUA ATAQUE | G8: 30 | I8: VL ESMERALDA | J8: TROCA DE RAMAL DE AGUA PREVENTIVA | K8: fotos estão nessa OS 2617309333 reposição em obra | L8: 46027.622 | M8: 46027.625 | N8: IZAQUEU FERREIRA DE SOUSA | O8: C | Q8: C | S8: C | U8: C | W8: C | Y8: C | AA8: C | AC8: C | AE8: C | AF8: =IF(AND(O8="",Q8="",S8="",U8="",W8="",Y8="",AA8="",AC8=""),"",IF(OR(AND(O8<>"NA",O8<>"C",O8<>"NC",O8<>"SF",O8<>""),AND(Q8<>"NA",Q8<>"C",Q8<>"NC",Q8<>"SF",Q8<>""),AND(S8<>"NA",S8<>"C",S8<>"NC",S8<>"SF",S8<>""),AND(U8<>"NA",U8<>"C",U8<>"NC",U8<>"SF",U8<>""),AND(W8<>"NA",W8<>"C",W8<>"NC",W8<>"SF",W8<>""),AND(Y8<>"NA",Y8<>"C",Y8<>"NC",Y8<>"SF",Y8<>""),AND(AA8<>"NA",AA8<>"C",AA8<>"NC",AA8<>"SF",AA8<>""),AND(AC8<>"NA",AC8<>"C",AC8<>"NC",AC8<>"SF",AC8<>"")),"FALSO",IF(AND(O8="NA",Q8="NA",S8="NA",U8="NA",W8="NA",Y8="NA",AA8="NA",AC8="NA"),"NA",IF(OR(O8="NC",Q8="NC",S8="NC",U8="NC",W8="NC",Y8="NC",AA8="NC",AC8="NC",O8="SF",Q8="SF",S8="SF",U8="SF",W8="SF",Y8="SF",AA8="SF",AC8="SF"),"NC",IF(OR(O8="C",Q8="C",S8="C",U8="C",W8="C",Y8="C",AA8="C",AC8="C"),"C",""))))) -> C | AG8: =IF(AND(AE8="C",AF8="C"),"UTILIZOU O PDA CORRETAMENTE",IF(AND(AE8="C",AF8="NC"),"UTILIZOU O PDA CORRETAMENTE. NÃO HÁ FOTOS DE TODAS AS ETAPAS",IF(AND(AE8="NC",AF8="NC"),"NÃO UTILIZOU O PDA",IF(AND(AE8="NA",AF8="NA"),"NÃO AVALIADO POR FALHA DE SINCRONISMO")))) -> UTILIZOU O PDA CORRETAMENTE | AH8: C | AI8: FREGUESIA DO Ó | AJ8: =E8 -> SÃO PAULO | AK8: ÁGUA
A9: ONMF - DIV MANUT SERV OPE FREGUESIA | B9: 2692041383 | C9: SONDAR RAMAL DE ÁGUA | D9: OUTROS SERVIÇOS DE ÁGUA | E9: SÃO PAULO | F9: RUA QUARTIM BARBOSA | G9: 134 | I9: V STA MARIA | J9: SONDAGEM DE RAMAL DE AGUA | L9: 46027.468 | M9: 46027.474 | N9: LUIZ FERNANDO DIAS BARBOSA DE ALMEIDA | O9: C | Q9: C | S9: C | U9: C | W9: C | Y9: NA | AA9: C | AC9: NC | AD9: AUSÊNCIA DE RÉGUA, TRENA E CARIMBO | AE9: C | AF9: =IF(AND(O9="",Q9="",S9="",U9="",W9="",Y9="",AA9="",AC9=""),"",IF(OR(AND(O9<>"NA",O9<>"C",O9<>"NC",O9<>"SF",O9<>""),AND(Q9<>"NA",Q9<>"C",Q9<>"NC",Q9<>"SF",Q9<>""),AND(S9<>"NA",S9<>"C",S9<>"NC",S9<>"SF",S9<>""),AND(U9<>"NA",U9<>"C",U9<>"NC",U9<>"SF",U9<>""),AND(W9<>"NA",W9<>"C",W9<>"NC",W9<>"SF",W9<>""),AND(Y9<>"NA",Y9<>"C",Y9<>"NC",Y9<>"SF",Y9<>""),AND(AA9<>"NA",AA9<>"C",AA9<>"NC",AA9<>"SF",AA9<>""),AND(AC9<>"NA",AC9<>"C",AC9<>"NC",AC9<>"SF",AC9<>"")),"FALSO",IF(AND(O9="NA",Q9="NA",S9="NA",U9="NA",W9="NA",Y9="NA",AA9="NA",AC9="NA"),"NA",IF(OR(O9="NC",Q9="NC",S9="NC",U9="NC",W9="NC",Y9="NC",AA9="NC",AC9="NC",O9="SF",Q9="SF",S9="SF",U9="SF",W9="SF",Y9="SF",AA9="SF",AC9="SF"),"NC",IF(OR(O9="C",Q9="C",S9="C",U9="C",W9="C",Y9="C",AA9="C",AC9="C"),"C",""))))) -> NC | AG9: =IF(AND(AE9="C",AF9="C"),"UTILIZOU O PDA CORRETAMENTE",IF(AND(AE9="C",AF9="NC"),"UTILIZOU O PDA CORRETAMENTE. NÃO HÁ FOTOS DE TODAS AS ETAPAS",IF(AND(AE9="NC",AF9="NC"),"NÃO UTILIZOU O PDA",IF(AND(AE9="NA",AF9="NA"),"NÃO AVALIADO POR FALHA DE SINCRONISMO")))) -> UTILIZOU O PDA CORRETAMENTE. NÃO HÁ FOTOS DE TODAS AS ETAPAS | AI9: FREGUESIA DO Ó | AJ9: =E9 -> SÃO PAULO | AK9: ÁGUA
A10: ONMF - DIV MANUT SERV OPE FREGUESIA | B10: 2617950354 | C10: TROCAR RAMAL DE ÁGUA - VAZ NÃO VISIVEL | D10: VAZAMENTO DE ÁGUA | E10: SÃO PAULO | F10: RUA MANUEL MADRUGA | G10: 72 | I10: VL MANOEL LOPES | J10: TROCA DE RAMAL DE AGUA NÃO VISIVEL | K10: as fotos tá na o.s 2617950354, mais ccv | L10: 46027.499 | M10: 46027.501 | N10: GENILSON MARTINS FERNANDES | O10: C | Q10: SF | S10: SF | U10: SF | W10: SF | Y10: SF | AA10: SF | AC10: SF | AE10: NC | AF10: =IF(AND(O10="",Q10="",S10="",U10="",W10="",Y10="",AA10="",AC10=""),"",IF(OR(AND(O10<>"NA",O10<>"C",O10<>"NC",O10<>"SF",O10<>""),AND(Q10<>"NA",Q10<>"C",Q10<>"NC",Q10<>"SF",Q10<>""),AND(S10<>"NA",S10<>"C",S10<>"NC",S10<>"SF",S10<>""),AND(U10<>"NA",U10<>"C",U10<>"NC",U10<>"SF",U10<>""),AND(W10<>"NA",W10<>"C",W10<>"NC",W10<>"SF",W10<>""),AND(Y10<>"NA",Y10<>"C",Y10<>"NC",Y10<>"SF",Y10<>""),AND(AA10<>"NA",AA10<>"C",AA10<>"NC",AA10<>"SF",AA10<>""),AND(AC10<>"NA",AC10<>"C",AC10<>"NC",AC10<>"SF",AC10<>"")),"FALSO",IF(AND(O10="NA",Q10="NA",S10="NA",U10="NA",W10="NA",Y10="NA",AA10="NA",AC10="NA"),"NA",IF(OR(O10="NC",Q10="NC",S10="NC",U10="NC",W10="NC",Y10="NC",AA10="NC",AC10="NC",O10="SF",Q10="SF",S10="SF",U10="SF",W10="SF",Y10="SF",AA10="SF",AC10="SF"),"NC",IF(OR(O10="C",Q10="C",S10="C",U10="C",W10="C",Y10="C",AA10="C",AC10="C"),"C",""))))) -> NC | AG10: =IF(AND(AE10="C",AF10="C"),"UTILIZOU O PDA CORRETAMENTE",IF(AND(AE10="C",AF10="NC"),"UTILIZOU O PDA CORRETAMENTE. NÃO HÁ FOTOS DE TODAS AS ETAPAS",IF(AND(AE10="NC",AF10="NC"),"NÃO UTILIZOU O PDA",IF(AND(AE10="NA",AF10="NA"),"NÃO AVALIADO POR FALHA DE SINCRONISMO")))) -> NÃO UTILIZOU O PDA | AH10: C | AI10: FREGUESIA DO Ó | AJ10: =E10 -> SÃO PAULO | AK10: ÁGUA
A11: ONMF - DIV MANUT SERV OPE FREGUESIA | B11: 2618310074 | C11: TROCAR RAMAL DE ÁGUA - VAZ NÃO VISIVEL | D11: VAZAMENTO DE ÁGUA | E11: SÃO PAULO | F11: RUA ESTADO DE RONDONIA | G11: 281 | I11: JD CIDADE PIRITUBA | J11: TROCA DE RAMAL DE AGUA NÃO VISIVEL | K11: fotos na os 2691986722 | L11: 46027.625 | M11: 46027.628 | N11: FRANCISCO CARLOS LEITE DA SILVA | O11: C | Q11: C | S11: C | U11: C | W11: C | Y11: C | AA11: C | AC11: C | AE11: C | AF11: =IF(AND(O11="",Q11="",S11="",U11="",W11="",Y11="",AA11="",AC11=""),"",IF(OR(AND(O11<>"NA",O11<>"C",O11<>"NC",O11<>"SF",O11<>""),AND(Q11<>"NA",Q11<>"C",Q11<>"NC",Q11<>"SF",Q11<>""),AND(S11<>"NA",S11<>"C",S11<>"NC",S11<>"SF",S11<>""),AND(U11<>"NA",U11<>"C",U11<>"NC",U11<>"SF",U11<>""),AND(W11<>"NA",W11<>"C",W11<>"NC",W11<>"SF",W11<>""),AND(Y11<>"NA",Y11<>"C",Y11<>"NC",Y11<>"SF",Y11<>""),AND(AA11<>"NA",AA11<>"C",AA11<>"NC",AA11<>"SF",AA11<>""),AND(AC11<>"NA",AC11<>"C",AC11<>"NC",AC11<>"SF",AC11<>"")),"FALSO",IF(AND(O11="NA",Q11="NA",S11="NA",U11="NA",W11="NA",Y11="NA",AA11="NA",AC11="NA"),"NA",IF(OR(O11="NC",Q11="NC",S11="NC",U11="NC",W11="NC",Y11="NC",AA11="NC",AC11="NC",O11="SF",Q11="SF",S11="SF",U11="SF",W11="SF",Y11="SF",AA11="SF",AC11="SF"),"NC",IF(OR(O11="C",Q11="C",S11="C",U11="C",W11="C",Y11="C",AA11="C",AC11="C"),"C",""))))) -> C | AG11: =IF(AND(AE11="C",AF11="C"),"UTILIZOU O PDA CORRETAMENTE",IF(AND(AE11="C",AF11="NC"),"UTILIZOU O PDA CORRETAMENTE. NÃO HÁ FOTOS DE TODAS AS ETAPAS",IF(AND(AE11="NC",AF11="NC"),"NÃO UTILIZOU O PDA",IF(AND(AE11="NA",AF11="NA"),"NÃO AVALIADO POR FALHA DE SINCRONISMO")))) -> UTILIZOU O PDA CORRETAMENTE | AH11: C | AI11: FREGUESIA DO Ó | AJ11: =E11 -> SÃO PAULO | AK11: ÁGUA
A12: ONMF - DIV MANUT SERV OPE FREGUESIA | B12: 2617963666 | C12: INCLUIR LIG DE ÁGUA EM CAV MÚLTIPLO S/V | D12: LIGAÇÃO DE ÁGUA | E12: SÃO PAULO | F12: RUA CACHOEIRA DOS ANTUNES | G12: 133 | H12: C/5 | I12: VL DIONISIA | J12: INCLUSÃO DE LIG DE AGUA EM CAV MULT S/V | K12: feita uma ligação ária de risco viela viela em obras criete vai fazer | L12: 46058.428 | M12: 46058.431 | N12: ADECARLOS DE SOUSA SANTOS | O12: SF | Q12: SF | S12: SF | U12: SF | W12: SF | Y12: SF | AA12: SF | AC12: SF | AE12: NC | AF12: =IF(AND(O12="",Q12="",S12="",U12="",W12="",Y12="",AA12="",AC12=""),"",IF(OR(AND(O12<>"NA",O12<>"C",O12<>"NC",O12<>"SF",O12<>""),AND(Q12<>"NA",Q12<>"C",Q12<>"NC",Q12<>"SF",Q12<>""),AND(S12<>"NA",S12<>"C",S12<>"NC",S12<>"SF",S12<>""),AND(U12<>"NA",U12<>"C",U12<>"NC",U12<>"SF",U12<>""),AND(W12<>"NA",W12<>"C",W12<>"NC",W12<>"SF",W12<>""),AND(Y12<>"NA",Y12<>"C",Y12<>"NC",Y12<>"SF",Y12<>""),AND(AA12<>"NA",AA12<>"C",AA12<>"NC",AA12<>"SF",AA12<>""),AND(AC12<>"NA",AC12<>"C",AC12<>"NC",AC12<>"SF",AC12<>"")),"FALSO",IF(AND(O12="NA",Q12="NA",S12="NA",U12="NA",W12="NA",Y12="NA",AA12="NA",AC12="NA"),"NA",IF(OR(O12="NC",Q12="NC",S12="NC",U12="NC",W12="NC",Y12="NC",AA12="NC",AC12="NC",O12="SF",Q12="SF",S12="SF",U12="SF",W12="SF",Y12="SF",AA12="SF",AC12="SF"),"NC",IF(OR(O12="C",Q12="C",S12="C",U12="C",W12="C",Y12="C",AA12="C",AC12="C"),"C",""))))) -> NC | AG12: =IF(AND(AE12="C",AF12="C"),"UTILIZOU O PDA CORRETAMENTE",IF(AND(AE12="C",AF12="NC"),"UTILIZOU O PDA CORRETAMENTE. NÃO HÁ FOTOS DE TODAS AS ETAPAS",IF(AND(AE12="NC",AF12="NC"),"NÃO UTILIZOU O PDA",IF(AND(AE12="NA",AF12="NA"),"NÃO AVALIADO POR FALHA DE SINCRONISMO")))) -> NÃO UTILIZOU O PDA | AH12: C | AI12: FREGUESIA DO Ó | AJ12: =E12 -> SÃO PAULO | AK12: ÁGUA
A13: ONMF - DIV MANUT SERV OPE FREGUESIA | B13: 2618378189 | C13: VAZAMENTO DE ÁGUA LEITO PAVIMENTADO | D13: VAZAMENTO DE ÁGUA | E13: SÃO PAULO | F13: AVENIDA SANTA INES | G13: 836 | H13: POCO LEIT. | I13: MANDAQUI | J13: SUPRIMIDO RAMAL DE AGUA ABANDONADO | L13: 46058.396 | M13: 46058.471 | N13: GENILSON MARTINS FERNANDES | O13: C | Q13: C | S13: C | U13: C | W13: C | Y13: NA | AA13: C | AC13: C | AE13: C | AF13: =IF(AND(O13="",Q13="",S13="",U13="",W13="",Y13="",AA13="",AC13=""),"",IF(OR(AND(O13<>"NA",O13<>"C",O13<>"NC",O13<>"SF",O13<>""),AND(Q13<>"NA",Q13<>"C",Q13<>"NC",Q13<>"SF",Q13<>""),AND(S13<>"NA",S13<>"C",S13<>"NC",S13<>"SF",S13<>""),AND(U13<>"NA",U13<>"C",U13<>"NC",U13<>"SF",U13<>""),AND(W13<>"NA",W13<>"C",W13<>"NC",W13<>"SF",W13<>""),AND(Y13<>"NA",Y13<>"C",Y13<>"NC",Y13<>"SF",Y13<>""),AND(AA13<>"NA",AA13<>"C",AA13<>"NC",AA13<>"SF",AA13<>""),AND(AC13<>"NA",AC13<>"C",AC13<>"NC",AC13<>"SF",AC13<>"")),"FALSO",IF(AND(O13="NA",Q13="NA",S13="NA",U13="NA",W13="NA",Y13="NA",AA13="NA",AC13="NA"),"NA",IF(OR(O13="NC",Q13="NC",S13="NC",U13="NC",W13="NC",Y13="NC",AA13="NC",AC13="NC",O13="SF",Q13="SF",S13="SF",U13="SF",W13="SF",Y13="SF",AA13="SF",AC13="SF"),"NC",IF(OR(O13="C",Q13="C",S13="C",U13="C",W13="C",Y13="C",AA13="C",AC13="C"),"C",""))))) -> C | AG13: =IF(AND(AE13="C",AF13="C"),"UTILIZOU O PDA CORRETAMENTE",IF(AND(AE13="C",AF13="NC"),"UTILIZOU O PDA CORRETAMENTE. NÃO HÁ FOTOS DE TODAS AS ETAPAS",IF(AND(AE13="NC",AF13="NC"),"NÃO UTILIZOU O PDA",IF(AND(AE13="NA",AF13="NA"),"NÃO AVALIADO POR FALHA DE SINCRONISMO")))) -> UTILIZOU O PDA CORRETAMENTE | AH13: C | AI13: FREGUESIA DO Ó | AJ13: =E13 -> SÃO PAULO | AK13: ÁGUA
A14: ONMF - DIV MANUT SERV OPE FREGUESIA | B14: 2617563429 | C14: INSTALAR VÁLVULA DE REDE DE ÁGUA | D14: REDE DE ÁGUA | E14: SÃO PAULO | F14: RUA CAROLINA SOARES | G14: 465 | I14: V DIVA | J14: INSTALADA VALVULA DE REDE DE AGUA | K14: FOTOS E REPOSIÇÃO NA OS 2617563355 REDE 225 | L14: 46058.25 | M14: 46058.251 | N14: ROMERO FRANCISCO DOS SANTOS | O14: C | Q14: C | S14: C | U14: C | W14: SF | Y14: NA | AA14: C | AC14: C | AE14: C | AF14: =IF(AND(O14="",Q14="",S14="",U14="",W14="",Y14="",AA14="",AC14=""),"",IF(OR(AND(O14<>"NA",O14<>"C",O14<>"NC",O14<>"SF",O14<>""),AND(Q14<>"NA",Q14<>"C",Q14<>"NC",Q14<>"SF",Q14<>""),AND(S14<>"NA",S14<>"C",S14<>"NC",S14<>"SF",S14<>""),AND(U14<>"NA",U14<>"C",U14<>"NC",U14<>"SF",U14<>""),AND(W14<>"NA",W14<>"C",W14<>"NC",W14<>"SF",W14<>""),AND(Y14<>"NA",Y14<>"C",Y14<>"NC",Y14<>"SF",Y14<>""),AND(AA14<>"NA",AA14<>"C",AA14<>"NC",AA14<>"SF",AA14<>""),AND(AC14<>"NA",AC14<>"C",AC14<>"NC",AC14<>"SF",AC14<>"")),"FALSO",IF(AND(O14="NA",Q14="NA",S14="NA",U14="NA",W14="NA",Y14="NA",AA14="NA",AC14="NA"),"NA",IF(OR(O14="NC",Q14="NC",S14="NC",U14="NC",W14="NC",Y14="NC",AA14="NC",AC14="NC",O14="SF",Q14="SF",S14="SF",U14="SF",W14="SF",Y14="SF",AA14="SF",AC14="SF"),"NC",IF(OR(O14="C",Q14="C",S14="C",U14="C",W14="C",Y14="C",AA14="C",AC14="C"),"C",""))))) -> NC | AG14: =IF(AND(AE14="C",AF14="C"),"UTILIZOU O PDA CORRETAMENTE",IF(AND(AE14="C",AF14="NC"),"UTILIZOU O PDA CORRETAMENTE. NÃO HÁ FOTOS DE TODAS AS ETAPAS",IF(AND(AE14="NC",AF14="NC"),"NÃO UTILIZOU O PDA",IF(AND(AE14="NA",AF14="NA"),"NÃO AVALIADO POR FALHA DE SINCRONISMO")))) -> UTILIZOU O PDA CORRETAMENTE. NÃO HÁ FOTOS DE TODAS AS ETAPAS | AH14: C | AI14: FREGUESIA DO Ó | AJ14: =E14 -> SÃO PAULO | AK14: ÁGUA
A15: ONMF - DIV MANUT SERV OPE FREGUESIA | B15: 2618384154 | C15: SONDAR REDE DE ÁGUA | D15: OUTROS SERVIÇOS DE ÁGUA | E15: SÃO PAULO | F15: RUA SANTA AUTA | G15: 83 | I15: FREGUESIA DO O | J15: SONDAGEM DE REDE DE AGUA | K15: S observação as foto está na os 2617628445 | L15: 46058.572 | M15: 46058.576 | N15: LUIZ CARLOS DA SILVA | O15: C | Q15: C | S15: C | U15: C | W15: NA | Y15: NA | AA15: C | AC15: C | AE15: C | AF15: =IF(AND(O15="",Q15="",S15="",U15="",W15="",Y15="",AA15="",AC15=""),"",IF(OR(AND(O15<>"NA",O15<>"C",O15<>"NC",O15<>"SF",O15<>""),AND(Q15<>"NA",Q15<>"C",Q15<>"NC",Q15<>"SF",Q15<>""),AND(S15<>"NA",S15<>"C",S15<>"NC",S15<>"SF",S15<>""),AND(U15<>"NA",U15<>"C",U15<>"NC",U15<>"SF",U15<>""),AND(W15<>"NA",W15<>"C",W15<>"NC",W15<>"SF",W15<>""),AND(Y15<>"NA",Y15<>"C",Y15<>"NC",Y15<>"SF",Y15<>""),AND(AA15<>"NA",AA15<>"C",AA15<>"NC",AA15<>"SF",AA15<>""),AND(AC15<>"NA",AC15<>"C",AC15<>"NC",AC15<>"SF",AC15<>"")),"FALSO",IF(AND(O15="NA",Q15="NA",S15="NA",U15="NA",W15="NA",Y15="NA",AA15="NA",AC15="NA"),"NA",IF(OR(O15="NC",Q15="NC",S15="NC",U15="NC",W15="NC",Y15="NC",AA15="NC",AC15="NC",O15="SF",Q15="SF",S15="SF",U15="SF",W15="SF",Y15="SF",AA15="SF",AC15="SF"),"NC",IF(OR(O15="C",Q15="C",S15="C",U15="C",W15="C",Y15="C",AA15="C",AC15="C"),"C",""))))) -> C | AG15: =IF(AND(AE15="C",AF15="C"),"UTILIZOU O PDA CORRETAMENTE",IF(AND(AE15="C",AF15="NC"),"UTILIZOU O PDA CORRETAMENTE. NÃO HÁ FOTOS DE TODAS AS ETAPAS",IF(AND(AE15="NC",AF15="NC"),"NÃO UTILIZOU O PDA",IF(AND(AE15="NA",AF15="NA"),"NÃO AVALIADO POR FALHA DE SINCRONISMO")))) -> UTILIZOU O PDA CORRETAMENTE | AH15: C | AI15: FREGUESIA DO Ó | AJ15: =E15 -> SÃO PAULO | AK15: ÁGUA
A16: ONMF - DIV MANUT SERV OPE FREGUESIA | B16: 2618386742 | C16: SONDAR REDE DE ÁGUA | D16: OUTROS SERVIÇOS DE ÁGUA | E16: SÃO PAULO | F16: RUA BENEDITO GUEDES DE OLIVEIRA | G16: 309 | I16: VL PALMEIRAS | J16: SONDAGEM DE REDE DE AGUA | K16: What's the observação as fotos está na oes2617628663 | L16: 46058.574 | M16: 46058.577 | N16: LUIZ CARLOS DA SILVA | O16: C | Q16: C | S16: C | U16: NA | W16: NA | Y16: NA | AA16: C | AC16: C | AE16: C | AF16: =IF(AND(O16="",Q16="",S16="",U16="",W16="",Y16="",AA16="",AC16=""),"",IF(OR(AND(O16<>"NA",O16<>"C",O16<>"NC",O16<>"SF",O16<>""),AND(Q16<>"NA",Q16<>"C",Q16<>"NC",Q16<>"SF",Q16<>""),AND(S16<>"NA",S16<>"C",S16<>"NC",S16<>"SF",S16<>""),AND(U16<>"NA",U16<>"C",U16<>"NC",U16<>"SF",U16<>""),AND(W16<>"NA",W16<>"C",W16<>"NC",W16<>"SF",W16<>""),AND(Y16<>"NA",Y16<>"C",Y16<>"NC",Y16<>"SF",Y16<>""),AND(AA16<>"NA",AA16<>"C",AA16<>"NC",AA16<>"SF",AA16<>""),AND(AC16<>"NA",AC16<>"C",AC16<>"NC",AC16<>"SF",AC16<>"")),"FALSO",IF(AND(O16="NA",Q16="NA",S16="NA",U16="NA",W16="NA",Y16="NA",AA16="NA",AC16="NA"),"NA",IF(OR(O16="NC",Q16="NC",S16="NC",U16="NC",W16="NC",Y16="NC",AA16="NC",AC16="NC",O16="SF",Q16="SF",S16="SF",U16="SF",W16="SF",Y16="SF",AA16="SF",AC16="SF"),"NC",IF(OR(O16="C",Q16="C",S16="C",U16="C",W16="C",Y16="C",AA16="C",AC16="C"),"C",""))))) -> C | AG16: =IF(AND(AE16="C",AF16="C"),"UTILIZOU O PDA CORRETAMENTE",IF(AND(AE16="C",AF16="NC"),"UTILIZOU O PDA CORRETAMENTE. NÃO HÁ FOTOS DE TODAS AS ETAPAS",IF(AND(AE16="NC",AF16="NC"),"NÃO UTILIZOU O PDA",IF(AND(AE16="NA",AF16="NA"),"NÃO AVALIADO POR FALHA DE SINCRONISMO")))) -> UTILIZOU O PDA CORRETAMENTE | AH16: C | AI16: FREGUESIA DO Ó | AJ16: =E16 -> SÃO PAULO | AK16: ÁGUA
A17: ONMF - DIV MANUT SERV OPE FREGUESIA | B17: 2692149978 | C17: TROCAR RAMAL DE ÁGUA | D17: VAZAMENTO DE ÁGUA | E17: SÃO PAULO | F17: RUA SANTA ROMANA | G17: 282 | I17: V PEREIRA CERCA | J17: TROCA DE RAMAL DE AGUA | K17: SERVIÇO EXECUTADO NO NUMERO 288. | L17: 46058.538 | M17: 46058.54 | N17: LUIZ FERNANDO DIAS BARBOSA DE ALMEIDA | O17: C | Q17: SF | S17: SF | U17: SF | W17: SF | Y17: SF | AA17: SF | AC17: NC | AD17: AUSÊNCIA DE RÉGUA, TRENA E CARIMBO | AE17: C | AF17: =IF(AND(O17="",Q17="",S17="",U17="",W17="",Y17="",AA17="",AC17=""),"",IF(OR(AND(O17<>"NA",O17<>"C",O17<>"NC",O17<>"SF",O17<>""),AND(Q17<>"NA",Q17<>"C",Q17<>"NC",Q17<>"SF",Q17<>""),AND(S17<>"NA",S17<>"C",S17<>"NC",S17<>"SF",S17<>""),AND(U17<>"NA",U17<>"C",U17<>"NC",U17<>"SF",U17<>""),AND(W17<>"NA",W17<>"C",W17<>"NC",W17<>"SF",W17<>""),AND(Y17<>"NA",Y17<>"C",Y17<>"NC",Y17<>"SF",Y17<>""),AND(AA17<>"NA",AA17<>"C",AA17<>"NC",AA17<>"SF",AA17<>""),AND(AC17<>"NA",AC17<>"C",AC17<>"NC",AC17<>"SF",AC17<>"")),"FALSO",IF(AND(O17="NA",Q17="NA",S17="NA",U17="NA",W17="NA",Y17="NA",AA17="NA",AC17="NA"),"NA",IF(OR(O17="NC",Q17="NC",S17="NC",U17="NC",W17="NC",Y17="NC",AA17="NC",AC17="NC",O17="SF",Q17="SF",S17="SF",U17="SF",W17="SF",Y17="SF",AA17="SF",AC17="SF"),"NC",IF(OR(O17="C",Q17="C",S17="C",U17="C",W17="C",Y17="C",AA17="C",AC17="C"),"C",""))))) -> NC | AG17: =IF(AND(AE17="C",AF17="C"),"UTILIZOU O PDA CORRETAMENTE",IF(AND(AE17="C",AF17="NC"),"UTILIZOU O PDA CORRETAMENTE. NÃO HÁ FOTOS DE TODAS AS ETAPAS",IF(AND(AE17="NC",AF17="NC"),"NÃO UTILIZOU O PDA",IF(AND(AE17="NA",AF17="NA"),"NÃO AVALIADO POR FALHA DE SINCRONISMO")))) -> UTILIZOU O PDA CORRETAMENTE. NÃO HÁ FOTOS DE TODAS AS ETAPAS | AH17: C | AI17: FREGUESIA DO Ó | AJ17: =E17 -> SÃO PAULO | AK17: ÁGUA
A18: ONMF - DIV MANUT SERV OPE FREGUESIA | B18: 2692161089 | C18: VAZAMENTO DE ÁGUA LEITO PAVIMENTADO | D18: VAZAMENTO DE ÁGUA | E18: SÃO PAULO | F18: RUA GUMERCINDO DE PAULA | G18: 265 | I18: JD MONTE ALEGRE | J18: SUPRIMIDO RAMAL DE AGUA ABANDONADO | L18: 46058.672 | M18: 46058.684 | N18: GENILSON MARTINS FERNANDES | O18: C | Q18: C | S18: C | U18: C | W18: C | Y18: NA | AA18: C | AC18: C | AE18: C | AF18: =IF(AND(O18="",Q18="",S18="",U18="",W18="",Y18="",AA18="",AC18=""),"",IF(OR(AND(O18<>"NA",O18<>"C",O18<>"NC",O18<>"SF",O18<>""),AND(Q18<>"NA",Q18<>"C",Q18<>"NC",Q18<>"SF",Q18<>""),AND(S18<>"NA",S18<>"C",S18<>"NC",S18<>"SF",S18<>""),AND(U18<>"NA",U18<>"C",U18<>"NC",U18<>"SF",U18<>""),AND(W18<>"NA",W18<>"C",W18<>"NC",W18<>"SF",W18<>""),AND(Y18<>"NA",Y18<>"C",Y18<>"NC",Y18<>"SF",Y18<>""),AND(AA18<>"NA",AA18<>"C",AA18<>"NC",AA18<>"SF",AA18<>""),AND(AC18<>"NA",AC18<>"C",AC18<>"NC",AC18<>"SF",AC18<>"")),"FALSO",IF(AND(O18="NA",Q18="NA",S18="NA",U18="NA",W18="NA",Y18="NA",AA18="NA",AC18="NA"),"NA",IF(OR(O18="NC",Q18="NC",S18="NC",U18="NC",W18="NC",Y18="NC",AA18="NC",AC18="NC",O18="SF",Q18="SF",S18="SF",U18="SF",W18="SF",Y18="SF",AA18="SF",AC18="SF"),"NC",IF(OR(O18="C",Q18="C",S18="C",U18="C",W18="C",Y18="C",AA18="C",AC18="C"),"C",""))))) -> C | AG18: =IF(AND(AE18="C",AF18="C"),"UTILIZOU O PDA CORRETAMENTE",IF(AND(AE18="C",AF18="NC"),"UTILIZOU O PDA CORRETAMENTE. NÃO HÁ FOTOS DE TODAS AS ETAPAS",IF(AND(AE18="NC",AF18="NC"),"NÃO UTILIZOU O PDA",IF(AND(AE18="NA",AF18="NA"),"NÃO AVALIADO POR FALHA DE SINCRONISMO")))) -> UTILIZOU O PDA CORRETAMENTE | AH18: C | AI18: FREGUESIA DO Ó | AJ18: =E18 -> SÃO PAULO | AK18: ÁGUA
A19: ONMF - DIV MANUT SERV OPE FREGUESIA | B19: 2692186761 | C19: SONDAR RAMAL DE ÁGUA | D19: OUTROS SERVIÇOS DE ÁGUA | E19: SÃO PAULO | F19: RUA GRACIANO ALTIERI | G19: 17 | H19: C/9 | I19: CASA VERDE ALTA | J19: SONDAGEM DE RAMAL DE AGUA | K19: Sei sinalização devido detro de uma viela | L19: 46058.632 | M19: 46058.633 | N19: ADECARLOS DE SOUSA SANTOS | O19: C | Q19: SF | S19: C | U19: C | W19: C | Y19: NA | AA19: C | AC19: C | AE19: C | AF19: =IF(AND(O19="",Q19="",S19="",U19="",W19="",Y19="",AA19="",AC19=""),"",IF(OR(AND(O19<>"NA",O19<>"C",O19<>"NC",O19<>"SF",O19<>""),AND(Q19<>"NA",Q19<>"C",Q19<>"NC",Q19<>"SF",Q19<>""),AND(S19<>"NA",S19<>"C",S19<>"NC",S19<>"SF",S19<>""),AND(U19<>"NA",U19<>"C",U19<>"NC",U19<>"SF",U19<>""),AND(W19<>"NA",W19<>"C",W19<>"NC",W19<>"SF",W19<>""),AND(Y19<>"NA",Y19<>"C",Y19<>"NC",Y19<>"SF",Y19<>""),AND(AA19<>"NA",AA19<>"C",AA19<>"NC",AA19<>"SF",AA19<>""),AND(AC19<>"NA",AC19<>"C",AC19<>"NC",AC19<>"SF",AC19<>"")),"FALSO",IF(AND(O19="NA",Q19="NA",S19="NA",U19="NA",W19="NA",Y19="NA",AA19="NA",AC19="NA"),"NA",IF(OR(O19="NC",Q19="NC",S19="NC",U19="NC",W19="NC",Y19="NC",AA19="NC",AC19="NC",O19="SF",Q19="SF",S19="SF",U19="SF",W19="SF",Y19="SF",AA19="SF",AC19="SF"),"NC",IF(OR(O19="C",Q19="C",S19="C",U19="C",W19="C",Y19="C",AA19="C",AC19="C"),"C",""))))) -> NC | AG19: =IF(AND(AE19="C",AF19="C"),"UTILIZOU O PDA CORRETAMENTE",IF(AND(AE19="C",AF19="NC"),"UTILIZOU O PDA CORRETAMENTE. NÃO HÁ FOTOS DE TODAS AS ETAPAS",IF(AND(AE19="NC",AF19="NC"),"NÃO UTILIZOU O PDA",IF(AND(AE19="NA",AF19="NA"),"NÃO AVALIADO POR FALHA DE SINCRONISMO")))) -> UTILIZOU O PDA CORRETAMENTE. NÃO HÁ FOTOS DE TODAS AS ETAPAS | AI19: FREGUESIA DO Ó | AJ19: =E19 -> SÃO PAULO | AK19: ÁGUA
A20: ONMF - DIV MANUT SERV OPE FREGUESIA | B20: 2618388931 | C20: VAZAMENTO DE ÁGUA NO PASSEIO | D20: VAZAMENTO DE ÁGUA | E20: SÃO PAULO | F20: RUA NICOLA NICODEMO | G20: 290 | I20: SITIO DO MANDAQUI | J20: SUPRIMIDO RAMAL DE AGUA ABANDONADO | K20: sem Reposição passeio terra imóvel abandonado | L20: 46086.433 | M20: 46086.609 | N20: RAIMUNDO DA EXALTACAO | O20: C | Q20: C | S20: SF | U20: C | W20: C | Y20: NA | AA20: C | AC20: C | AE20: C | AF20: =IF(AND(O20="",Q20="",S20="",U20="",W20="",Y20="",AA20="",AC20=""),"",IF(OR(AND(O20<>"NA",O20<>"C",O20<>"NC",O20<>"SF",O20<>""),AND(Q20<>"NA",Q20<>"C",Q20<>"NC",Q20<>"SF",Q20<>""),AND(S20<>"NA",S20<>"C",S20<>"NC",S20<>"SF",S20<>""),AND(U20<>"NA",U20<>"C",U20<>"NC",U20<>"SF",U20<>""),AND(W20<>"NA",W20<>"C",W20<>"NC",W20<>"SF",W20<>""),AND(Y20<>"NA",Y20<>"C",Y20<>"NC",Y20<>"SF",Y20<>""),AND(AA20<>"NA",AA20<>"C",AA20<>"NC",AA20<>"SF",AA20<>""),AND(AC20<>"NA",AC20<>"C",AC20<>"NC",AC20<>"SF",AC20<>"")),"FALSO",IF(AND(O20="NA",Q20="NA",S20="NA",U20="NA",W20="NA",Y20="NA",AA20="NA",AC20="NA"),"NA",IF(OR(O20="NC",Q20="NC",S20="NC",U20="NC",W20="NC",Y20="NC",AA20="NC",AC20="NC",O20="SF",Q20="SF",S20="SF",U20="SF",W20="SF",Y20="SF",AA20="SF",AC20="SF"),"NC",IF(OR(O20="C",Q20="C",S20="C",U20="C",W20="C",Y20="C",AA20="C",AC20="C"),"C",""))))) -> NC | AG20: =IF(AND(AE20="C",AF20="C"),"UTILIZOU O PDA CORRETAMENTE",IF(AND(AE20="C",AF20="NC"),"UTILIZOU O PDA CORRETAMENTE. NÃO HÁ FOTOS DE TODAS AS ETAPAS",IF(AND(AE20="NC",AF20="NC"),"NÃO UTILIZOU O PDA",IF(AND(AE20="NA",AF20="NA"),"NÃO AVALIADO POR FALHA DE SINCRONISMO")))) -> UTILIZOU O PDA CORRETAMENTE. NÃO HÁ FOTOS DE TODAS AS ETAPAS | AI20: FREGUESIA DO Ó | AJ20: =E20 -> SÃO PAULO | AK20: ÁGUA
A21: ONMF - DIV MANUT SERV OPE FREGUESIA | B21: 2618098864 | C21: VAZAMENTO DE ÁGUA NÃO VISÍVEL RAMAL | D21: VAZAMENTO DE ÁGUA | E21: SÃO PAULO | F21: RUA VICENTE IORIO | G21: 292 | I21: VL IORIO | J21: SONDAGEM DE REDE DE AGUA NÃO VISIVEL | L21: 46086.381 | M21: 46086.425 | N21: GENILSON MARTINS FERNANDES | O21: C | Q21: C | S21: C | U21: C | W21: C | Y21: NA | AA21: C | AC21: C | AE21: C | AF21: =IF(AND(O21="",Q21="",S21="",U21="",W21="",Y21="",AA21="",AC21=""),"",IF(OR(AND(O21<>"NA",O21<>"C",O21<>"NC",O21<>"SF",O21<>""),AND(Q21<>"NA",Q21<>"C",Q21<>"NC",Q21<>"SF",Q21<>""),AND(S21<>"NA",S21<>"C",S21<>"NC",S21<>"SF",S21<>""),AND(U21<>"NA",U21<>"C",U21<>"NC",U21<>"SF",U21<>""),AND(W21<>"NA",W21<>"C",W21<>"NC",W21<>"SF",W21<>""),AND(Y21<>"NA",Y21<>"C",Y21<>"NC",Y21<>"SF",Y21<>""),AND(AA21<>"NA",AA21<>"C",AA21<>"NC",AA21<>"SF",AA21<>""),AND(AC21<>"NA",AC21<>"C",AC21<>"NC",AC21<>"SF",AC21<>"")),"FALSO",IF(AND(O21="NA",Q21="NA",S21="NA",U21="NA",W21="NA",Y21="NA",AA21="NA",AC21="NA"),"NA",IF(OR(O21="NC",Q21="NC",S21="NC",U21="NC",W21="NC",Y21="NC",AA21="NC",AC21="NC",O21="SF",Q21="SF",S21="SF",U21="SF",W21="SF",Y21="SF",AA21="SF",AC21="SF"),"NC",IF(OR(O21="C",Q21="C",S21="C",U21="C",W21="C",Y21="C",AA21="C",AC21="C"),"C",""))))) -> C | AG21: =IF(AND(AE21="C",AF21="C"),"UTILIZOU O PDA CORRETAMENTE",IF(AND(AE21="C",AF21="NC"),"UTILIZOU O PDA CORRETAMENTE. NÃO HÁ FOTOS DE TODAS AS ETAPAS",IF(AND(AE21="NC",AF21="NC"),"NÃO UTILIZOU O PDA",IF(AND(AE21="NA",AF21="NA"),"NÃO AVALIADO POR FALHA DE SINCRONISMO")))) -> UTILIZOU O PDA CORRETAMENTE | AH21: C | AI21: FREGUESIA DO Ó | AJ21: =E21 -> SÃO PAULO | AK21: ÁGUA
A22: ONMF - DIV MANUT SERV OPE FREGUESIA | B22: 2618118501 | C22: VAZAMENTO DE ÁGUA NÃO VISÍVEL REDE | D22: VAZAMENTO DE ÁGUA | E22: SÃO PAULO | F22: RUA NOSSA SENHORA DA NATIVIDADE | G22: 89 | I22: PIQUERI | J22: SONDAGEM DE REDE DE AGUA NÃO VISIVEL | L22: 46086.602 | M22: 46086.628 | N22: GENILSON MARTINS FERNANDES | O22: C | Q22: C | S22: C | U22: C | W22: C | Y22: NA | AA22: C | AC22: C | AE22: C | AF22: =IF(AND(O22="",Q22="",S22="",U22="",W22="",Y22="",AA22="",AC22=""),"",IF(OR(AND(O22<>"NA",O22<>"C",O22<>"NC",O22<>"SF",O22<>""),AND(Q22<>"NA",Q22<>"C",Q22<>"NC",Q22<>"SF",Q22<>""),AND(S22<>"NA",S22<>"C",S22<>"NC",S22<>"SF",S22<>""),AND(U22<>"NA",U22<>"C",U22<>"NC",U22<>"SF",U22<>""),AND(W22<>"NA",W22<>"C",W22<>"NC",W22<>"SF",W22<>""),AND(Y22<>"NA",Y22<>"C",Y22<>"NC",Y22<>"SF",Y22<>""),AND(AA22<>"NA",AA22<>"C",AA22<>"NC",AA22<>"SF",AA22<>""),AND(AC22<>"NA",AC22<>"C",AC22<>"NC",AC22<>"SF",AC22<>"")),"FALSO",IF(AND(O22="NA",Q22="NA",S22="NA",U22="NA",W22="NA",Y22="NA",AA22="NA",AC22="NA"),"NA",IF(OR(O22="NC",Q22="NC",S22="NC",U22="NC",W22="NC",Y22="NC",AA22="NC",AC22="NC",O22="SF",Q22="SF",S22="SF",U22="SF",W22="SF",Y22="SF",AA22="SF",AC22="SF"),"NC",IF(OR(O22="C",Q22="C",S22="C",U22="C",W22="C",Y22="C",AA22="C",AC22="C"),"C",""))))) -> C | AG22: =IF(AND(AE22="C",AF22="C"),"UTILIZOU O PDA CORRETAMENTE",IF(AND(AE22="C",AF22="NC"),"UTILIZOU O PDA CORRETAMENTE. NÃO HÁ FOTOS DE TODAS AS ETAPAS",IF(AND(AE22="NC",AF22="NC"),"NÃO UTILIZOU O PDA",IF(AND(AE22="NA",AF22="NA"),"NÃO AVALIADO POR FALHA DE SINCRONISMO")))) -> UTILIZOU O PDA CORRETAMENTE | AH22: C | AI22: FREGUESIA DO Ó | AJ22: =E22 -> SÃO PAULO | AK22: ÁGUA
A23: ONMF - DIV MANUT SERV OPE FREGUESIA | B23: 2618416665 | C23: TROCAR RAMAL DE ÁGUA - VAZ NÃO VISIVEL | D23: VAZAMENTO DE ÁGUA | E23: SÃO PAULO | F23: RUA JOSE PEDRO D ORO | G23: 277 | I23: V SOUZA | J23: TROCA DE RAMAL DE AGUA NÃO VISIVEL | K23: VALA NÃO FOI ATERRADA, POIS O IMOVEL ESTA EM OBRA. | L23: 46086.419 | M23: 46086.42 | N23: RAIMUNDO DA EXALTACAO | O23: NA | Q23: NA | S23: NA | U23: NA | W23: NA | Y23: NA | AA23: NA | AC23: NA | AE23: NA | AF23: =IF(AND(O23="",Q23="",S23="",U23="",W23="",Y23="",AA23="",AC23=""),"",IF(OR(AND(O23<>"NA",O23<>"C",O23<>"NC",O23<>"SF",O23<>""),AND(Q23<>"NA",Q23<>"C",Q23<>"NC",Q23<>"SF",Q23<>""),AND(S23<>"NA",S23<>"C",S23<>"NC",S23<>"SF",S23<>""),AND(U23<>"NA",U23<>"C",U23<>"NC",U23<>"SF",U23<>""),AND(W23<>"NA",W23<>"C",W23<>"NC",W23<>"SF",W23<>""),AND(Y23<>"NA",Y23<>"C",Y23<>"NC",Y23<>"SF",Y23<>""),AND(AA23<>"NA",AA23<>"C",AA23<>"NC",AA23<>"SF",AA23<>""),AND(AC23<>"NA",AC23<>"C",AC23<>"NC",AC23<>"SF",AC23<>"")),"FALSO",IF(AND(O23="NA",Q23="NA",S23="NA",U23="NA",W23="NA",Y23="NA",AA23="NA",AC23="NA"),"NA",IF(OR(O23="NC",Q23="NC",S23="NC",U23="NC",W23="NC",Y23="NC",AA23="NC",AC23="NC",O23="SF",Q23="SF",S23="SF",U23="SF",W23="SF",Y23="SF",AA23="SF",AC23="SF"),"NC",IF(OR(O23="C",Q23="C",S23="C",U23="C",W23="C",Y23="C",AA23="C",AC23="C"),"C",""))))) -> NA | AG23: =IF(AND(AE23="C",AF23="C"),"UTILIZOU O PDA CORRETAMENTE",IF(AND(AE23="C",AF23="NC"),"UTILIZOU O PDA CORRETAMENTE. NÃO HÁ FOTOS DE TODAS AS ETAPAS",IF(AND(AE23="NC",AF23="NC"),"NÃO UTILIZOU O PDA",IF(AND(AE23="NA",AF23="NA"),"NÃO AVALIADO POR FALHA DE SINCRONISMO")))) -> NÃO AVALIADO POR FALHA DE SINCRONISMO | AH23: C | AI23: FREGUESIA DO Ó | AJ23: =E23 -> SÃO PAULO | AK23: ÁGUA
A24: ONMF - DIV MANUT SERV OPE FREGUESIA | B24: 2618417370 | C24: VAZAMENTO DE ÁGUA NÃO VISÍVEL CAVALETE | D24: VAZAMENTO DE ÁGUA | E24: SÃO PAULO | F24: RUA LUZIM | G24: 149 | I24: IMIRIM | J24: TROCA DE PE DE CAVALETE NÃO VISIVEL | K24: fotos na os 2618314686 | L24: 46086.522 | M24: 46086.524 | N24: ADECARLOS DE SOUSA SANTOS | O24: C | Q24: C | S24: C | U24: C | W24: C | Y24: NA | AA24: C | AC24: C | AE24: C | AF24: =IF(AND(O24="",Q24="",S24="",U24="",W24="",Y24="",AA24="",AC24=""),"",IF(OR(AND(O24<>"NA",O24<>"C",O24<>"NC",O24<>"SF",O24<>""),AND(Q24<>"NA",Q24<>"C",Q24<>"NC",Q24<>"SF",Q24<>""),AND(S24<>"NA",S24<>"C",S24<>"NC",S24<>"SF",S24<>""),AND(U24<>"NA",U24<>"C",U24<>"NC",U24<>"SF",U24<>""),AND(W24<>"NA",W24<>"C",W24<>"NC",W24<>"SF",W24<>""),AND(Y24<>"NA",Y24<>"C",Y24<>"NC",Y24<>"SF",Y24<>""),AND(AA24<>"NA",AA24<>"C",AA24<>"NC",AA24<>"SF",AA24<>""),AND(AC24<>"NA",AC24<>"C",AC24<>"NC",AC24<>"SF",AC24<>"")),"FALSO",IF(AND(O24="NA",Q24="NA",S24="NA",U24="NA",W24="NA",Y24="NA",AA24="NA",AC24="NA"),"NA",IF(OR(O24="NC",Q24="NC",S24="NC",U24="NC",W24="NC",Y24="NC",AA24="NC",AC24="NC",O24="SF",Q24="SF",S24="SF",U24="SF",W24="SF",Y24="SF",AA24="SF",AC24="SF"),"NC",IF(OR(O24="C",Q24="C",S24="C",U24="C",W24="C",Y24="C",AA24="C",AC24="C"),"C",""))))) -> C | AG24: =IF(AND(AE24="C",AF24="C"),"UTILIZOU O PDA CORRETAMENTE",IF(AND(AE24="C",AF24="NC"),"UTILIZOU O PDA CORRETAMENTE. NÃO HÁ FOTOS DE TODAS AS ETAPAS",IF(AND(AE24="NC",AF24="NC"),"NÃO UTILIZOU O PDA",IF(AND(AE24="NA",AF24="NA"),"NÃO AVALIADO POR FALHA DE SINCRONISMO")))) -> UTILIZOU O PDA CORRETAMENTE | AH24: C | AI24: FREGUESIA DO Ó | AJ24: =E24 -> SÃO PAULO | AK24: ÁGUA
A25: ONMF - DIV MANUT SERV OPE FREGUESIA | B25: 2618314686 | C25: VAZAMENTO DE ÁGUA NÃO VISÍVEL CAVALETE | D25: VAZAMENTO DE ÁGUA | E25: SÃO PAULO | F25: RUA LUZIM | G25: 149 | I25: IMIRIM | J25: TROCA DE PE DE CAVALETE NÃO VISIVEL | L25: 46086.478 | M25: 46086.48 | N25: ADECARLOS DE SOUSA SANTOS | O25: C | Q25: C | S25: C | U25: C | W25: C | Y25: NA | AA25: C | AC25: C | AE25: C | AF25: =IF(AND(O25="",Q25="",S25="",U25="",W25="",Y25="",AA25="",AC25=""),"",IF(OR(AND(O25<>"NA",O25<>"C",O25<>"NC",O25<>"SF",O25<>""),AND(Q25<>"NA",Q25<>"C",Q25<>"NC",Q25<>"SF",Q25<>""),AND(S25<>"NA",S25<>"C",S25<>"NC",S25<>"SF",S25<>""),AND(U25<>"NA",U25<>"C",U25<>"NC",U25<>"SF",U25<>""),AND(W25<>"NA",W25<>"C",W25<>"NC",W25<>"SF",W25<>""),AND(Y25<>"NA",Y25<>"C",Y25<>"NC",Y25<>"SF",Y25<>""),AND(AA25<>"NA",AA25<>"C",AA25<>"NC",AA25<>"SF",AA25<>""),AND(AC25<>"NA",AC25<>"C",AC25<>"NC",AC25<>"SF",AC25<>"")),"FALSO",IF(AND(O25="NA",Q25="NA",S25="NA",U25="NA",W25="NA",Y25="NA",AA25="NA",AC25="NA"),"NA",IF(OR(O25="NC",Q25="NC",S25="NC",U25="NC",W25="NC",Y25="NC",AA25="NC",AC25="NC",O25="SF",Q25="SF",S25="SF",U25="SF",W25="SF",Y25="SF",AA25="SF",AC25="SF"),"NC",IF(OR(O25="C",Q25="C",S25="C",U25="C",W25="C",Y25="C",AA25="C",AC25="C"),"C",""))))) -> C | AG25: =IF(AND(AE25="C",AF25="C"),"UTILIZOU O PDA CORRETAMENTE",IF(AND(AE25="C",AF25="NC"),"UTILIZOU O PDA CORRETAMENTE. NÃO HÁ FOTOS DE TODAS AS ETAPAS",IF(AND(AE25="NC",AF25="NC"),"NÃO UTILIZOU O PDA",IF(AND(AE25="NA",AF25="NA"),"NÃO AVALIADO POR FALHA DE SINCRONISMO")))) -> UTILIZOU O PDA CORRETAMENTE | AH25: C | AI25: FREGUESIA DO Ó | AJ25: =E25 -> SÃO PAULO | AK25: ÁGUA
A26: ONMF - DIV MANUT SERV OPE FREGUESIA | B26: 2618417646 | C26: SONDAR RAMAL DE ÁGUA | D26: OUTROS SERVIÇOS DE ÁGUA | E26: SÃO PAULO | F26: AVENIDA NOSSA SENHORA DO O | G26: 137 | I26: BAIRRO DO LIMAO | J26: SONDAGEM DE RAMAL DE AGUA | K26: fotos 2618380502 | L26: 46086.51 | M26: 46086.511 | N26: ROMERO FRANCISCO DOS SANTOS | O26: C | Q26: C | S26: SF | U26: SF | W26: SF | Y26: NA | AA26: SF | AC26: SF | AE26: NC | AF26: =IF(AND(O26="",Q26="",S26="",U26="",W26="",Y26="",AA26="",AC26=""),"",IF(OR(AND(O26<>"NA",O26<>"C",O26<>"NC",O26<>"SF",O26<>""),AND(Q26<>"NA",Q26<>"C",Q26<>"NC",Q26<>"SF",Q26<>""),AND(S26<>"NA",S26<>"C",S26<>"NC",S26<>"SF",S26<>""),AND(U26<>"NA",U26<>"C",U26<>"NC",U26<>"SF",U26<>""),AND(W26<>"NA",W26<>"C",W26<>"NC",W26<>"SF",W26<>""),AND(Y26<>"NA",Y26<>"C",Y26<>"NC",Y26<>"SF",Y26<>""),AND(AA26<>"NA",AA26<>"C",AA26<>"NC",AA26<>"SF",AA26<>""),AND(AC26<>"NA",AC26<>"C",AC26<>"NC",AC26<>"SF",AC26<>"")),"FALSO",IF(AND(O26="NA",Q26="NA",S26="NA",U26="NA",W26="NA",Y26="NA",AA26="NA",AC26="NA"),"NA",IF(OR(O26="NC",Q26="NC",S26="NC",U26="NC",W26="NC",Y26="NC",AA26="NC",AC26="NC",O26="SF",Q26="SF",S26="SF",U26="SF",W26="SF",Y26="SF",AA26="SF",AC26="SF"),"NC",IF(OR(O26="C",Q26="C",S26="C",U26="C",W26="C",Y26="C",AA26="C",AC26="C"),"C",""))))) -> NC | AG26: =IF(AND(AE26="C",AF26="C"),"UTILIZOU O PDA CORRETAMENTE",IF(AND(AE26="C",AF26="NC"),"UTILIZOU O PDA CORRETAMENTE. NÃO HÁ FOTOS DE TODAS AS ETAPAS",IF(AND(AE26="NC",AF26="NC"),"NÃO UTILIZOU O PDA",IF(AND(AE26="NA",AF26="NA"),"NÃO AVALIADO POR FALHA DE SINCRONISMO")))) -> NÃO UTILIZOU O PDA | AI26: FREGUESIA DO Ó | AJ26: =E26 -> SÃO PAULO | AK26: ÁGUA
A27: ONMF - DIV MANUT SERV OPE FREGUESIA | B27: 2618314530 | C27: VAZAMENTO DE ÁGUA NÃO VISÍVEL CAVALETE | D27: VAZAMENTO DE ÁGUA | E27: SÃO PAULO | F27: RUA MORATO DE OLIVEIRA | G27: 470 | I27: JD CACHOEIRA | J27: TROCA DE PE DE CAVALETE NÃO VISIVEL | L27: 46086.257 | M27: 46086.258 | N27: FLAVIO CARVALHO DOS SANTOS | O27: NA | Q27: NA | S27: NA | U27: NA | W27: NA | Y27: NA | AA27: NA | AC27: NA | AE27: NA | AF27: =IF(AND(O27="",Q27="",S27="",U27="",W27="",Y27="",AA27="",AC27=""),"",IF(OR(AND(O27<>"NA",O27<>"C",O27<>"NC",O27<>"SF",O27<>""),AND(Q27<>"NA",Q27<>"C",Q27<>"NC",Q27<>"SF",Q27<>""),AND(S27<>"NA",S27<>"C",S27<>"NC",S27<>"SF",S27<>""),AND(U27<>"NA",U27<>"C",U27<>"NC",U27<>"SF",U27<>""),AND(W27<>"NA",W27<>"C",W27<>"NC",W27<>"SF",W27<>""),AND(Y27<>"NA",Y27<>"C",Y27<>"NC",Y27<>"SF",Y27<>""),AND(AA27<>"NA",AA27<>"C",AA27<>"NC",AA27<>"SF",AA27<>""),AND(AC27<>"NA",AC27<>"C",AC27<>"NC",AC27<>"SF",AC27<>"")),"FALSO",IF(AND(O27="NA",Q27="NA",S27="NA",U27="NA",W27="NA",Y27="NA",AA27="NA",AC27="NA"),"NA",IF(OR(O27="NC",Q27="NC",S27="NC",U27="NC",W27="NC",Y27="NC",AA27="NC",AC27="NC",O27="SF",Q27="SF",S27="SF",U27="SF",W27="SF",Y27="SF",AA27="SF",AC27="SF"),"NC",IF(OR(O27="C",Q27="C",S27="C",U27="C",W27="C",Y27="C",AA27="C",AC27="C"),"C",""))))) -> NA | AG27: =IF(AND(AE27="C",AF27="C"),"UTILIZOU O PDA CORRETAMENTE",IF(AND(AE27="C",AF27="NC"),"UTILIZOU O PDA CORRETAMENTE. NÃO HÁ FOTOS DE TODAS AS ETAPAS",IF(AND(AE27="NC",AF27="NC"),"NÃO UTILIZOU O PDA",IF(AND(AE27="NA",AF27="NA"),"NÃO AVALIADO POR FALHA DE SINCRONISMO")))) -> NÃO AVALIADO POR FALHA DE SINCRONISMO | AI27: FREGUESIA DO Ó | AJ27: =E27 -> SÃO PAULO | AK27: ÁGUA
A28: ONMF - DIV MANUT SERV OPE FREGUESIA | B28: 2618314642 | C28: TROCAR RAMAL DE ÁGUA - VAZ NÃO VISIVEL | D28: VAZAMENTO DE ÁGUA | E28: SÃO PAULO | F28: RUA NORDESTE | G28: 126 | I28: CASA VERDE MEDIA | J28: TROCA DE RAMAL DE AGUA NÃO VISIVEL | K28: as fotos tá na o.s 2618314642, mais adicional de eletrofusão | L28: 46086.549 | M28: 46086.551 | N28: GENILSON MARTINS FERNANDES | O28: C | Q28: C | S28: C | U28: C | W28: C | Y28: C | AA28: C | AC28: C | AE28: C | AF28: =IF(AND(O28="",Q28="",S28="",U28="",W28="",Y28="",AA28="",AC28=""),"",IF(OR(AND(O28<>"NA",O28<>"C",O28<>"NC",O28<>"SF",O28<>""),AND(Q28<>"NA",Q28<>"C",Q28<>"NC",Q28<>"SF",Q28<>""),AND(S28<>"NA",S28<>"C",S28<>"NC",S28<>"SF",S28<>""),AND(U28<>"NA",U28<>"C",U28<>"NC",U28<>"SF",U28<>""),AND(W28<>"NA",W28<>"C",W28<>"NC",W28<>"SF",W28<>""),AND(Y28<>"NA",Y28<>"C",Y28<>"NC",Y28<>"SF",Y28<>""),AND(AA28<>"NA",AA28<>"C",AA28<>"NC",AA28<>"SF",AA28<>""),AND(AC28<>"NA",AC28<>"C",AC28<>"NC",AC28<>"SF",AC28<>"")),"FALSO",IF(AND(O28="NA",Q28="NA",S28="NA",U28="NA",W28="NA",Y28="NA",AA28="NA",AC28="NA"),"NA",IF(OR(O28="NC",Q28="NC",S28="NC",U28="NC",W28="NC",Y28="NC",AA28="NC",AC28="NC",O28="SF",Q28="SF",S28="SF",U28="SF",W28="SF",Y28="SF",AA28="SF",AC28="SF"),"NC",IF(OR(O28="C",Q28="C",S28="C",U28="C",W28="C",Y28="C",AA28="C",AC28="C"),"C",""))))) -> C | AG28: =IF(AND(AE28="C",AF28="C"),"UTILIZOU O PDA CORRETAMENTE",IF(AND(AE28="C",AF28="NC"),"UTILIZOU O PDA CORRETAMENTE. NÃO HÁ FOTOS DE TODAS AS ETAPAS",IF(AND(AE28="NC",AF28="NC"),"NÃO UTILIZOU O PDA",IF(AND(AE28="NA",AF28="NA"),"NÃO AVALIADO POR FALHA DE SINCRONISMO")))) -> UTILIZOU O PDA CORRETAMENTE | AH28: C | AI28: FREGUESIA DO Ó | AJ28: =E28 -> SÃO PAULO | AK28: ÁGUA
A29: ONMF - DIV MANUT SERV OPE FREGUESIA | B29: 2618314409 | C29: VAZAMENTO DE ÁGUA NÃO VISÍVEL CAVALETE | D29: VAZAMENTO DE ÁGUA | E29: SÃO PAULO | F29: RUA PROFESSOR RIVADAVIA DE CAMPOS | G29: 409 | H29: FDS C/1 | I29: VL MANOEL LOPES | J29: TROCA DE PE DE CAVALETE NÃO VISIVEL | L29: 46086.6 | M29: 46086.601 | N29: ADECARLOS DE SOUSA SANTOS | O29: NC | P29: FOTO DA FOTO | Q29: NC | R29: FOTO DA FOTO | S29: NC | T29: FOTO DA FOTO | U29: NC | V29: FOTO DA FOTO | W29: NC | X29: FOTO DA FOTO | Y29: NC | Z29: FOTO DA FOTO | AA29: NC | AB29: FOTO DA FOTO | AC29: NC | AD29: FOTO DA FOTO | AE29: NC | AF29: =IF(AND(O29="",Q29="",S29="",U29="",W29="",Y29="",AA29="",AC29=""),"",IF(OR(AND(O29<>"NA",O29<>"C",O29<>"NC",O29<>"SF",O29<>""),AND(Q29<>"NA",Q29<>"C",Q29<>"NC",Q29<>"SF",Q29<>""),AND(S29<>"NA",S29<>"C",S29<>"NC",S29<>"SF",S29<>""),AND(U29<>"NA",U29<>"C",U29<>"NC",U29<>"SF",U29<>""),AND(W29<>"NA",W29<>"C",W29<>"NC",W29<>"SF",W29<>""),AND(Y29<>"NA",Y29<>"C",Y29<>"NC",Y29<>"SF",Y29<>""),AND(AA29<>"NA",AA29<>"C",AA29<>"NC",AA29<>"SF",AA29<>""),AND(AC29<>"NA",AC29<>"C",AC29<>"NC",AC29<>"SF",AC29<>"")),"FALSO",IF(AND(O29="NA",Q29="NA",S29="NA",U29="NA",W29="NA",Y29="NA",AA29="NA",AC29="NA"),"NA",IF(OR(O29="NC",Q29="NC",S29="NC",U29="NC",W29="NC",Y29="NC",AA29="NC",AC29="NC",O29="SF",Q29="SF",S29="SF",U29="SF",W29="SF",Y29="SF",AA29="SF",AC29="SF"),"NC",IF(OR(O29="C",Q29="C",S29="C",U29="C",W29="C",Y29="C",AA29="C",AC29="C"),"C",""))))) -> NC | AG29: =IF(AND(AE29="C",AF29="C"),"UTILIZOU O PDA CORRETAMENTE",IF(AND(AE29="C",AF29="NC"),"UTILIZOU O PDA CORRETAMENTE. NÃO HÁ FOTOS DE TODAS AS ETAPAS",IF(AND(AE29="NC",AF29="NC"),"NÃO UTILIZOU O PDA",IF(AND(AE29="NA",AF29="NA"),"NÃO AVALIADO POR FALHA DE SINCRONISMO")))) -> NÃO UTILIZOU O PDA | AI29: FREGUESIA DO Ó | AJ29: =E29 -> SÃO PAULO | AK29: ÁGUA
A30: ONMF - DIV MANUT SERV OPE FREGUESIA | B30: 2618170210 | C30: TROCAR RAMAL DE ÁGUA PREVENTIVA | D30: RAMAL DE ÁGUA | E30: SÃO PAULO | F30: RUA COMENDADOR ARMANDO PEREIRA | G30: 426 | I30: JD STA MARCELINA | J30: TROCA DE RAMAL DE AGUA PREVENTIVA | K30: Passeio estendido | L30: 46117.356 | M30: 46117.476 | N30: IZAQUEU FERREIRA DE SOUSA | O30: C | Q30: C | S30: C | U30: C | W30: C | Y30: C | AA30: C | AC30: C | AE30: C | AF30: =IF(AND(O30="",Q30="",S30="",U30="",W30="",Y30="",AA30="",AC30=""),"",IF(OR(AND(O30<>"NA",O30<>"C",O30<>"NC",O30<>"SF",O30<>""),AND(Q30<>"NA",Q30<>"C",Q30<>"NC",Q30<>"SF",Q30<>""),AND(S30<>"NA",S30<>"C",S30<>"NC",S30<>"SF",S30<>""),AND(U30<>"NA",U30<>"C",U30<>"NC",U30<>"SF",U30<>""),AND(W30<>"NA",W30<>"C",W30<>"NC",W30<>"SF",W30<>""),AND(Y30<>"NA",Y30<>"C",Y30<>"NC",Y30<>"SF",Y30<>""),AND(AA30<>"NA",AA30<>"C",AA30<>"NC",AA30<>"SF",AA30<>""),AND(AC30<>"NA",AC30<>"C",AC30<>"NC",AC30<>"SF",AC30<>"")),"FALSO",IF(AND(O30="NA",Q30="NA",S30="NA",U30="NA",W30="NA",Y30="NA",AA30="NA",AC30="NA"),"NA",IF(OR(O30="NC",Q30="NC",S30="NC",U30="NC",W30="NC",Y30="NC",AA30="NC",AC30="NC",O30="SF",Q30="SF",S30="SF",U30="SF",W30="SF",Y30="SF",AA30="SF",AC30="SF"),"NC",IF(OR(O30="C",Q30="C",S30="C",U30="C",W30="C",Y30="C",AA30="C",AC30="C"),"C",""))))) -> C | AG30: =IF(AND(AE30="C",AF30="C"),"UTILIZOU O PDA CORRETAMENTE",IF(AND(AE30="C",AF30="NC"),"UTILIZOU O PDA CORRETAMENTE. NÃO HÁ FOTOS DE TODAS AS ETAPAS",IF(AND(AE30="NC",AF30="NC"),"NÃO UTILIZOU O PDA",IF(AND(AE30="NA",AF30="NA"),"NÃO AVALIADO POR FALHA DE SINCRONISMO")))) -> UTILIZOU O PDA CORRETAMENTE | AH30: C | AI30: FREGUESIA DO Ó | AJ30: =E30 -> SÃO PAULO | AK30: ÁGUA
A31: ONMF - DIV MANUT SERV OPE FREGUESIA | B31: 2617956061 | C31: TRANSFORMAÇÃO LIG EXIST SEM APROV RAMAL | D31: LIGAÇÃO DE ÁGUA | E31: SÃO PAULO | F31: RUA JOSE CARLOS RODRIGUES | G31: 261 | I31: V CONTINENTAL | J31: TRANSFORMAÇÃO LIG EXIST SEM APROV RAMAL | K31: foi feito um ligação sem reposição de passeio AD é obra | L31: 46117.363 | M31: 46117.463 | N31: GILTON APARECIDO GUIMARAES BARBOSA | O31: C | Q31: C | S31: C | U31: C | W31: C | Y31: C | AA31: C | AC31: C | AE31: C | AF31: =IF(AND(O31="",Q31="",S31="",U31="",W31="",Y31="",AA31="",AC31=""),"",IF(OR(AND(O31<>"NA",O31<>"C",O31<>"NC",O31<>"SF",O31<>""),AND(Q31<>"NA",Q31<>"C",Q31<>"NC",Q31<>"SF",Q31<>""),AND(S31<>"NA",S31<>"C",S31<>"NC",S31<>"SF",S31<>""),AND(U31<>"NA",U31<>"C",U31<>"NC",U31<>"SF",U31<>""),AND(W31<>"NA",W31<>"C",W31<>"NC",W31<>"SF",W31<>""),AND(Y31<>"NA",Y31<>"C",Y31<>"NC",Y31<>"SF",Y31<>""),AND(AA31<>"NA",AA31<>"C",AA31<>"NC",AA31<>"SF",AA31<>""),AND(AC31<>"NA",AC31<>"C",AC31<>"NC",AC31<>"SF",AC31<>"")),"FALSO",IF(AND(O31="NA",Q31="NA",S31="NA",U31="NA",W31="NA",Y31="NA",AA31="NA",AC31="NA"),"NA",IF(OR(O31="NC",Q31="NC",S31="NC",U31="NC",W31="NC",Y31="NC",AA31="NC",AC31="NC",O31="SF",Q31="SF",S31="SF",U31="SF",W31="SF",Y31="SF",AA31="SF",AC31="SF"),"NC",IF(OR(O31="C",Q31="C",S31="C",U31="C",W31="C",Y31="C",AA31="C",AC31="C"),"C",""))))) -> C | AG31: =IF(AND(AE31="C",AF31="C"),"UTILIZOU O PDA CORRETAMENTE",IF(AND(AE31="C",AF31="NC"),"UTILIZOU O PDA CORRETAMENTE. NÃO HÁ FOTOS DE TODAS AS ETAPAS",IF(AND(AE31="NC",AF31="NC"),"NÃO UTILIZOU O PDA",IF(AND(AE31="NA",AF31="NA"),"NÃO AVALIADO POR FALHA DE SINCRONISMO")))) -> UTILIZOU O PDA CORRETAMENTE | AH31: C | AI31: FREGUESIA DO Ó | AJ31: =E31 -> SÃO PAULO | AK31: ÁGUA
A32: ONMF - DIV MANUT SERV OPE FREGUESIA | B32: 2618134132 | C32: LIGAÇÃO DE ÁGUA S/V | D32: LIGAÇÃO DE ÁGUA | E32: SÃO PAULO | F32: RUA RIO VERDE | G32: 1026 | I32: MOINHO VELHO | J32: LIGAÇÃO DE ÁGUA S/V | K32: sem reposição de passeio AD é obra | L32: 46117.48 | M32: 46117.541 | N32: GILTON APARECIDO GUIMARAES BARBOSA | O32: C | Q32: C | S32: C | U32: C | W32: C | Y32: C | AA32: C | AC32: C | AE32: C | AF32: =IF(AND(O32="",Q32="",S32="",U32="",W32="",Y32="",AA32="",AC32=""),"",IF(OR(AND(O32<>"NA",O32<>"C",O32<>"NC",O32<>"SF",O32<>""),AND(Q32<>"NA",Q32<>"C",Q32<>"NC",Q32<>"SF",Q32<>""),AND(S32<>"NA",S32<>"C",S32<>"NC",S32<>"SF",S32<>""),AND(U32<>"NA",U32<>"C",U32<>"NC",U32<>"SF",U32<>""),AND(W32<>"NA",W32<>"C",W32<>"NC",W32<>"SF",W32<>""),AND(Y32<>"NA",Y32<>"C",Y32<>"NC",Y32<>"SF",Y32<>""),AND(AA32<>"NA",AA32<>"C",AA32<>"NC",AA32<>"SF",AA32<>""),AND(AC32<>"NA",AC32<>"C",AC32<>"NC",AC32<>"SF",AC32<>"")),"FALSO",IF(AND(O32="NA",Q32="NA",S32="NA",U32="NA",W32="NA",Y32="NA",AA32="NA",AC32="NA"),"NA",IF(OR(O32="NC",Q32="NC",S32="NC",U32="NC",W32="NC",Y32="NC",AA32="NC",AC32="NC",O32="SF",Q32="SF",S32="SF",U32="SF",W32="SF",Y32="SF",AA32="SF",AC32="SF"),"NC",IF(OR(O32="C",Q32="C",S32="C",U32="C",W32="C",Y32="C",AA32="C",AC32="C"),"C",""))))) -> C | AG32: =IF(AND(AE32="C",AF32="C"),"UTILIZOU O PDA CORRETAMENTE",IF(AND(AE32="C",AF32="NC"),"UTILIZOU O PDA CORRETAMENTE. NÃO HÁ FOTOS DE TODAS AS ETAPAS",IF(AND(AE32="NC",AF32="NC"),"NÃO UTILIZOU O PDA",IF(AND(AE32="NA",AF32="NA"),"NÃO AVALIADO POR FALHA DE SINCRONISMO")))) -> UTILIZOU O PDA CORRETAMENTE | AH32: C | AI32: FREGUESIA DO Ó | AJ32: =E32 -> SÃO PAULO | AK32: ÁGUA
A33: ONMF - DIV MANUT SERV OPE FREGUESIA | B33: 2618132768 | C33: LIGAÇÃO DE ÁGUA EM CAVALETE MULTIPLO | D33: LIGAÇÃO DE ÁGUA | E33: SÃO PAULO | F33: RUA SAO URBANO | G33: 58 | H33: C/1 | I33: VL IARA | J33: LIGAÇÃO DE AGUA EM CAVALETE MÚLTIPLO | L33: 46117.658 | M33: 46117.69 | N33: GILTON APARECIDO GUIMARAES BARBOSA | O33: C | Q33: C | S33: C | U33: C | W33: C | Y33: C | AA33: C | AC33: C | AE33: C | AF33: =IF(AND(O33="",Q33="",S33="",U33="",W33="",Y33="",AA33="",AC33=""),"",IF(OR(AND(O33<>"NA",O33<>"C",O33<>"NC",O33<>"SF",O33<>""),AND(Q33<>"NA",Q33<>"C",Q33<>"NC",Q33<>"SF",Q33<>""),AND(S33<>"NA",S33<>"C",S33<>"NC",S33<>"SF",S33<>""),AND(U33<>"NA",U33<>"C",U33<>"NC",U33<>"SF",U33<>""),AND(W33<>"NA",W33<>"C",W33<>"NC",W33<>"SF",W33<>""),AND(Y33<>"NA",Y33<>"C",Y33<>"NC",Y33<>"SF",Y33<>""),AND(AA33<>"NA",AA33<>"C",AA33<>"NC",AA33<>"SF",AA33<>""),AND(AC33<>"NA",AC33<>"C",AC33<>"NC",AC33<>"SF",AC33<>"")),"FALSO",IF(AND(O33="NA",Q33="NA",S33="NA",U33="NA",W33="NA",Y33="NA",AA33="NA",AC33="NA"),"NA",IF(OR(O33="NC",Q33="NC",S33="NC",U33="NC",W33="NC",Y33="NC",AA33="NC",AC33="NC",O33="SF",Q33="SF",S33="SF",U33="SF",W33="SF",Y33="SF",AA33="SF",AC33="SF"),"NC",IF(OR(O33="C",Q33="C",S33="C",U33="C",W33="C",Y33="C",AA33="C",AC33="C"),"C",""))))) -> C | AG33: =IF(AND(AE33="C",AF33="C"),"UTILIZOU O PDA CORRETAMENTE",IF(AND(AE33="C",AF33="NC"),"UTILIZOU O PDA CORRETAMENTE. NÃO HÁ FOTOS DE TODAS AS ETAPAS",IF(AND(AE33="NC",AF33="NC"),"NÃO UTILIZOU O PDA",IF(AND(AE33="NA",AF33="NA"),"NÃO AVALIADO POR FALHA DE SINCRONISMO")))) -> UTILIZOU O PDA CORRETAMENTE | AH33: C | AI33: FREGUESIA DO Ó | AJ33: =E33 -> SÃO PAULO | AK33: ÁGUA
A34: ONMF - DIV MANUT SERV OPE FREGUESIA | B34: 2618132772 | C34: LIGAÇÃO DE ÁGUA EM CAVALETE MULTIPLO | D34: LIGAÇÃO DE ÁGUA | E34: SÃO PAULO | F34: RUA SAO URBANO | G34: 58 | H34: C/2 | I34: VL IARA | J34: LIGAÇÃO DE AGUA EM CAVALETE MÚLTIPLO | L34: 46117.638 | M34: 46117.657 | N34: GILTON APARECIDO GUIMARAES BARBOSA | O34: C | Q34: C | S34: C | U34: C | W34: C | Y34: C | AA34: C | AC34: C | AE34: C | AF34: =IF(AND(O34="",Q34="",S34="",U34="",W34="",Y34="",AA34="",AC34=""),"",IF(OR(AND(O34<>"NA",O34<>"C",O34<>"NC",O34<>"SF",O34<>""),AND(Q34<>"NA",Q34<>"C",Q34<>"NC",Q34<>"SF",Q34<>""),AND(S34<>"NA",S34<>"C",S34<>"NC",S34<>"SF",S34<>""),AND(U34<>"NA",U34<>"C",U34<>"NC",U34<>"SF",U34<>""),AND(W34<>"NA",W34<>"C",W34<>"NC",W34<>"SF",W34<>""),AND(Y34<>"NA",Y34<>"C",Y34<>"NC",Y34<>"SF",Y34<>""),AND(AA34<>"NA",AA34<>"C",AA34<>"NC",AA34<>"SF",AA34<>""),AND(AC34<>"NA",AC34<>"C",AC34<>"NC",AC34<>"SF",AC34<>"")),"FALSO",IF(AND(O34="NA",Q34="NA",S34="NA",U34="NA",W34="NA",Y34="NA",AA34="NA",AC34="NA"),"NA",IF(OR(O34="NC",Q34="NC",S34="NC",U34="NC",W34="NC",Y34="NC",AA34="NC",AC34="NC",O34="SF",Q34="SF",S34="SF",U34="SF",W34="SF",Y34="SF",AA34="SF",AC34="SF"),"NC",IF(OR(O34="C",Q34="C",S34="C",U34="C",W34="C",Y34="C",AA34="C",AC34="C"),"C",""))))) -> C | AG34: =IF(AND(AE34="C",AF34="C"),"UTILIZOU O PDA CORRETAMENTE",IF(AND(AE34="C",AF34="NC"),"UTILIZOU O PDA CORRETAMENTE. NÃO HÁ FOTOS DE TODAS AS ETAPAS",IF(AND(AE34="NC",AF34="NC"),"NÃO UTILIZOU O PDA",IF(AND(AE34="NA",AF34="NA"),"NÃO AVALIADO POR FALHA DE SINCRONISMO")))) -> UTILIZOU O PDA CORRETAMENTE | AH34: C | AI34: FREGUESIA DO Ó | AJ34: =E34 -> SÃO PAULO | AK34: ÁGUA
A35: ONMF - DIV MANUT SERV OPE FREGUESIA | B35: 2692239718 | C35: VAZAMENTO DE ÁGUA COM INFILTRAÇÃO | D35: VAZAMENTO DE ÁGUA | E35: SÃO PAULO | F35: RUA MIGUEL GUSTAVO | G35: 42 | I35: JD PRIMAVERA | J35: SUPRIMIDO RAMAL DE AGUA ABANDONADO | L35: 46117.409 | M35: 46117.467 | N35: GENILSON MARTINS FERNANDES | O35: C | Q35: C | S35: C | U35: C | W35: C | Y35: NA | AA35: C | AC35: C | AE35: C | AF35: =IF(AND(O35="",Q35="",S35="",U35="",W35="",Y35="",AA35="",AC35=""),"",IF(OR(AND(O35<>"NA",O35<>"C",O35<>"NC",O35<>"SF",O35<>""),AND(Q35<>"NA",Q35<>"C",Q35<>"NC",Q35<>"SF",Q35<>""),AND(S35<>"NA",S35<>"C",S35<>"NC",S35<>"SF",S35<>""),AND(U35<>"NA",U35<>"C",U35<>"NC",U35<>"SF",U35<>""),AND(W35<>"NA",W35<>"C",W35<>"NC",W35<>"SF",W35<>""),AND(Y35<>"NA",Y35<>"C",Y35<>"NC",Y35<>"SF",Y35<>""),AND(AA35<>"NA",AA35<>"C",AA35<>"NC",AA35<>"SF",AA35<>""),AND(AC35<>"NA",AC35<>"C",AC35<>"NC",AC35<>"SF",AC35<>"")),"FALSO",IF(AND(O35="NA",Q35="NA",S35="NA",U35="NA",W35="NA",Y35="NA",AA35="NA",AC35="NA"),"NA",IF(OR(O35="NC",Q35="NC",S35="NC",U35="NC",W35="NC",Y35="NC",AA35="NC",AC35="NC",O35="SF",Q35="SF",S35="SF",U35="SF",W35="SF",Y35="SF",AA35="SF",AC35="SF"),"NC",IF(OR(O35="C",Q35="C",S35="C",U35="C",W35="C",Y35="C",AA35="C",AC35="C"),"C",""))))) -> C | AG35: =IF(AND(AE35="C",AF35="C"),"UTILIZOU O PDA CORRETAMENTE",IF(AND(AE35="C",AF35="NC"),"UTILIZOU O PDA CORRETAMENTE. NÃO HÁ FOTOS DE TODAS AS ETAPAS",IF(AND(AE35="NC",AF35="NC"),"NÃO UTILIZOU O PDA",IF(AND(AE35="NA",AF35="NA"),"NÃO AVALIADO POR FALHA DE SINCRONISMO")))) -> UTILIZOU O PDA CORRETAMENTE | AH35: C | AI35: FREGUESIA DO Ó | AJ35: =E35 -> SÃO PAULO | AK35: ÁGUA
A36: ONMF - DIV MANUT SERV OPE FREGUESIA | B36: 2692240099 | C36: VAZAMENTO DE ÁGUA COM INFILTRAÇÃO | D36: VAZAMENTO DE ÁGUA | E36: SÃO PAULO | F36: RUA ANTONIO PINTO VIEIRA | G36: 808 | I36: VL ESPANHOLA | J36: REPARO DE REDE DE AGUA | L36: 46117.479 | M36: 46117.526 | N36: GENILSON MARTINS FERNANDES | O36: C | Q36: C | S36: C | U36: C | W36: C | Y36: NA | AA36: C | AC36: C | AE36: C | AF36: =IF(AND(O36="",Q36="",S36="",U36="",W36="",Y36="",AA36="",AC36=""),"",IF(OR(AND(O36<>"NA",O36<>"C",O36<>"NC",O36<>"SF",O36<>""),AND(Q36<>"NA",Q36<>"C",Q36<>"NC",Q36<>"SF",Q36<>""),AND(S36<>"NA",S36<>"C",S36<>"NC",S36<>"SF",S36<>""),AND(U36<>"NA",U36<>"C",U36<>"NC",U36<>"SF",U36<>""),AND(W36<>"NA",W36<>"C",W36<>"NC",W36<>"SF",W36<>""),AND(Y36<>"NA",Y36<>"C",Y36<>"NC",Y36<>"SF",Y36<>""),AND(AA36<>"NA",AA36<>"C",AA36<>"NC",AA36<>"SF",AA36<>""),AND(AC36<>"NA",AC36<>"C",AC36<>"NC",AC36<>"SF",AC36<>"")),"FALSO",IF(AND(O36="NA",Q36="NA",S36="NA",U36="NA",W36="NA",Y36="NA",AA36="NA",AC36="NA"),"NA",IF(OR(O36="NC",Q36="NC",S36="NC",U36="NC",W36="NC",Y36="NC",AA36="NC",AC36="NC",O36="SF",Q36="SF",S36="SF",U36="SF",W36="SF",Y36="SF",AA36="SF",AC36="SF"),"NC",IF(OR(O36="C",Q36="C",S36="C",U36="C",W36="C",Y36="C",AA36="C",AC36="C"),"C",""))))) -> C | AG36: =IF(AND(AE36="C",AF36="C"),"UTILIZOU O PDA CORRETAMENTE",IF(AND(AE36="C",AF36="NC"),"UTILIZOU O PDA CORRETAMENTE. NÃO HÁ FOTOS DE TODAS AS ETAPAS",IF(AND(AE36="NC",AF36="NC"),"NÃO UTILIZOU O PDA",IF(AND(AE36="NA",AF36="NA"),"NÃO AVALIADO POR FALHA DE SINCRONISMO")))) -> UTILIZOU O PDA CORRETAMENTE | AH36: C | AI36: FREGUESIA DO Ó | AJ36: =E36 -> SÃO PAULO | AK36: ÁGUA
A37: ONMF - DIV MANUT SERV OPE FREGUESIA | B37: 2618310891 | C37: VAZAMENTO DE ÁGUA NÃO VISÍVEL RAMAL | D37: VAZAMENTO DE ÁGUA | E37: SÃO PAULO | F37: TRAVESSA FRANCISCO RENZO | G37: 30 | I37: VL CELESTE | J37: SUPRIMIDO RAMAL AGUA ABAND NÃO VISIVEL | K37: obs suprimido ramal abandonado com uma união capeada verificado todo mundo com água normal. | L37: 46117.399 | M37: 46117.408 | N37: CLEITON JOSE DOS SANTOS | O37: C | Q37: C | S37: C | U37: C | W37: C | Y37: NA | AA37: C | AC37: C | AE37: C | AF37: =IF(AND(O37="",Q37="",S37="",U37="",W37="",Y37="",AA37="",AC37=""),"",IF(OR(AND(O37<>"NA",O37<>"C",O37<>"NC",O37<>"SF",O37<>""),AND(Q37<>"NA",Q37<>"C",Q37<>"NC",Q37<>"SF",Q37<>""),AND(S37<>"NA",S37<>"C",S37<>"NC",S37<>"SF",S37<>""),AND(U37<>"NA",U37<>"C",U37<>"NC",U37<>"SF",U37<>""),AND(W37<>"NA",W37<>"C",W37<>"NC",W37<>"SF",W37<>""),AND(Y37<>"NA",Y37<>"C",Y37<>"NC",Y37<>"SF",Y37<>""),AND(AA37<>"NA",AA37<>"C",AA37<>"NC",AA37<>"SF",AA37<>""),AND(AC37<>"NA",AC37<>"C",AC37<>"NC",AC37<>"SF",AC37<>"")),"FALSO",IF(AND(O37="NA",Q37="NA",S37="NA",U37="NA",W37="NA",Y37="NA",AA37="NA",AC37="NA"),"NA",IF(OR(O37="NC",Q37="NC",S37="NC",U37="NC",W37="NC",Y37="NC",AA37="NC",AC37="NC",O37="SF",Q37="SF",S37="SF",U37="SF",W37="SF",Y37="SF",AA37="SF",AC37="SF"),"NC",IF(OR(O37="C",Q37="C",S37="C",U37="C",W37="C",Y37="C",AA37="C",AC37="C"),"C",""))))) -> C | AG37: =IF(AND(AE37="C",AF37="C"),"UTILIZOU O PDA CORRETAMENTE",IF(AND(AE37="C",AF37="NC"),"UTILIZOU O PDA CORRETAMENTE. NÃO HÁ FOTOS DE TODAS AS ETAPAS",IF(AND(AE37="NC",AF37="NC"),"NÃO UTILIZOU O PDA",IF(AND(AE37="NA",AF37="NA"),"NÃO AVALIADO POR FALHA DE SINCRONISMO")))) -> UTILIZOU O PDA CORRETAMENTE | AH37: C | AI37: FREGUESIA DO Ó | AJ37: =E37 -> SÃO PAULO | AK37: ÁGUA
A38: ONMF - DIV MANUT SERV OPE FREGUESIA | B38: 2618063333 | C38: SUBSTITUIR LIGAÇÃO DE AGUA | D38: LIGAÇÃO DE ÁGUA | E38: SÃO PAULO | F38: RUA REVERENDO ERODICE PONTES DE QUEIROZ | G38: 393 | H38: C/5 | I38: PQ MANDI | J38: SUBSTITUIDA LIGAÇÃO DE AGUA | K38: mas fotos os 2618061052 mesma vala casa 01 | L38: 46117.674 | M38: 46117.676 | N38: ADECARLOS DE SOUSA SANTOS | O38: C | Q38: C | S38: C | U38: C | W38: C | Y38: C | AA38: C | AC38: C | AE38: C | AF38: =IF(AND(O38="",Q38="",S38="",U38="",W38="",Y38="",AA38="",AC38=""),"",IF(OR(AND(O38<>"NA",O38<>"C",O38<>"NC",O38<>"SF",O38<>""),AND(Q38<>"NA",Q38<>"C",Q38<>"NC",Q38<>"SF",Q38<>""),AND(S38<>"NA",S38<>"C",S38<>"NC",S38<>"SF",S38<>""),AND(U38<>"NA",U38<>"C",U38<>"NC",U38<>"SF",U38<>""),AND(W38<>"NA",W38<>"C",W38<>"NC",W38<>"SF",W38<>""),AND(Y38<>"NA",Y38<>"C",Y38<>"NC",Y38<>"SF",Y38<>""),AND(AA38<>"NA",AA38<>"C",AA38<>"NC",AA38<>"SF",AA38<>""),AND(AC38<>"NA",AC38<>"C",AC38<>"NC",AC38<>"SF",AC38<>"")),"FALSO",IF(AND(O38="NA",Q38="NA",S38="NA",U38="NA",W38="NA",Y38="NA",AA38="NA",AC38="NA"),"NA",IF(OR(O38="NC",Q38="NC",S38="NC",U38="NC",W38="NC",Y38="NC",AA38="NC",AC38="NC",O38="SF",Q38="SF",S38="SF",U38="SF",W38="SF",Y38="SF",AA38="SF",AC38="SF"),"NC",IF(OR(O38="C",Q38="C",S38="C",U38="C",W38="C",Y38="C",AA38="C",AC38="C"),"C",""))))) -> C | AG38: =IF(AND(AE38="C",AF38="C"),"UTILIZOU O PDA CORRETAMENTE",IF(AND(AE38="C",AF38="NC"),"UTILIZOU O PDA CORRETAMENTE. NÃO HÁ FOTOS DE TODAS AS ETAPAS",IF(AND(AE38="NC",AF38="NC"),"NÃO UTILIZOU O PDA",IF(AND(AE38="NA",AF38="NA"),"NÃO AVALIADO POR FALHA DE SINCRONISMO")))) -> UTILIZOU O PDA CORRETAMENTE | AH38: C | AI38: FREGUESIA DO Ó | AJ38: =E38 -> SÃO PAULO | AK38: ÁGUA
A39: ONMF - DIV MANUT SERV OPE FREGUESIA | B39: 2618061052 | C39: SUBSTITUIR LIGAÇÃO DE AGUA | D39: LIGAÇÃO DE ÁGUA | E39: SÃO PAULO | F39: RUA REVERENDO ERODICE PONTES DE QUEIROZ | G39: 393 | H39: C/1 | I39: PQ MANDI | J39: SUBSTITUIDA LIGAÇÃO DE AGUA | L39: 46117.696 | M39: 46117.697 | N39: ADECARLOS DE SOUSA SANTOS | O39: C | Q39: C | S39: C | U39: C | W39: C | Y39: C | AA39: C | AC39: C | AE39: C | AF39: =IF(AND(O39="",Q39="",S39="",U39="",W39="",Y39="",AA39="",AC39=""),"",IF(OR(AND(O39<>"NA",O39<>"C",O39<>"NC",O39<>"SF",O39<>""),AND(Q39<>"NA",Q39<>"C",Q39<>"NC",Q39<>"SF",Q39<>""),AND(S39<>"NA",S39<>"C",S39<>"NC",S39<>"SF",S39<>""),AND(U39<>"NA",U39<>"C",U39<>"NC",U39<>"SF",U39<>""),AND(W39<>"NA",W39<>"C",W39<>"NC",W39<>"SF",W39<>""),AND(Y39<>"NA",Y39<>"C",Y39<>"NC",Y39<>"SF",Y39<>""),AND(AA39<>"NA",AA39<>"C",AA39<>"NC",AA39<>"SF",AA39<>""),AND(AC39<>"NA",AC39<>"C",AC39<>"NC",AC39<>"SF",AC39<>"")),"FALSO",IF(AND(O39="NA",Q39="NA",S39="NA",U39="NA",W39="NA",Y39="NA",AA39="NA",AC39="NA"),"NA",IF(OR(O39="NC",Q39="NC",S39="NC",U39="NC",W39="NC",Y39="NC",AA39="NC",AC39="NC",O39="SF",Q39="SF",S39="SF",U39="SF",W39="SF",Y39="SF",AA39="SF",AC39="SF"),"NC",IF(OR(O39="C",Q39="C",S39="C",U39="C",W39="C",Y39="C",AA39="C",AC39="C"),"C",""))))) -> C | AG39: =IF(AND(AE39="C",AF39="C"),"UTILIZOU O PDA CORRETAMENTE",IF(AND(AE39="C",AF39="NC"),"UTILIZOU O PDA CORRETAMENTE. NÃO HÁ FOTOS DE TODAS AS ETAPAS",IF(AND(AE39="NC",AF39="NC"),"NÃO UTILIZOU O PDA",IF(AND(AE39="NA",AF39="NA"),"NÃO AVALIADO POR FALHA DE SINCRONISMO")))) -> UTILIZOU O PDA CORRETAMENTE | AH39: C | AI39: FREGUESIA DO Ó | AJ39: =E39 -> SÃO PAULO | AK39: ÁGUA
A40: ONMF - DIV MANUT SERV OPE FREGUESIA | B40: 2618451734 | C40: PASSAR RAMAL DE ÁGUA PARA NOVA REDE | D40: RAMAL DE ÁGUA | E40: SÃO PAULO | F40: RUA CELSO VIEIRA | G40: 284 | I40: VL PEREIRA BARRETO | J40: PASSADO RAMAL DE AGUA PARA NOVA REDE | K40: fotos estão nesta OS 2618451224 | L40: 46117.503 | M40: 46117.505 | N40: RAIMUNDO DA EXALTACAO | O40: C | Q40: C | S40: C | U40: C | W40: C | Y40: C | AA40: C | AC40: C | AE40: C | AF40: =IF(AND(O40="",Q40="",S40="",U40="",W40="",Y40="",AA40="",AC40=""),"",IF(OR(AND(O40<>"NA",O40<>"C",O40<>"NC",O40<>"SF",O40<>""),AND(Q40<>"NA",Q40<>"C",Q40<>"NC",Q40<>"SF",Q40<>""),AND(S40<>"NA",S40<>"C",S40<>"NC",S40<>"SF",S40<>""),AND(U40<>"NA",U40<>"C",U40<>"NC",U40<>"SF",U40<>""),AND(W40<>"NA",W40<>"C",W40<>"NC",W40<>"SF",W40<>""),AND(Y40<>"NA",Y40<>"C",Y40<>"NC",Y40<>"SF",Y40<>""),AND(AA40<>"NA",AA40<>"C",AA40<>"NC",AA40<>"SF",AA40<>""),AND(AC40<>"NA",AC40<>"C",AC40<>"NC",AC40<>"SF",AC40<>"")),"FALSO",IF(AND(O40="NA",Q40="NA",S40="NA",U40="NA",W40="NA",Y40="NA",AA40="NA",AC40="NA"),"NA",IF(OR(O40="NC",Q40="NC",S40="NC",U40="NC",W40="NC",Y40="NC",AA40="NC",AC40="NC",O40="SF",Q40="SF",S40="SF",U40="SF",W40="SF",Y40="SF",AA40="SF",AC40="SF"),"NC",IF(OR(O40="C",Q40="C",S40="C",U40="C",W40="C",Y40="C",AA40="C",AC40="C"),"C",""))))) -> C | AG40: =IF(AND(AE40="C",AF40="C"),"UTILIZOU O PDA CORRETAMENTE",IF(AND(AE40="C",AF40="NC"),"UTILIZOU O PDA CORRETAMENTE. NÃO HÁ FOTOS DE TODAS AS ETAPAS",IF(AND(AE40="NC",AF40="NC"),"NÃO UTILIZOU O PDA",IF(AND(AE40="NA",AF40="NA"),"NÃO AVALIADO POR FALHA DE SINCRONISMO")))) -> UTILIZOU O PDA CORRETAMENTE | AH40: C | AI40: FREGUESIA DO Ó | AJ40: =E40 -> SÃO PAULO | AK40: ÁGUA
A41: ONMF - DIV MANUT SERV OPE FREGUESIA | B41: 2618451572 | C41: PASSAR RAMAL DE ÁGUA PARA NOVA REDE | D41: RAMAL DE ÁGUA | E41: SÃO PAULO | F41: RUA CELSO VIEIRA | G41: 290 | I41: VL PEREIRA BARRETO | J41: PASSADO RAMAL DE AGUA PARA NOVA REDE | K41: fotos estão nesta OS 2618451224 | L41: 46117.496 | M41: 46117.498 | N41: RAIMUNDO DA EXALTACAO | O41: C | Q41: C | S41: C | U41: C | W41: C | Y41: C | AA41: C | AC41: C | AE41: C | AF41: =IF(AND(O41="",Q41="",S41="",U41="",W41="",Y41="",AA41="",AC41=""),"",IF(OR(AND(O41<>"NA",O41<>"C",O41<>"NC",O41<>"SF",O41<>""),AND(Q41<>"NA",Q41<>"C",Q41<>"NC",Q41<>"SF",Q41<>""),AND(S41<>"NA",S41<>"C",S41<>"NC",S41<>"SF",S41<>""),AND(U41<>"NA",U41<>"C",U41<>"NC",U41<>"SF",U41<>""),AND(W41<>"NA",W41<>"C",W41<>"NC",W41<>"SF",W41<>""),AND(Y41<>"NA",Y41<>"C",Y41<>"NC",Y41<>"SF",Y41<>""),AND(AA41<>"NA",AA41<>"C",AA41<>"NC",AA41<>"SF",AA41<>""),AND(AC41<>"NA",AC41<>"C",AC41<>"NC",AC41<>"SF",AC41<>"")),"FALSO",IF(AND(O41="NA",Q41="NA",S41="NA",U41="NA",W41="NA",Y41="NA",AA41="NA",AC41="NA"),"NA",IF(OR(O41="NC",Q41="NC",S41="NC",U41="NC",W41="NC",Y41="NC",AA41="NC",AC41="NC",O41="SF",Q41="SF",S41="SF",U41="SF",W41="SF",Y41="SF",AA41="SF",AC41="SF"),"NC",IF(OR(O41="C",Q41="C",S41="C",U41="C",W41="C",Y41="C",AA41="C",AC41="C"),"C",""))))) -> C | AG41: =IF(AND(AE41="C",AF41="C"),"UTILIZOU O PDA CORRETAMENTE",IF(AND(AE41="C",AF41="NC"),"UTILIZOU O PDA CORRETAMENTE. NÃO HÁ FOTOS DE TODAS AS ETAPAS",IF(AND(AE41="NC",AF41="NC"),"NÃO UTILIZOU O PDA",IF(AND(AE41="NA",AF41="NA"),"NÃO AVALIADO POR FALHA DE SINCRONISMO")))) -> UTILIZOU O PDA CORRETAMENTE | AH41: C | AI41: FREGUESIA DO Ó | AJ41: =E41 -> SÃO PAULO | AK41: ÁGUA
A42: ONMF - DIV MANUT SERV OPE FREGUESIA | B42: 2618451331 | C42: PASSAR RAMAL DE ÁGUA PARA NOVA REDE | D42: RAMAL DE ÁGUA | E42: SÃO PAULO | F42: RUA CELSO VIEIRA | G42: 308 | I42: VL PEREIRA BARRETO | J42: PASSADO RAMAL DE AGUA PARA NOVA REDE | K42: fotos estão nesta OS 2618451224 | L42: 46117.492 | M42: 46117.494 | N42: RAIMUNDO DA EXALTACAO | O42: C | Q42: C | S42: C | U42: C | W42: C | Y42: C | AA42: C | AC42: C | AE42: C | AF42: =IF(AND(O42="",Q42="",S42="",U42="",W42="",Y42="",AA42="",AC42=""),"",IF(OR(AND(O42<>"NA",O42<>"C",O42<>"NC",O42<>"SF",O42<>""),AND(Q42<>"NA",Q42<>"C",Q42<>"NC",Q42<>"SF",Q42<>""),AND(S42<>"NA",S42<>"C",S42<>"NC",S42<>"SF",S42<>""),AND(U42<>"NA",U42<>"C",U42<>"NC",U42<>"SF",U42<>""),AND(W42<>"NA",W42<>"C",W42<>"NC",W42<>"SF",W42<>""),AND(Y42<>"NA",Y42<>"C",Y42<>"NC",Y42<>"SF",Y42<>""),AND(AA42<>"NA",AA42<>"C",AA42<>"NC",AA42<>"SF",AA42<>""),AND(AC42<>"NA",AC42<>"C",AC42<>"NC",AC42<>"SF",AC42<>"")),"FALSO",IF(AND(O42="NA",Q42="NA",S42="NA",U42="NA",W42="NA",Y42="NA",AA42="NA",AC42="NA"),"NA",IF(OR(O42="NC",Q42="NC",S42="NC",U42="NC",W42="NC",Y42="NC",AA42="NC",AC42="NC",O42="SF",Q42="SF",S42="SF",U42="SF",W42="SF",Y42="SF",AA42="SF",AC42="SF"),"NC",IF(OR(O42="C",Q42="C",S42="C",U42="C",W42="C",Y42="C",AA42="C",AC42="C"),"C",""))))) -> C | AG42: =IF(AND(AE42="C",AF42="C"),"UTILIZOU O PDA CORRETAMENTE",IF(AND(AE42="C",AF42="NC"),"UTILIZOU O PDA CORRETAMENTE. NÃO HÁ FOTOS DE TODAS AS ETAPAS",IF(AND(AE42="NC",AF42="NC"),"NÃO UTILIZOU O PDA",IF(AND(AE42="NA",AF42="NA"),"NÃO AVALIADO POR FALHA DE SINCRONISMO")))) -> UTILIZOU O PDA CORRETAMENTE | AH42: C | AI42: FREGUESIA DO Ó | AJ42: =E42 -> SÃO PAULO | AK42: ÁGUA
A43: ONMF - DIV MANUT SERV OPE FREGUESIA | B43: 2618451224 | C43: PASSAR RAMAL DE ÁGUA PARA NOVA REDE | D43: RAMAL DE ÁGUA | E43: SÃO PAULO | F43: RUA CELSO VIEIRA | G43: 316 | I43: VL PEREIRA BARRETO | J43: PASSADO RAMAL DE AGUA PARA NOVA REDE | K43: sem Reposição de asfalto pois o serviço foi executado na mesma vala do n 308 | L43: 46117.704 | M43: 46117.716 | N43: RAIMUNDO DA EXALTACAO | O43: C | Q43: C | S43: C | U43: C | W43: C | Y43: C | AA43: C | AC43: C | AE43: C | AF43: =IF(AND(O43="",Q43="",S43="",U43="",W43="",Y43="",AA43="",AC43=""),"",IF(OR(AND(O43<>"NA",O43<>"C",O43<>"NC",O43<>"SF",O43<>""),AND(Q43<>"NA",Q43<>"C",Q43<>"NC",Q43<>"SF",Q43<>""),AND(S43<>"NA",S43<>"C",S43<>"NC",S43<>"SF",S43<>""),AND(U43<>"NA",U43<>"C",U43<>"NC",U43<>"SF",U43<>""),AND(W43<>"NA",W43<>"C",W43<>"NC",W43<>"SF",W43<>""),AND(Y43<>"NA",Y43<>"C",Y43<>"NC",Y43<>"SF",Y43<>""),AND(AA43<>"NA",AA43<>"C",AA43<>"NC",AA43<>"SF",AA43<>""),AND(AC43<>"NA",AC43<>"C",AC43<>"NC",AC43<>"SF",AC43<>"")),"FALSO",IF(AND(O43="NA",Q43="NA",S43="NA",U43="NA",W43="NA",Y43="NA",AA43="NA",AC43="NA"),"NA",IF(OR(O43="NC",Q43="NC",S43="NC",U43="NC",W43="NC",Y43="NC",AA43="NC",AC43="NC",O43="SF",Q43="SF",S43="SF",U43="SF",W43="SF",Y43="SF",AA43="SF",AC43="SF"),"NC",IF(OR(O43="C",Q43="C",S43="C",U43="C",W43="C",Y43="C",AA43="C",AC43="C"),"C",""))))) -> C | AG43: =IF(AND(AE43="C",AF43="C"),"UTILIZOU O PDA CORRETAMENTE",IF(AND(AE43="C",AF43="NC"),"UTILIZOU O PDA CORRETAMENTE. NÃO HÁ FOTOS DE TODAS AS ETAPAS",IF(AND(AE43="NC",AF43="NC"),"NÃO UTILIZOU O PDA",IF(AND(AE43="NA",AF43="NA"),"NÃO AVALIADO POR FALHA DE SINCRONISMO")))) -> UTILIZOU O PDA CORRETAMENTE | AH43: C | AI43: FREGUESIA DO Ó | AJ43: =E43 -> SÃO PAULO | AK43: ÁGUA
A44: ONMF - DIV MANUT SERV OPE FREGUESIA | B44: 2618455128 | C44: PASSAR RAMAL DE ÁGUA PARA NOVA REDE | D44: RAMAL DE ÁGUA | E44: SÃO PAULO | F44: RUA CELSO VIEIRA | G44: 285 | I44: VL PEREIRA BARRETO | J44: PASSADO RAMAL DE AGUA PARA NOVA REDE | K44: fotos estão nesta OS 2618451222 .sem Reposição de asfalto pois o serviço foi executado na mesma vala do n 278 | L44: 46117.678 | M44: 46117.682 | N44: RAIMUNDO DA EXALTACAO | O44: C | Q44: C | S44: C | U44: C | W44: C | Y44: C | AA44: C | AC44: C | AE44: C | AF44: =IF(AND(O44="",Q44="",S44="",U44="",W44="",Y44="",AA44="",AC44=""),"",IF(OR(AND(O44<>"NA",O44<>"C",O44<>"NC",O44<>"SF",O44<>""),AND(Q44<>"NA",Q44<>"C",Q44<>"NC",Q44<>"SF",Q44<>""),AND(S44<>"NA",S44<>"C",S44<>"NC",S44<>"SF",S44<>""),AND(U44<>"NA",U44<>"C",U44<>"NC",U44<>"SF",U44<>""),AND(W44<>"NA",W44<>"C",W44<>"NC",W44<>"SF",W44<>""),AND(Y44<>"NA",Y44<>"C",Y44<>"NC",Y44<>"SF",Y44<>""),AND(AA44<>"NA",AA44<>"C",AA44<>"NC",AA44<>"SF",AA44<>""),AND(AC44<>"NA",AC44<>"C",AC44<>"NC",AC44<>"SF",AC44<>"")),"FALSO",IF(AND(O44="NA",Q44="NA",S44="NA",U44="NA",W44="NA",Y44="NA",AA44="NA",AC44="NA"),"NA",IF(OR(O44="NC",Q44="NC",S44="NC",U44="NC",W44="NC",Y44="NC",AA44="NC",AC44="NC",O44="SF",Q44="SF",S44="SF",U44="SF",W44="SF",Y44="SF",AA44="SF",AC44="SF"),"NC",IF(OR(O44="C",Q44="C",S44="C",U44="C",W44="C",Y44="C",AA44="C",AC44="C"),"C",""))))) -> C | AG44: =IF(AND(AE44="C",AF44="C"),"UTILIZOU O PDA CORRETAMENTE",IF(AND(AE44="C",AF44="NC"),"UTILIZOU O PDA CORRETAMENTE. NÃO HÁ FOTOS DE TODAS AS ETAPAS",IF(AND(AE44="NC",AF44="NC"),"NÃO UTILIZOU O PDA",IF(AND(AE44="NA",AF44="NA"),"NÃO AVALIADO POR FALHA DE SINCRONISMO")))) -> UTILIZOU O PDA CORRETAMENTE | AH44: C | AI44: FREGUESIA DO Ó | AJ44: =E44 -> SÃO PAULO | AK44: ÁGUA
A45: ONMF - DIV MANUT SERV OPE FREGUESIA | B45: 2618454945 | C45: PASSAR RAMAL DE ÁGUA PARA NOVA REDE | D45: RAMAL DE ÁGUA | E45: SÃO PAULO | F45: RUA CELSO VIEIRA | G45: 278 | I45: VL PEREIRA BARRETO | J45: PASSADO RAMAL DE AGUA PARA NOVA REDE | K45: fotos estão nesta OS 2618451224 | L45: 46117.673 | M45: 46117.676 | N45: RAIMUNDO DA EXALTACAO | O45: C | Q45: C | S45: C | U45: C | W45: C | Y45: C | AA45: C | AC45: C | AE45: C | AF45: =IF(AND(O45="",Q45="",S45="",U45="",W45="",Y45="",AA45="",AC45=""),"",IF(OR(AND(O45<>"NA",O45<>"C",O45<>"NC",O45<>"SF",O45<>""),AND(Q45<>"NA",Q45<>"C",Q45<>"NC",Q45<>"SF",Q45<>""),AND(S45<>"NA",S45<>"C",S45<>"NC",S45<>"SF",S45<>""),AND(U45<>"NA",U45<>"C",U45<>"NC",U45<>"SF",U45<>""),AND(W45<>"NA",W45<>"C",W45<>"NC",W45<>"SF",W45<>""),AND(Y45<>"NA",Y45<>"C",Y45<>"NC",Y45<>"SF",Y45<>""),AND(AA45<>"NA",AA45<>"C",AA45<>"NC",AA45<>"SF",AA45<>""),AND(AC45<>"NA",AC45<>"C",AC45<>"NC",AC45<>"SF",AC45<>"")),"FALSO",IF(AND(O45="NA",Q45="NA",S45="NA",U45="NA",W45="NA",Y45="NA",AA45="NA",AC45="NA"),"NA",IF(OR(O45="NC",Q45="NC",S45="NC",U45="NC",W45="NC",Y45="NC",AA45="NC",AC45="NC",O45="SF",Q45="SF",S45="SF",U45="SF",W45="SF",Y45="SF",AA45="SF",AC45="SF"),"NC",IF(OR(O45="C",Q45="C",S45="C",U45="C",W45="C",Y45="C",AA45="C",AC45="C"),"C",""))))) -> C | AG45: =IF(AND(AE45="C",AF45="C"),"UTILIZOU O PDA CORRETAMENTE",IF(AND(AE45="C",AF45="NC"),"UTILIZOU O PDA CORRETAMENTE. NÃO HÁ FOTOS DE TODAS AS ETAPAS",IF(AND(AE45="NC",AF45="NC"),"NÃO UTILIZOU O PDA",IF(AND(AE45="NA",AF45="NA"),"NÃO AVALIADO POR FALHA DE SINCRONISMO")))) -> UTILIZOU O PDA CORRETAMENTE | AH45: C | AI45: FREGUESIA DO Ó | AJ45: =E45 -> SÃO PAULO | AK45: ÁGUA
A46: ONMF - DIV MANUT SERV OPE FREGUESIA | B46: 2692243493 | C46: TROCAR RAMAL DE ÁGUA | D46: VAZAMENTO DE ÁGUA | E46: SÃO PAULO | F46: RUA IRINEO VARONI | G46: 141 | H46: C/2 | I46: JD DA FONTE | J46: TROCA DE RAMAL DE AGUA | L46: 46117.474 | M46: 46117.48 | N46: ISMAEL NOGUEIRA DOS SANTOS FILHO | O46: C | Q46: SF | S46: SF | U46: SF | W46: SF | Y46: SF | AA46: SF | AC46: SF | AE46: NC | AF46: =IF(AND(O46="",Q46="",S46="",U46="",W46="",Y46="",AA46="",AC46=""),"",IF(OR(AND(O46<>"NA",O46<>"C",O46<>"NC",O46<>"SF",O46<>""),AND(Q46<>"NA",Q46<>"C",Q46<>"NC",Q46<>"SF",Q46<>""),AND(S46<>"NA",S46<>"C",S46<>"NC",S46<>"SF",S46<>""),AND(U46<>"NA",U46<>"C",U46<>"NC",U46<>"SF",U46<>""),AND(W46<>"NA",W46<>"C",W46<>"NC",W46<>"SF",W46<>""),AND(Y46<>"NA",Y46<>"C",Y46<>"NC",Y46<>"SF",Y46<>""),AND(AA46<>"NA",AA46<>"C",AA46<>"NC",AA46<>"SF",AA46<>""),AND(AC46<>"NA",AC46<>"C",AC46<>"NC",AC46<>"SF",AC46<>"")),"FALSO",IF(AND(O46="NA",Q46="NA",S46="NA",U46="NA",W46="NA",Y46="NA",AA46="NA",AC46="NA"),"NA",IF(OR(O46="NC",Q46="NC",S46="NC",U46="NC",W46="NC",Y46="NC",AA46="NC",AC46="NC",O46="SF",Q46="SF",S46="SF",U46="SF",W46="SF",Y46="SF",AA46="SF",AC46="SF"),"NC",IF(OR(O46="C",Q46="C",S46="C",U46="C",W46="C",Y46="C",AA46="C",AC46="C"),"C",""))))) -> NC | AG46: =IF(AND(AE46="C",AF46="C"),"UTILIZOU O PDA CORRETAMENTE",IF(AND(AE46="C",AF46="NC"),"UTILIZOU O PDA CORRETAMENTE. NÃO HÁ FOTOS DE TODAS AS ETAPAS",IF(AND(AE46="NC",AF46="NC"),"NÃO UTILIZOU O PDA",IF(AND(AE46="NA",AF46="NA"),"NÃO AVALIADO POR FALHA DE SINCRONISMO")))) -> NÃO UTILIZOU O PDA | AH46: C | AI46: FREGUESIA DO Ó | AJ46: =E46 -> SÃO PAULO | AK46: ÁGUA
A47: ONMF - DIV MANUT SERV OPE FREGUESIA | B47: 2618314628 | C47: TROCAR RAMAL DE ÁGUA - VAZ NÃO VISIVEL | D47: VAZAMENTO DE ÁGUA | E47: SÃO PAULO | F47: RUA VAUD | G47: 77 | H47: C/1 | I47: LAUZANE PAULISTA | J47: TROCA DE RAMAL DE AGUA NÃO VISIVEL | K47: obs feito cvv | L47: 46117.552 | M47: 46117.553 | N47: CLEITON JOSE DOS SANTOS | O47: C | Q47: C | S47: C | U47: C | W47: C | Y47: C | AA47: C | AC47: C | AE47: C | AF47: =IF(AND(O47="",Q47="",S47="",U47="",W47="",Y47="",AA47="",AC47=""),"",IF(OR(AND(O47<>"NA",O47<>"C",O47<>"NC",O47<>"SF",O47<>""),AND(Q47<>"NA",Q47<>"C",Q47<>"NC",Q47<>"SF",Q47<>""),AND(S47<>"NA",S47<>"C",S47<>"NC",S47<>"SF",S47<>""),AND(U47<>"NA",U47<>"C",U47<>"NC",U47<>"SF",U47<>""),AND(W47<>"NA",W47<>"C",W47<>"NC",W47<>"SF",W47<>""),AND(Y47<>"NA",Y47<>"C",Y47<>"NC",Y47<>"SF",Y47<>""),AND(AA47<>"NA",AA47<>"C",AA47<>"NC",AA47<>"SF",AA47<>""),AND(AC47<>"NA",AC47<>"C",AC47<>"NC",AC47<>"SF",AC47<>"")),"FALSO",IF(AND(O47="NA",Q47="NA",S47="NA",U47="NA",W47="NA",Y47="NA",AA47="NA",AC47="NA"),"NA",IF(OR(O47="NC",Q47="NC",S47="NC",U47="NC",W47="NC",Y47="NC",AA47="NC",AC47="NC",O47="SF",Q47="SF",S47="SF",U47="SF",W47="SF",Y47="SF",AA47="SF",AC47="SF"),"NC",IF(OR(O47="C",Q47="C",S47="C",U47="C",W47="C",Y47="C",AA47="C",AC47="C"),"C",""))))) -> C | AG47: =IF(AND(AE47="C",AF47="C"),"UTILIZOU O PDA CORRETAMENTE",IF(AND(AE47="C",AF47="NC"),"UTILIZOU O PDA CORRETAMENTE. NÃO HÁ FOTOS DE TODAS AS ETAPAS",IF(AND(AE47="NC",AF47="NC"),"NÃO UTILIZOU O PDA",IF(AND(AE47="NA",AF47="NA"),"NÃO AVALIADO POR FALHA DE SINCRONISMO")))) -> UTILIZOU O PDA CORRETAMENTE | AH47: C | AI47: FREGUESIA DO Ó | AJ47: =E47 -> SÃO PAULO | AK47: ÁGUA
A48: ONMF - DIV MANUT SERV OPE FREGUESIA | B48: 2618306538 | C48: INTERLIGAR REDE DE ÁGUA | D48: REDE DE ÁGUA | E48: SÃO PAULO | F48: RUA JOAQUIM RIBEIRO | G48: 626 | H48: C/1 | I48: VL MORRO GRANDE | J48: INTERLIGAÇÃO DE REDE DE AGUA | K48: Rede 90 | L48: 46117.25 | M48: 46117.251 | N48: ROMERO FRANCISCO DOS SANTOS | O48: NA | Q48: NA | S48: NA | U48: NA | W48: NA | Y48: NA | AA48: NA | AC48: NA | AE48: NA | AF48: =IF(AND(O48="",Q48="",S48="",U48="",W48="",Y48="",AA48="",AC48=""),"",IF(OR(AND(O48<>"NA",O48<>"C",O48<>"NC",O48<>"SF",O48<>""),AND(Q48<>"NA",Q48<>"C",Q48<>"NC",Q48<>"SF",Q48<>""),AND(S48<>"NA",S48<>"C",S48<>"NC",S48<>"SF",S48<>""),AND(U48<>"NA",U48<>"C",U48<>"NC",U48<>"SF",U48<>""),AND(W48<>"NA",W48<>"C",W48<>"NC",W48<>"SF",W48<>""),AND(Y48<>"NA",Y48<>"C",Y48<>"NC",Y48<>"SF",Y48<>""),AND(AA48<>"NA",AA48<>"C",AA48<>"NC",AA48<>"SF",AA48<>""),AND(AC48<>"NA",AC48<>"C",AC48<>"NC",AC48<>"SF",AC48<>"")),"FALSO",IF(AND(O48="NA",Q48="NA",S48="NA",U48="NA",W48="NA",Y48="NA",AA48="NA",AC48="NA"),"NA",IF(OR(O48="NC",Q48="NC",S48="NC",U48="NC",W48="NC",Y48="NC",AA48="NC",AC48="NC",O48="SF",Q48="SF",S48="SF",U48="SF",W48="SF",Y48="SF",AA48="SF",AC48="SF"),"NC",IF(OR(O48="C",Q48="C",S48="C",U48="C",W48="C",Y48="C",AA48="C",AC48="C"),"C",""))))) -> NA | AG48: =IF(AND(AE48="C",AF48="C"),"UTILIZOU O PDA CORRETAMENTE",IF(AND(AE48="C",AF48="NC"),"UTILIZOU O PDA CORRETAMENTE. NÃO HÁ FOTOS DE TODAS AS ETAPAS",IF(AND(AE48="NC",AF48="NC"),"NÃO UTILIZOU O PDA",IF(AND(AE48="NA",AF48="NA"),"NÃO AVALIADO POR FALHA DE SINCRONISMO")))) -> NÃO AVALIADO POR FALHA DE SINCRONISMO | AI48: FREGUESIA DO Ó | AJ48: =E48 -> SÃO PAULO | AK48: ÁGUA
A49: ONMF - DIV MANUT SERV OPE FREGUESIA | B49: 2618480318 | C49: VAZAMENTO DE ÁGUA NÃO VISÍVEL RAMAL | D49: VAZAMENTO DE ÁGUA | E49: SÃO PAULO | F49: RUA ALGAROBEIRA | G49: 116 | I49: JD NOEMIA | J49: REPARO DE REDE DE AGUA NÃO VISIVEL | K49: não foi possível fazer todas as fotos devido ser obra e vala ficou sinalizada obra da prefeitura vários dias de obra | L49: 46117.658 | M49: 46117.667 | N49: IZAQUEU FERREIRA DE SOUSA | O49: C | Q49: C | S49: SF | U49: C | W49: SF | Y49: NA | AA49: SF | AC49: SF | AE49: NC | AF49: =IF(AND(O49="",Q49="",S49="",U49="",W49="",Y49="",AA49="",AC49=""),"",IF(OR(AND(O49<>"NA",O49<>"C",O49<>"NC",O49<>"SF",O49<>""),AND(Q49<>"NA",Q49<>"C",Q49<>"NC",Q49<>"SF",Q49<>""),AND(S49<>"NA",S49<>"C",S49<>"NC",S49<>"SF",S49<>""),AND(U49<>"NA",U49<>"C",U49<>"NC",U49<>"SF",U49<>""),AND(W49<>"NA",W49<>"C",W49<>"NC",W49<>"SF",W49<>""),AND(Y49<>"NA",Y49<>"C",Y49<>"NC",Y49<>"SF",Y49<>""),AND(AA49<>"NA",AA49<>"C",AA49<>"NC",AA49<>"SF",AA49<>""),AND(AC49<>"NA",AC49<>"C",AC49<>"NC",AC49<>"SF",AC49<>"")),"FALSO",IF(AND(O49="NA",Q49="NA",S49="NA",U49="NA",W49="NA",Y49="NA",AA49="NA",AC49="NA"),"NA",IF(OR(O49="NC",Q49="NC",S49="NC",U49="NC",W49="NC",Y49="NC",AA49="NC",AC49="NC",O49="SF",Q49="SF",S49="SF",U49="SF",W49="SF",Y49="SF",AA49="SF",AC49="SF"),"NC",IF(OR(O49="C",Q49="C",S49="C",U49="C",W49="C",Y49="C",AA49="C",AC49="C"),"C",""))))) -> NC | AG49: =IF(AND(AE49="C",AF49="C"),"UTILIZOU O PDA CORRETAMENTE",IF(AND(AE49="C",AF49="NC"),"UTILIZOU O PDA CORRETAMENTE. NÃO HÁ FOTOS DE TODAS AS ETAPAS",IF(AND(AE49="NC",AF49="NC"),"NÃO UTILIZOU O PDA",IF(AND(AE49="NA",AF49="NA"),"NÃO AVALIADO POR FALHA DE SINCRONISMO")))) -> NÃO UTILIZOU O PDA | AH49: C | AI49: FREGUESIA DO Ó | AJ49: =E49 -> SÃO PAULO | AK49: ÁGUA
A50: ONMF - DIV MANUT SERV OPE FREGUESIA | B50: 2618314680 | C50: TROCAR RAMAL DE ÁGUA - VAZ NÃO VISIVEL | D50: VAZAMENTO DE ÁGUA | E50: SÃO PAULO | F50: RUA CARAMBEI | G50: 182 | I50: V STA MARIA | J50: TROCA DE RAMAL DE AGUA NÃO VISIVEL | K50: obs feito o cvv. | L50: 46117.688 | M50: 46117.694 | N50: CLEITON JOSE DOS SANTOS | O50: C | Q50: C | S50: C | U50: C | W50: C | Y50: C | AA50: SF | AC50: SF | AE50: NC | AF50: =IF(AND(O50="",Q50="",S50="",U50="",W50="",Y50="",AA50="",AC50=""),"",IF(OR(AND(O50<>"NA",O50<>"C",O50<>"NC",O50<>"SF",O50<>""),AND(Q50<>"NA",Q50<>"C",Q50<>"NC",Q50<>"SF",Q50<>""),AND(S50<>"NA",S50<>"C",S50<>"NC",S50<>"SF",S50<>""),AND(U50<>"NA",U50<>"C",U50<>"NC",U50<>"SF",U50<>""),AND(W50<>"NA",W50<>"C",W50<>"NC",W50<>"SF",W50<>""),AND(Y50<>"NA",Y50<>"C",Y50<>"NC",Y50<>"SF",Y50<>""),AND(AA50<>"NA",AA50<>"C",AA50<>"NC",AA50<>"SF",AA50<>""),AND(AC50<>"NA",AC50<>"C",AC50<>"NC",AC50<>"SF",AC50<>"")),"FALSO",IF(AND(O50="NA",Q50="NA",S50="NA",U50="NA",W50="NA",Y50="NA",AA50="NA",AC50="NA"),"NA",IF(OR(O50="NC",Q50="NC",S50="NC",U50="NC",W50="NC",Y50="NC",AA50="NC",AC50="NC",O50="SF",Q50="SF",S50="SF",U50="SF",W50="SF",Y50="SF",AA50="SF",AC50="SF"),"NC",IF(OR(O50="C",Q50="C",S50="C",U50="C",W50="C",Y50="C",AA50="C",AC50="C"),"C",""))))) -> NC | AG50: =IF(AND(AE50="C",AF50="C"),"UTILIZOU O PDA CORRETAMENTE",IF(AND(AE50="C",AF50="NC"),"UTILIZOU O PDA CORRETAMENTE. NÃO HÁ FOTOS DE TODAS AS ETAPAS",IF(AND(AE50="NC",AF50="NC"),"NÃO UTILIZOU O PDA",IF(AND(AE50="NA",AF50="NA"),"NÃO AVALIADO POR FALHA DE SINCRONISMO")))) -> NÃO UTILIZOU O PDA | AH50: C | AI50: FREGUESIA DO Ó | AJ50: =E50 -> SÃO PAULO | AK50: ÁGUA
A51: ONMF - DIV MANUT SERV OPE FREGUESIA | B51: 2618424557 | C51: TROCAR RAMAL DE ÁGUA - VAZ NÃO VISIVEL | D51: VAZAMENTO DE ÁGUA | E51: SÃO PAULO | F51: RUA EDSON PEREGRINI | G51: 66 | I51: VL MARISBELA | J51: TROCA DE RAMAL DE AGUA NÃO VISIVEL | K51: as fotos dece serviço tá os 2618424557 | L51: 46117.647 | M51: 46117.65 | N51: SEVERINO RAMOS COSTA DE PAULA | O51: C | Q51: C | S51: C | U51: C | W51: C | Y51: C | AA51: C | AC51: C | AE51: C | AF51: =IF(AND(O51="",Q51="",S51="",U51="",W51="",Y51="",AA51="",AC51=""),"",IF(OR(AND(O51<>"NA",O51<>"C",O51<>"NC",O51<>"SF",O51<>""),AND(Q51<>"NA",Q51<>"C",Q51<>"NC",Q51<>"SF",Q51<>""),AND(S51<>"NA",S51<>"C",S51<>"NC",S51<>"SF",S51<>""),AND(U51<>"NA",U51<>"C",U51<>"NC",U51<>"SF",U51<>""),AND(W51<>"NA",W51<>"C",W51<>"NC",W51<>"SF",W51<>""),AND(Y51<>"NA",Y51<>"C",Y51<>"NC",Y51<>"SF",Y51<>""),AND(AA51<>"NA",AA51<>"C",AA51<>"NC",AA51<>"SF",AA51<>""),AND(AC51<>"NA",AC51<>"C",AC51<>"NC",AC51<>"SF",AC51<>"")),"FALSO",IF(AND(O51="NA",Q51="NA",S51="NA",U51="NA",W51="NA",Y51="NA",AA51="NA",AC51="NA"),"NA",IF(OR(O51="NC",Q51="NC",S51="NC",U51="NC",W51="NC",Y51="NC",AA51="NC",AC51="NC",O51="SF",Q51="SF",S51="SF",U51="SF",W51="SF",Y51="SF",AA51="SF",AC51="SF"),"NC",IF(OR(O51="C",Q51="C",S51="C",U51="C",W51="C",Y51="C",AA51="C",AC51="C"),"C",""))))) -> C | AG51: =IF(AND(AE51="C",AF51="C"),"UTILIZOU O PDA CORRETAMENTE",IF(AND(AE51="C",AF51="NC"),"UTILIZOU O PDA CORRETAMENTE. NÃO HÁ FOTOS DE TODAS AS ETAPAS",IF(AND(AE51="NC",AF51="NC"),"NÃO UTILIZOU O PDA",IF(AND(AE51="NA",AF51="NA"),"NÃO AVALIADO POR FALHA DE SINCRONISMO")))) -> UTILIZOU O PDA CORRETAMENTE | AH51: C | AI51: FREGUESIA DO Ó | AJ51: =E51 -> SÃO PAULO | AK51: ÁGUA
A52: ONMF - DIV MANUT SERV OPE FREGUESIA | B52: 2618429695 | C52: SONDAR RAMAL DE ÁGUA | D52: OUTROS SERVIÇOS DE ÁGUA | E52: SÃO PAULO | F52: RUA ALTO DE MONTALEGRE | G52: 246 | H52: C/2 | I52: LAUZANE PAULISTA | J52: SONDAGEM DE RAMAL DE AGUA | L52: 46117.699 | M52: 46117.699 | N52: MOISES ANICACIO DE JESUS | O52: C | Q52: C | S52: C | U52: C | W52: SF | Y52: NA | AA52: C | AC52: C | AE52: C | AF52: =IF(AND(O52="",Q52="",S52="",U52="",W52="",Y52="",AA52="",AC52=""),"",IF(OR(AND(O52<>"NA",O52<>"C",O52<>"NC",O52<>"SF",O52<>""),AND(Q52<>"NA",Q52<>"C",Q52<>"NC",Q52<>"SF",Q52<>""),AND(S52<>"NA",S52<>"C",S52<>"NC",S52<>"SF",S52<>""),AND(U52<>"NA",U52<>"C",U52<>"NC",U52<>"SF",U52<>""),AND(W52<>"NA",W52<>"C",W52<>"NC",W52<>"SF",W52<>""),AND(Y52<>"NA",Y52<>"C",Y52<>"NC",Y52<>"SF",Y52<>""),AND(AA52<>"NA",AA52<>"C",AA52<>"NC",AA52<>"SF",AA52<>""),AND(AC52<>"NA",AC52<>"C",AC52<>"NC",AC52<>"SF",AC52<>"")),"FALSO",IF(AND(O52="NA",Q52="NA",S52="NA",U52="NA",W52="NA",Y52="NA",AA52="NA",AC52="NA"),"NA",IF(OR(O52="NC",Q52="NC",S52="NC",U52="NC",W52="NC",Y52="NC",AA52="NC",AC52="NC",O52="SF",Q52="SF",S52="SF",U52="SF",W52="SF",Y52="SF",AA52="SF",AC52="SF"),"NC",IF(OR(O52="C",Q52="C",S52="C",U52="C",W52="C",Y52="C",AA52="C",AC52="C"),"C",""))))) -> NC | AG52: =IF(AND(AE52="C",AF52="C"),"UTILIZOU O PDA CORRETAMENTE",IF(AND(AE52="C",AF52="NC"),"UTILIZOU O PDA CORRETAMENTE. NÃO HÁ FOTOS DE TODAS AS ETAPAS",IF(AND(AE52="NC",AF52="NC"),"NÃO UTILIZOU O PDA",IF(AND(AE52="NA",AF52="NA"),"NÃO AVALIADO POR FALHA DE SINCRONISMO")))) -> UTILIZOU O PDA CORRETAMENTE. NÃO HÁ FOTOS DE TODAS AS ETAPAS | AI52: FREGUESIA DO Ó | AJ52: =E52 -> SÃO PAULO | AK52: ÁGUA
A53: ONMF - DIV MANUT SERV OPE FREGUESIA | B53: 2618465069 | C53: VAZAMENTO DE ÁGUA LEITO PAVIMENTADO | D53: VAZAMENTO DE ÁGUA | E53: SÃO PAULO | F53: AVENIDA SENADOR JOSE ERMIRIO DE MORAES | G53: 1559 | I53: V ALBERTINA | J53: REPARO DE REDE DE AGUA | L53: 46147.36 | M53: 46147.461 | N53: GILTON APARECIDO GUIMARAES BARBOSA | O53: C | Q53: C | S53: C | U53: C | W53: C | Y53: NA | AA53: C | AC53: C | AE53: C | AF53: =IF(AND(O53="",Q53="",S53="",U53="",W53="",Y53="",AA53="",AC53=""),"",IF(OR(AND(O53<>"NA",O53<>"C",O53<>"NC",O53<>"SF",O53<>""),AND(Q53<>"NA",Q53<>"C",Q53<>"NC",Q53<>"SF",Q53<>""),AND(S53<>"NA",S53<>"C",S53<>"NC",S53<>"SF",S53<>""),AND(U53<>"NA",U53<>"C",U53<>"NC",U53<>"SF",U53<>""),AND(W53<>"NA",W53<>"C",W53<>"NC",W53<>"SF",W53<>""),AND(Y53<>"NA",Y53<>"C",Y53<>"NC",Y53<>"SF",Y53<>""),AND(AA53<>"NA",AA53<>"C",AA53<>"NC",AA53<>"SF",AA53<>""),AND(AC53<>"NA",AC53<>"C",AC53<>"NC",AC53<>"SF",AC53<>"")),"FALSO",IF(AND(O53="NA",Q53="NA",S53="NA",U53="NA",W53="NA",Y53="NA",AA53="NA",AC53="NA"),"NA",IF(OR(O53="NC",Q53="NC",S53="NC",U53="NC",W53="NC",Y53="NC",AA53="NC",AC53="NC",O53="SF",Q53="SF",S53="SF",U53="SF",W53="SF",Y53="SF",AA53="SF",AC53="SF"),"NC",IF(OR(O53="C",Q53="C",S53="C",U53="C",W53="C",Y53="C",AA53="C",AC53="C"),"C",""))))) -> C | AG53: =IF(AND(AE53="C",AF53="C"),"UTILIZOU O PDA CORRETAMENTE",IF(AND(AE53="C",AF53="NC"),"UTILIZOU O PDA CORRETAMENTE. NÃO HÁ FOTOS DE TODAS AS ETAPAS",IF(AND(AE53="NC",AF53="NC"),"NÃO UTILIZOU O PDA",IF(AND(AE53="NA",AF53="NA"),"NÃO AVALIADO POR FALHA DE SINCRONISMO")))) -> UTILIZOU O PDA CORRETAMENTE | AH53: C | AI53: FREGUESIA DO Ó | AJ53: =E53 -> SÃO PAULO | AK53: ÁGUA
A54: ONMF - DIV MANUT SERV OPE FREGUESIA | B54: 2618532999 | C54: VAZAMENTO DE ÁGUA LEITO PAVIMENTADO | D54: VAZAMENTO DE ÁGUA | E54: SÃO PAULO | F54: RUA DOM MEINRADO | G54: 76 | I54: VL MANOEL LOPES | J54: REPARO DE REDE DE AGUA | L54: 46147.25 | M54: 46147.251 | N54: FRANCISCO CARLOS LEITE DA SILVA | O54: C | Q54: C | S54: C | U54: C | W54: C | Y54: NA | AA54: C | AC54: C | AE54: C | AF54: =IF(AND(O54="",Q54="",S54="",U54="",W54="",Y54="",AA54="",AC54=""),"",IF(OR(AND(O54<>"NA",O54<>"C",O54<>"NC",O54<>"SF",O54<>""),AND(Q54<>"NA",Q54<>"C",Q54<>"NC",Q54<>"SF",Q54<>""),AND(S54<>"NA",S54<>"C",S54<>"NC",S54<>"SF",S54<>""),AND(U54<>"NA",U54<>"C",U54<>"NC",U54<>"SF",U54<>""),AND(W54<>"NA",W54<>"C",W54<>"NC",W54<>"SF",W54<>""),AND(Y54<>"NA",Y54<>"C",Y54<>"NC",Y54<>"SF",Y54<>""),AND(AA54<>"NA",AA54<>"C",AA54<>"NC",AA54<>"SF",AA54<>""),AND(AC54<>"NA",AC54<>"C",AC54<>"NC",AC54<>"SF",AC54<>"")),"FALSO",IF(AND(O54="NA",Q54="NA",S54="NA",U54="NA",W54="NA",Y54="NA",AA54="NA",AC54="NA"),"NA",IF(OR(O54="NC",Q54="NC",S54="NC",U54="NC",W54="NC",Y54="NC",AA54="NC",AC54="NC",O54="SF",Q54="SF",S54="SF",U54="SF",W54="SF",Y54="SF",AA54="SF",AC54="SF"),"NC",IF(OR(O54="C",Q54="C",S54="C",U54="C",W54="C",Y54="C",AA54="C",AC54="C"),"C",""))))) -> C | AG54: =IF(AND(AE54="C",AF54="C"),"UTILIZOU O PDA CORRETAMENTE",IF(AND(AE54="C",AF54="NC"),"UTILIZOU O PDA CORRETAMENTE. NÃO HÁ FOTOS DE TODAS AS ETAPAS",IF(AND(AE54="NC",AF54="NC"),"NÃO UTILIZOU O PDA",IF(AND(AE54="NA",AF54="NA"),"NÃO AVALIADO POR FALHA DE SINCRONISMO")))) -> UTILIZOU O PDA CORRETAMENTE | AH54: C | AI54: FREGUESIA DO Ó | AJ54: =E54 -> SÃO PAULO | AK54: ÁGUA
A55: ONMF - DIV MANUT SERV OPE FREGUESIA | B55: 2618424341 | C55: INCLUIR LIG DE ÁGUA EM CAV MÚLTIPLO S/V | D55: LIGAÇÃO DE ÁGUA | E55: SÃO PAULO | F55: ESTRADA DO SABAO | G55: 208 | H55: C/4 | I55: VL BRASILANDIA | J55: INCLUSÃO DE LIG DE AGUA EM CAV MULT S/V | K55: foi executado a inclusão de ligação de água | L55: 46147.677 | M55: 46147.682 | N55: LUIZ FERNANDO DIAS BARBOSA DE ALMEIDA | O55: C | Q55: NA | S55: NA | U55: NA | W55: NA | Y55: NA | AA55: NA | AC55: C | AE55: C | AF55: =IF(AND(O55="",Q55="",S55="",U55="",W55="",Y55="",AA55="",AC55=""),"",IF(OR(AND(O55<>"NA",O55<>"C",O55<>"NC",O55<>"SF",O55<>""),AND(Q55<>"NA",Q55<>"C",Q55<>"NC",Q55<>"SF",Q55<>""),AND(S55<>"NA",S55<>"C",S55<>"NC",S55<>"SF",S55<>""),AND(U55<>"NA",U55<>"C",U55<>"NC",U55<>"SF",U55<>""),AND(W55<>"NA",W55<>"C",W55<>"NC",W55<>"SF",W55<>""),AND(Y55<>"NA",Y55<>"C",Y55<>"NC",Y55<>"SF",Y55<>""),AND(AA55<>"NA",AA55<>"C",AA55<>"NC",AA55<>"SF",AA55<>""),AND(AC55<>"NA",AC55<>"C",AC55<>"NC",AC55<>"SF",AC55<>"")),"FALSO",IF(AND(O55="NA",Q55="NA",S55="NA",U55="NA",W55="NA",Y55="NA",AA55="NA",AC55="NA"),"NA",IF(OR(O55="NC",Q55="NC",S55="NC",U55="NC",W55="NC",Y55="NC",AA55="NC",AC55="NC",O55="SF",Q55="SF",S55="SF",U55="SF",W55="SF",Y55="SF",AA55="SF",AC55="SF"),"NC",IF(OR(O55="C",Q55="C",S55="C",U55="C",W55="C",Y55="C",AA55="C",AC55="C"),"C",""))))) -> C | AG55: =IF(AND(AE55="C",AF55="C"),"UTILIZOU O PDA CORRETAMENTE",IF(AND(AE55="C",AF55="NC"),"UTILIZOU O PDA CORRETAMENTE. NÃO HÁ FOTOS DE TODAS AS ETAPAS",IF(AND(AE55="NC",AF55="NC"),"NÃO UTILIZOU O PDA",IF(AND(AE55="NA",AF55="NA"),"NÃO AVALIADO POR FALHA DE SINCRONISMO")))) -> UTILIZOU O PDA CORRETAMENTE | AH55: C | AI55: FREGUESIA DO Ó | AJ55: =E55 -> SÃO PAULO | AK55: ÁGUA
A56: ONMF - DIV MANUT SERV OPE FREGUESIA | B56: 2618424012 | C56: SUBSTITUIR LIGAÇÃO DE AGUA | D56: LIGAÇÃO DE ÁGUA | E56: SÃO PAULO | F56: ESTRADA DO SABAO | G56: 208 | H56: C/1 | I56: VL CRUZ DAS ALMAS | J56: SUBSTITUIDA LIGAÇÃO DE AGUA | K56: eixo , reposição.pa em obra | L56: 46147.684 | M56: 46147.687 | N56: LUIZ FERNANDO DIAS BARBOSA DE ALMEIDA | O56: C | Q56: C | S56: C | U56: C | W56: C | Y56: NA | AA56: C | AC56: C | AE56: C | AF56: =IF(AND(O56="",Q56="",S56="",U56="",W56="",Y56="",AA56="",AC56=""),"",IF(OR(AND(O56<>"NA",O56<>"C",O56<>"NC",O56<>"SF",O56<>""),AND(Q56<>"NA",Q56<>"C",Q56<>"NC",Q56<>"SF",Q56<>""),AND(S56<>"NA",S56<>"C",S56<>"NC",S56<>"SF",S56<>""),AND(U56<>"NA",U56<>"C",U56<>"NC",U56<>"SF",U56<>""),AND(W56<>"NA",W56<>"C",W56<>"NC",W56<>"SF",W56<>""),AND(Y56<>"NA",Y56<>"C",Y56<>"NC",Y56<>"SF",Y56<>""),AND(AA56<>"NA",AA56<>"C",AA56<>"NC",AA56<>"SF",AA56<>""),AND(AC56<>"NA",AC56<>"C",AC56<>"NC",AC56<>"SF",AC56<>"")),"FALSO",IF(AND(O56="NA",Q56="NA",S56="NA",U56="NA",W56="NA",Y56="NA",AA56="NA",AC56="NA"),"NA",IF(OR(O56="NC",Q56="NC",S56="NC",U56="NC",W56="NC",Y56="NC",AA56="NC",AC56="NC",O56="SF",Q56="SF",S56="SF",U56="SF",W56="SF",Y56="SF",AA56="SF",AC56="SF"),"NC",IF(OR(O56="C",Q56="C",S56="C",U56="C",W56="C",Y56="C",AA56="C",AC56="C"),"C",""))))) -> C | AG56: =IF(AND(AE56="C",AF56="C"),"UTILIZOU O PDA CORRETAMENTE",IF(AND(AE56="C",AF56="NC"),"UTILIZOU O PDA CORRETAMENTE. NÃO HÁ FOTOS DE TODAS AS ETAPAS",IF(AND(AE56="NC",AF56="NC"),"NÃO UTILIZOU O PDA",IF(AND(AE56="NA",AF56="NA"),"NÃO AVALIADO POR FALHA DE SINCRONISMO")))) -> UTILIZOU O PDA CORRETAMENTE | AH56: C | AI56: FREGUESIA DO Ó | AJ56: =E56 -> SÃO PAULO | AK56: ÁGUA
A57: ONMF - DIV MANUT SERV OPE FREGUESIA | B57: 2692297098 | C57: SONDAR RAMAL DE ÁGUA | D57: OUTROS SERVIÇOS DE ÁGUA | E57: SÃO PAULO | F57: AVENIDA DEPUTADO CANTIDIO SAMPAIO | G57: 201 | I57: BRASILANDIA | J57: SONDAGEM DE RAMAL DE AGUA | K57: não tirado foto do iserado devido foi feito uma sondagem na caixinha que coloca relógio da sabesp | L57: 46147.381 | M57: 46147.383 | N57: SEVERINO RAMOS COSTA DE PAULA | O57: SF | Q57: SF | S57: SF | U57: SF | W57: SF | Y57: SF | AA57: SF | AC57: SF | AE57: NC | AF57: =IF(AND(O57="",Q57="",S57="",U57="",W57="",Y57="",AA57="",AC57=""),"",IF(OR(AND(O57<>"NA",O57<>"C",O57<>"NC",O57<>"SF",O57<>""),AND(Q57<>"NA",Q57<>"C",Q57<>"NC",Q57<>"SF",Q57<>""),AND(S57<>"NA",S57<>"C",S57<>"NC",S57<>"SF",S57<>""),AND(U57<>"NA",U57<>"C",U57<>"NC",U57<>"SF",U57<>""),AND(W57<>"NA",W57<>"C",W57<>"NC",W57<>"SF",W57<>""),AND(Y57<>"NA",Y57<>"C",Y57<>"NC",Y57<>"SF",Y57<>""),AND(AA57<>"NA",AA57<>"C",AA57<>"NC",AA57<>"SF",AA57<>""),AND(AC57<>"NA",AC57<>"C",AC57<>"NC",AC57<>"SF",AC57<>"")),"FALSO",IF(AND(O57="NA",Q57="NA",S57="NA",U57="NA",W57="NA",Y57="NA",AA57="NA",AC57="NA"),"NA",IF(OR(O57="NC",Q57="NC",S57="NC",U57="NC",W57="NC",Y57="NC",AA57="NC",AC57="NC",O57="SF",Q57="SF",S57="SF",U57="SF",W57="SF",Y57="SF",AA57="SF",AC57="SF"),"NC",IF(OR(O57="C",Q57="C",S57="C",U57="C",W57="C",Y57="C",AA57="C",AC57="C"),"C",""))))) -> NC | AG57: =IF(AND(AE57="C",AF57="C"),"UTILIZOU O PDA CORRETAMENTE",IF(AND(AE57="C",AF57="NC"),"UTILIZOU O PDA CORRETAMENTE. NÃO HÁ FOTOS DE TODAS AS ETAPAS",IF(AND(AE57="NC",AF57="NC"),"NÃO UTILIZOU O PDA",IF(AND(AE57="NA",AF57="NA"),"NÃO AVALIADO POR FALHA DE SINCRONISMO")))) -> NÃO UTILIZOU O PDA | AI57: FREGUESIA DO Ó | AJ57: =E57 -> SÃO PAULO | AK57: ÁGUA
A58: ONMF - DIV MANUT SERV OPE FREGUESIA | B58: 2618478329 | C58: TROCAR RAMAL DE ÁGUA - VAZ NÃO VISIVEL | D58: VAZAMENTO DE ÁGUA | E58: SÃO PAULO | F58: RUA DOUTOR MIGUEL DORGAN | G58: 223 | I58: HORTO FLORESTAL | J58: TROCA DE RAMAL DE AGUA NÃO VISIVEL | K58: obs em obra do esgoto. | L58: 46147.411 | M58: 46147.412 | N58: CLEITON JOSE DOS SANTOS | O58: C | Q58: C | S58: C | U58: C | W58: C | Y58: C | AA58: C | AC58: C | AE58: C | AF58: =IF(AND(O58="",Q58="",S58="",U58="",W58="",Y58="",AA58="",AC58=""),"",IF(OR(AND(O58<>"NA",O58<>"C",O58<>"NC",O58<>"SF",O58<>""),AND(Q58<>"NA",Q58<>"C",Q58<>"NC",Q58<>"SF",Q58<>""),AND(S58<>"NA",S58<>"C",S58<>"NC",S58<>"SF",S58<>""),AND(U58<>"NA",U58<>"C",U58<>"NC",U58<>"SF",U58<>""),AND(W58<>"NA",W58<>"C",W58<>"NC",W58<>"SF",W58<>""),AND(Y58<>"NA",Y58<>"C",Y58<>"NC",Y58<>"SF",Y58<>""),AND(AA58<>"NA",AA58<>"C",AA58<>"NC",AA58<>"SF",AA58<>""),AND(AC58<>"NA",AC58<>"C",AC58<>"NC",AC58<>"SF",AC58<>"")),"FALSO",IF(AND(O58="NA",Q58="NA",S58="NA",U58="NA",W58="NA",Y58="NA",AA58="NA",AC58="NA"),"NA",IF(OR(O58="NC",Q58="NC",S58="NC",U58="NC",W58="NC",Y58="NC",AA58="NC",AC58="NC",O58="SF",Q58="SF",S58="SF",U58="SF",W58="SF",Y58="SF",AA58="SF",AC58="SF"),"NC",IF(OR(O58="C",Q58="C",S58="C",U58="C",W58="C",Y58="C",AA58="C",AC58="C"),"C",""))))) -> C | AG58: =IF(AND(AE58="C",AF58="C"),"UTILIZOU O PDA CORRETAMENTE",IF(AND(AE58="C",AF58="NC"),"UTILIZOU O PDA CORRETAMENTE. NÃO HÁ FOTOS DE TODAS AS ETAPAS",IF(AND(AE58="NC",AF58="NC"),"NÃO UTILIZOU O PDA",IF(AND(AE58="NA",AF58="NA"),"NÃO AVALIADO POR FALHA DE SINCRONISMO")))) -> UTILIZOU O PDA CORRETAMENTE | AH58: C | AI58: FREGUESIA DO Ó | AJ58: =E58 -> SÃO PAULO | AK58: ÁGUA
A59: ONMF - DIV MANUT SERV OPE FREGUESIA | B59: 2618615629 | C59: TROCAR RAMAL DE ÁGUA PREVENTIVA | D59: RAMAL DE ÁGUA | E59: SÃO PAULO | F59: RUA ANTONIO CORREIA | G59: 172 | H59: C/1 | I59: V BONILHA | J59: TROCA DE RAMAL DE AGUA PREVENTIVA | K59: fotos estão nessa OS 2618460485 | L59: 46147.598 | M59: 46147.599 | N59: IZAQUEU FERREIRA DE SOUSA | O59: C | Q59: C | S59: C | U59: C | W59: C | Y59: C | AA59: C | AC59: C | AE59: C | AF59: =IF(AND(O59="",Q59="",S59="",U59="",W59="",Y59="",AA59="",AC59=""),"",IF(OR(AND(O59<>"NA",O59<>"C",O59<>"NC",O59<>"SF",O59<>""),AND(Q59<>"NA",Q59<>"C",Q59<>"NC",Q59<>"SF",Q59<>""),AND(S59<>"NA",S59<>"C",S59<>"NC",S59<>"SF",S59<>""),AND(U59<>"NA",U59<>"C",U59<>"NC",U59<>"SF",U59<>""),AND(W59<>"NA",W59<>"C",W59<>"NC",W59<>"SF",W59<>""),AND(Y59<>"NA",Y59<>"C",Y59<>"NC",Y59<>"SF",Y59<>""),AND(AA59<>"NA",AA59<>"C",AA59<>"NC",AA59<>"SF",AA59<>""),AND(AC59<>"NA",AC59<>"C",AC59<>"NC",AC59<>"SF",AC59<>"")),"FALSO",IF(AND(O59="NA",Q59="NA",S59="NA",U59="NA",W59="NA",Y59="NA",AA59="NA",AC59="NA"),"NA",IF(OR(O59="NC",Q59="NC",S59="NC",U59="NC",W59="NC",Y59="NC",AA59="NC",AC59="NC",O59="SF",Q59="SF",S59="SF",U59="SF",W59="SF",Y59="SF",AA59="SF",AC59="SF"),"NC",IF(OR(O59="C",Q59="C",S59="C",U59="C",W59="C",Y59="C",AA59="C",AC59="C"),"C",""))))) -> C | AG59: =IF(AND(AE59="C",AF59="C"),"UTILIZOU O PDA CORRETAMENTE",IF(AND(AE59="C",AF59="NC"),"UTILIZOU O PDA CORRETAMENTE. NÃO HÁ FOTOS DE TODAS AS ETAPAS",IF(AND(AE59="NC",AF59="NC"),"NÃO UTILIZOU O PDA",IF(AND(AE59="NA",AF59="NA"),"NÃO AVALIADO POR FALHA DE SINCRONISMO")))) -> UTILIZOU O PDA CORRETAMENTE | AH59: C | AI59: FREGUESIA DO Ó | AJ59: =E59 -> SÃO PAULO | AK59: ÁGUA
A60: ONMF - DIV MANUT SERV OPE FREGUESIA | B60: 2618630086 | C60: PASSAR RAMAL DE ÁGUA PARA NOVA REDE | D60: RAMAL DE ÁGUA | E60: SÃO PAULO | F60: RUA CELSO VIEIRA | G60: 272 | I60: VL PEREIRA BARRETO | J60: PASSADO RAMAL DE AGUA PARA NOVA REDE | K60: fotos estão nesta OS 2618629469 | L60: 46147.606 | M60: 46147.609 | N60: RAIMUNDO DA EXALTACAO | O60: C | Q60: C | S60: C | U60: C | W60: C | Y60: C | AA60: C | AC60: C | AE60: C | AF60: =IF(AND(O60="",Q60="",S60="",U60="",W60="",Y60="",AA60="",AC60=""),"",IF(OR(AND(O60<>"NA",O60<>"C",O60<>"NC",O60<>"SF",O60<>""),AND(Q60<>"NA",Q60<>"C",Q60<>"NC",Q60<>"SF",Q60<>""),AND(S60<>"NA",S60<>"C",S60<>"NC",S60<>"SF",S60<>""),AND(U60<>"NA",U60<>"C",U60<>"NC",U60<>"SF",U60<>""),AND(W60<>"NA",W60<>"C",W60<>"NC",W60<>"SF",W60<>""),AND(Y60<>"NA",Y60<>"C",Y60<>"NC",Y60<>"SF",Y60<>""),AND(AA60<>"NA",AA60<>"C",AA60<>"NC",AA60<>"SF",AA60<>""),AND(AC60<>"NA",AC60<>"C",AC60<>"NC",AC60<>"SF",AC60<>"")),"FALSO",IF(AND(O60="NA",Q60="NA",S60="NA",U60="NA",W60="NA",Y60="NA",AA60="NA",AC60="NA"),"NA",IF(OR(O60="NC",Q60="NC",S60="NC",U60="NC",W60="NC",Y60="NC",AA60="NC",AC60="NC",O60="SF",Q60="SF",S60="SF",U60="SF",W60="SF",Y60="SF",AA60="SF",AC60="SF"),"NC",IF(OR(O60="C",Q60="C",S60="C",U60="C",W60="C",Y60="C",AA60="C",AC60="C"),"C",""))))) -> C | AG60: =IF(AND(AE60="C",AF60="C"),"UTILIZOU O PDA CORRETAMENTE",IF(AND(AE60="C",AF60="NC"),"UTILIZOU O PDA CORRETAMENTE. NÃO HÁ FOTOS DE TODAS AS ETAPAS",IF(AND(AE60="NC",AF60="NC"),"NÃO UTILIZOU O PDA",IF(AND(AE60="NA",AF60="NA"),"NÃO AVALIADO POR FALHA DE SINCRONISMO")))) -> UTILIZOU O PDA CORRETAMENTE | AH60: C | AI60: FREGUESIA DO Ó | AJ60: =E60 -> SÃO PAULO | AK60: ÁGUA
A61: ONMF - DIV MANUT SERV OPE FREGUESIA | B61: 2618631631 | C61: PASSAR RAMAL DE ÁGUA PARA NOVA REDE | D61: RAMAL DE ÁGUA | E61: SÃO PAULO | F61: RUA CELSO VIEIRA | G61: 262 | I61: VL PEREIRA BARRETO | J61: PASSADO RAMAL DE AGUA PARA NOVA REDE | K61: fotos estão nesta OS sem Reposição de asfalto pois o serviço foi executado na mesma vala do n 252. | L61: 46147.602 | M61: 46147.604 | N61: RAIMUNDO DA EXALTACAO | O61: C | Q61: C | S61: C | U61: C | W61: C | Y61: C | AA61: C | AC61: C | AE61: C | AF61: =IF(AND(O61="",Q61="",S61="",U61="",W61="",Y61="",AA61="",AC61=""),"",IF(OR(AND(O61<>"NA",O61<>"C",O61<>"NC",O61<>"SF",O61<>""),AND(Q61<>"NA",Q61<>"C",Q61<>"NC",Q61<>"SF",Q61<>""),AND(S61<>"NA",S61<>"C",S61<>"NC",S61<>"SF",S61<>""),AND(U61<>"NA",U61<>"C",U61<>"NC",U61<>"SF",U61<>""),AND(W61<>"NA",W61<>"C",W61<>"NC",W61<>"SF",W61<>""),AND(Y61<>"NA",Y61<>"C",Y61<>"NC",Y61<>"SF",Y61<>""),AND(AA61<>"NA",AA61<>"C",AA61<>"NC",AA61<>"SF",AA61<>""),AND(AC61<>"NA",AC61<>"C",AC61<>"NC",AC61<>"SF",AC61<>"")),"FALSO",IF(AND(O61="NA",Q61="NA",S61="NA",U61="NA",W61="NA",Y61="NA",AA61="NA",AC61="NA"),"NA",IF(OR(O61="NC",Q61="NC",S61="NC",U61="NC",W61="NC",Y61="NC",AA61="NC",AC61="NC",O61="SF",Q61="SF",S61="SF",U61="SF",W61="SF",Y61="SF",AA61="SF",AC61="SF"),"NC",IF(OR(O61="C",Q61="C",S61="C",U61="C",W61="C",Y61="C",AA61="C",AC61="C"),"C",""))))) -> C | AG61: =IF(AND(AE61="C",AF61="C"),"UTILIZOU O PDA CORRETAMENTE",IF(AND(AE61="C",AF61="NC"),"UTILIZOU O PDA CORRETAMENTE. NÃO HÁ FOTOS DE TODAS AS ETAPAS",IF(AND(AE61="NC",AF61="NC"),"NÃO UTILIZOU O PDA",IF(AND(AE61="NA",AF61="NA"),"NÃO AVALIADO POR FALHA DE SINCRONISMO")))) -> UTILIZOU O PDA CORRETAMENTE | AH61: C | AI61: FREGUESIA DO Ó | AJ61: =E61 -> SÃO PAULO | AK61: ÁGUA
A62: ONMF - DIV MANUT SERV OPE FREGUESIA | B62: 2618630650 | C62: PASSAR RAMAL DE ÁGUA PARA NOVA REDE | D62: RAMAL DE ÁGUA | E62: SÃO PAULO | F62: RUA CELSO VIEIRA | G62: 268 | H62: FDS | I62: VL PEREIRA BARRETO | J62: PASSADO RAMAL DE AGUA PARA NOVA REDE | K62: fotos estão nesta OS 2618629469 sem Reposição de asfalto pois o serviço foi executado na mesma vala do n 272 | L62: 46147.611 | M62: 46147.624 | N62: RAIMUNDO DA EXALTACAO | O62: C | Q62: C | S62: C | U62: C | W62: C | Y62: C | AA62: C | AC62: C | AE62: C | AF62: =IF(AND(O62="",Q62="",S62="",U62="",W62="",Y62="",AA62="",AC62=""),"",IF(OR(AND(O62<>"NA",O62<>"C",O62<>"NC",O62<>"SF",O62<>""),AND(Q62<>"NA",Q62<>"C",Q62<>"NC",Q62<>"SF",Q62<>""),AND(S62<>"NA",S62<>"C",S62<>"NC",S62<>"SF",S62<>""),AND(U62<>"NA",U62<>"C",U62<>"NC",U62<>"SF",U62<>""),AND(W62<>"NA",W62<>"C",W62<>"NC",W62<>"SF",W62<>""),AND(Y62<>"NA",Y62<>"C",Y62<>"NC",Y62<>"SF",Y62<>""),AND(AA62<>"NA",AA62<>"C",AA62<>"NC",AA62<>"SF",AA62<>""),AND(AC62<>"NA",AC62<>"C",AC62<>"NC",AC62<>"SF",AC62<>"")),"FALSO",IF(AND(O62="NA",Q62="NA",S62="NA",U62="NA",W62="NA",Y62="NA",AA62="NA",AC62="NA"),"NA",IF(OR(O62="NC",Q62="NC",S62="NC",U62="NC",W62="NC",Y62="NC",AA62="NC",AC62="NC",O62="SF",Q62="SF",S62="SF",U62="SF",W62="SF",Y62="SF",AA62="SF",AC62="SF"),"NC",IF(OR(O62="C",Q62="C",S62="C",U62="C",W62="C",Y62="C",AA62="C",AC62="C"),"C",""))))) -> C | AG62: =IF(AND(AE62="C",AF62="C"),"UTILIZOU O PDA CORRETAMENTE",IF(AND(AE62="C",AF62="NC"),"UTILIZOU O PDA CORRETAMENTE. NÃO HÁ FOTOS DE TODAS AS ETAPAS",IF(AND(AE62="NC",AF62="NC"),"NÃO UTILIZOU O PDA",IF(AND(AE62="NA",AF62="NA"),"NÃO AVALIADO POR FALHA DE SINCRONISMO")))) -> UTILIZOU O PDA CORRETAMENTE | AH62: C | AI62: FREGUESIA DO Ó | AJ62: =E62 -> SÃO PAULO | AK62: ÁGUA
A63: ONMF - DIV MANUT SERV OPE FREGUESIA | B63: 2618629469 | C63: PASSAR RAMAL DE ÁGUA PARA NOVA REDE | D63: RAMAL DE ÁGUA | E63: SÃO PAULO | F63: RUA CELSO VIEIRA | G63: 252 | I63: VL PEREIRA BARRETO | J63: PASSADO RAMAL DE AGUA PARA NOVA REDE | L63: 46178.37 | M63: 46178.372 | N63: RAIMUNDO DA EXALTACAO | O63: C | Q63: C | S63: C | U63: C | W63: C | Y63: C | AA63: C | AC63: C | AE63: C | AF63: =IF(AND(O63="",Q63="",S63="",U63="",W63="",Y63="",AA63="",AC63=""),"",IF(OR(AND(O63<>"NA",O63<>"C",O63<>"NC",O63<>"SF",O63<>""),AND(Q63<>"NA",Q63<>"C",Q63<>"NC",Q63<>"SF",Q63<>""),AND(S63<>"NA",S63<>"C",S63<>"NC",S63<>"SF",S63<>""),AND(U63<>"NA",U63<>"C",U63<>"NC",U63<>"SF",U63<>""),AND(W63<>"NA",W63<>"C",W63<>"NC",W63<>"SF",W63<>""),AND(Y63<>"NA",Y63<>"C",Y63<>"NC",Y63<>"SF",Y63<>""),AND(AA63<>"NA",AA63<>"C",AA63<>"NC",AA63<>"SF",AA63<>""),AND(AC63<>"NA",AC63<>"C",AC63<>"NC",AC63<>"SF",AC63<>"")),"FALSO",IF(AND(O63="NA",Q63="NA",S63="NA",U63="NA",W63="NA",Y63="NA",AA63="NA",AC63="NA"),"NA",IF(OR(O63="NC",Q63="NC",S63="NC",U63="NC",W63="NC",Y63="NC",AA63="NC",AC63="NC",O63="SF",Q63="SF",S63="SF",U63="SF",W63="SF",Y63="SF",AA63="SF",AC63="SF"),"NC",IF(OR(O63="C",Q63="C",S63="C",U63="C",W63="C",Y63="C",AA63="C",AC63="C"),"C",""))))) -> C | AG63: =IF(AND(AE63="C",AF63="C"),"UTILIZOU O PDA CORRETAMENTE",IF(AND(AE63="C",AF63="NC"),"UTILIZOU O PDA CORRETAMENTE. NÃO HÁ FOTOS DE TODAS AS ETAPAS",IF(AND(AE63="NC",AF63="NC"),"NÃO UTILIZOU O PDA",IF(AND(AE63="NA",AF63="NA"),"NÃO AVALIADO POR FALHA DE SINCRONISMO")))) -> UTILIZOU O PDA CORRETAMENTE | AH63: C | AI63: FREGUESIA DO Ó | AJ63: =E63 -> SÃO PAULO | AK63: ÁGUA
A64: ONMF - DIV MANUT SERV OPE FREGUESIA | B64: 2618699378 | C64: SONDAR REDE DE ÁGUA | D64: OUTROS SERVIÇOS DE ÁGUA | E64: SÃO PAULO | F64: RUA MARIA LOPES | G64: 66 | I64: V ROSA | J64: SONDAGEM DE REDE DE AGUA | K64: Observação nas fotos tá.os..2618432027 | L64: 46147.719 | M64: 46147.721 | N64: LUIZ CARLOS DA SILVA | O64: C | Q64: C | S64: SF | U64: NA | W64: NA | Y64: NA | AA64: C | AC64: C | AE64: C | AF64: =IF(AND(O64="",Q64="",S64="",U64="",W64="",Y64="",AA64="",AC64=""),"",IF(OR(AND(O64<>"NA",O64<>"C",O64<>"NC",O64<>"SF",O64<>""),AND(Q64<>"NA",Q64<>"C",Q64<>"NC",Q64<>"SF",Q64<>""),AND(S64<>"NA",S64<>"C",S64<>"NC",S64<>"SF",S64<>""),AND(U64<>"NA",U64<>"C",U64<>"NC",U64<>"SF",U64<>""),AND(W64<>"NA",W64<>"C",W64<>"NC",W64<>"SF",W64<>""),AND(Y64<>"NA",Y64<>"C",Y64<>"NC",Y64<>"SF",Y64<>""),AND(AA64<>"NA",AA64<>"C",AA64<>"NC",AA64<>"SF",AA64<>""),AND(AC64<>"NA",AC64<>"C",AC64<>"NC",AC64<>"SF",AC64<>"")),"FALSO",IF(AND(O64="NA",Q64="NA",S64="NA",U64="NA",W64="NA",Y64="NA",AA64="NA",AC64="NA"),"NA",IF(OR(O64="NC",Q64="NC",S64="NC",U64="NC",W64="NC",Y64="NC",AA64="NC",AC64="NC",O64="SF",Q64="SF",S64="SF",U64="SF",W64="SF",Y64="SF",AA64="SF",AC64="SF"),"NC",IF(OR(O64="C",Q64="C",S64="C",U64="C",W64="C",Y64="C",AA64="C",AC64="C"),"C",""))))) -> NC | AG64: =IF(AND(AE64="C",AF64="C"),"UTILIZOU O PDA CORRETAMENTE",IF(AND(AE64="C",AF64="NC"),"UTILIZOU O PDA CORRETAMENTE. NÃO HÁ FOTOS DE TODAS AS ETAPAS",IF(AND(AE64="NC",AF64="NC"),"NÃO UTILIZOU O PDA",IF(AND(AE64="NA",AF64="NA"),"NÃO AVALIADO POR FALHA DE SINCRONISMO")))) -> UTILIZOU O PDA CORRETAMENTE. NÃO HÁ FOTOS DE TODAS AS ETAPAS | AH64: C | AI64: FREGUESIA DO Ó | AJ64: =E64 -> SÃO PAULO | AK64: ÁGUA
A65: ONMF - DIV MANUT SERV OPE FREGUESIA | B65: 2618540708 | C65: TROCAR RAMAL DE ÁGUA | D65: VAZAMENTO DE ÁGUA | E65: SÃO PAULO | F65: RUA LUIS DA SILVA BRANDAO | G65: 12 | I65: JD PERI | J65: TROCA DE RAMAL DE AGUA | K65: as fotos dece serviço tá os 2618540708 passeio em obras no local | L65: 46147.511 | M65: 46147.514 | N65: SEVERINO RAMOS COSTA DE PAULA | O65: C | Q65: C | S65: C | U65: C | W65: C | Y65: NC | Z65: NÃO FOI POSSÍVEL FAZER LEITURA | AA65: C | AC65: C | AE65: C | AF65: =IF(AND(O65="",Q65="",S65="",U65="",W65="",Y65="",AA65="",AC65=""),"",IF(OR(AND(O65<>"NA",O65<>"C",O65<>"NC",O65<>"SF",O65<>""),AND(Q65<>"NA",Q65<>"C",Q65<>"NC",Q65<>"SF",Q65<>""),AND(S65<>"NA",S65<>"C",S65<>"NC",S65<>"SF",S65<>""),AND(U65<>"NA",U65<>"C",U65<>"NC",U65<>"SF",U65<>""),AND(W65<>"NA",W65<>"C",W65<>"NC",W65<>"SF",W65<>""),AND(Y65<>"NA",Y65<>"C",Y65<>"NC",Y65<>"SF",Y65<>""),AND(AA65<>"NA",AA65<>"C",AA65<>"NC",AA65<>"SF",AA65<>""),AND(AC65<>"NA",AC65<>"C",AC65<>"NC",AC65<>"SF",AC65<>"")),"FALSO",IF(AND(O65="NA",Q65="NA",S65="NA",U65="NA",W65="NA",Y65="NA",AA65="NA",AC65="NA"),"NA",IF(OR(O65="NC",Q65="NC",S65="NC",U65="NC",W65="NC",Y65="NC",AA65="NC",AC65="NC",O65="SF",Q65="SF",S65="SF",U65="SF",W65="SF",Y65="SF",AA65="SF",AC65="SF"),"NC",IF(OR(O65="C",Q65="C",S65="C",U65="C",W65="C",Y65="C",AA65="C",AC65="C"),"C",""))))) -> NC | AG65: =IF(AND(AE65="C",AF65="C"),"UTILIZOU O PDA CORRETAMENTE",IF(AND(AE65="C",AF65="NC"),"UTILIZOU O PDA CORRETAMENTE. NÃO HÁ FOTOS DE TODAS AS ETAPAS",IF(AND(AE65="NC",AF65="NC"),"NÃO UTILIZOU O PDA",IF(AND(AE65="NA",AF65="NA"),"NÃO AVALIADO POR FALHA DE SINCRONISMO")))) -> UTILIZOU O PDA CORRETAMENTE. NÃO HÁ FOTOS DE TODAS AS ETAPAS | AH65: C | AI65: FREGUESIA DO Ó | AJ65: =E65 -> SÃO PAULO | AK65: ÁGUA
A66: ONMF - DIV MANUT SERV OPE FREGUESIA | B66: 2618623964 | C66: VAZAMENTO DE ÁGUA LEITO PAVIMENTADO | D66: VAZAMENTO DE ÁGUA | E66: SÃO PAULO | F66: AVENIDA SENADOR JOSE ERMIRIO DE MORAES | G66: 1257 | H66: A | I66: V ALBERTINA | J66: SUPRIMIDO RAMAL DE AGUA ABANDONADO | K66: supressão no ferrolho | L66: 46147.585 | M66: 46147.676 | N66: GILTON APARECIDO GUIMARAES BARBOSA | O66: C | Q66: C | S66: C | U66: C | W66: C | Y66: NA | AA66: C | AC66: C | AE66: C | AF66: =IF(AND(O66="",Q66="",S66="",U66="",W66="",Y66="",AA66="",AC66=""),"",IF(OR(AND(O66<>"NA",O66<>"C",O66<>"NC",O66<>"SF",O66<>""),AND(Q66<>"NA",Q66<>"C",Q66<>"NC",Q66<>"SF",Q66<>""),AND(S66<>"NA",S66<>"C",S66<>"NC",S66<>"SF",S66<>""),AND(U66<>"NA",U66<>"C",U66<>"NC",U66<>"SF",U66<>""),AND(W66<>"NA",W66<>"C",W66<>"NC",W66<>"SF",W66<>""),AND(Y66<>"NA",Y66<>"C",Y66<>"NC",Y66<>"SF",Y66<>""),AND(AA66<>"NA",AA66<>"C",AA66<>"NC",AA66<>"SF",AA66<>""),AND(AC66<>"NA",AC66<>"C",AC66<>"NC",AC66<>"SF",AC66<>"")),"FALSO",IF(AND(O66="NA",Q66="NA",S66="NA",U66="NA",W66="NA",Y66="NA",AA66="NA",AC66="NA"),"NA",IF(OR(O66="NC",Q66="NC",S66="NC",U66="NC",W66="NC",Y66="NC",AA66="NC",AC66="NC",O66="SF",Q66="SF",S66="SF",U66="SF",W66="SF",Y66="SF",AA66="SF",AC66="SF"),"NC",IF(OR(O66="C",Q66="C",S66="C",U66="C",W66="C",Y66="C",AA66="C",AC66="C"),"C",""))))) -> C | AG66: =IF(AND(AE66="C",AF66="C"),"UTILIZOU O PDA CORRETAMENTE",IF(AND(AE66="C",AF66="NC"),"UTILIZOU O PDA CORRETAMENTE. NÃO HÁ FOTOS DE TODAS AS ETAPAS",IF(AND(AE66="NC",AF66="NC"),"NÃO UTILIZOU O PDA",IF(AND(AE66="NA",AF66="NA"),"NÃO AVALIADO POR FALHA DE SINCRONISMO")))) -> UTILIZOU O PDA CORRETAMENTE | AH66: C | AI66: FREGUESIA DO Ó | AJ66: =E66 -> SÃO PAULO | AK66: ÁGUA
A67: ONMF - DIV MANUT SERV OPE FREGUESIA | B67: 2618469737 | C67: SONDAR RAMAL DE ÁGUA | D67: OUTROS SERVIÇOS DE ÁGUA | E67: SÃO PAULO | F67: AVENIDA DOUTOR FRANCISCO RANIERI | G67: 779 | I67: LAUZANE PAULISTA | J67: SONDAGEM DE RAMAL DE AGUA | L67: 46147.253 | M67: 46147.254 | N67: ADECARLOS DE SOUSA SANTOS | O67: C | Q67: C | S67: C | U67: C | W67: C | Y67: NA | AA67: C | AC67: NC | AD67: AUSÊNCIA DE CARIMBO | AE67: C | AF67: =IF(AND(O67="",Q67="",S67="",U67="",W67="",Y67="",AA67="",AC67=""),"",IF(OR(AND(O67<>"NA",O67<>"C",O67<>"NC",O67<>"SF",O67<>""),AND(Q67<>"NA",Q67<>"C",Q67<>"NC",Q67<>"SF",Q67<>""),AND(S67<>"NA",S67<>"C",S67<>"NC",S67<>"SF",S67<>""),AND(U67<>"NA",U67<>"C",U67<>"NC",U67<>"SF",U67<>""),AND(W67<>"NA",W67<>"C",W67<>"NC",W67<>"SF",W67<>""),AND(Y67<>"NA",Y67<>"C",Y67<>"NC",Y67<>"SF",Y67<>""),AND(AA67<>"NA",AA67<>"C",AA67<>"NC",AA67<>"SF",AA67<>""),AND(AC67<>"NA",AC67<>"C",AC67<>"NC",AC67<>"SF",AC67<>"")),"FALSO",IF(AND(O67="NA",Q67="NA",S67="NA",U67="NA",W67="NA",Y67="NA",AA67="NA",AC67="NA"),"NA",IF(OR(O67="NC",Q67="NC",S67="NC",U67="NC",W67="NC",Y67="NC",AA67="NC",AC67="NC",O67="SF",Q67="SF",S67="SF",U67="SF",W67="SF",Y67="SF",AA67="SF",AC67="SF"),"NC",IF(OR(O67="C",Q67="C",S67="C",U67="C",W67="C",Y67="C",AA67="C",AC67="C"),"C",""))))) -> NC | AG67: =IF(AND(AE67="C",AF67="C"),"UTILIZOU O PDA CORRETAMENTE",IF(AND(AE67="C",AF67="NC"),"UTILIZOU O PDA CORRETAMENTE. NÃO HÁ FOTOS DE TODAS AS ETAPAS",IF(AND(AE67="NC",AF67="NC"),"NÃO UTILIZOU O PDA",IF(AND(AE67="NA",AF67="NA"),"NÃO AVALIADO POR FALHA DE SINCRONISMO")))) -> UTILIZOU O PDA CORRETAMENTE. NÃO HÁ FOTOS DE TODAS AS ETAPAS | AH67: C | AI67: FREGUESIA DO Ó | AJ67: =E67 -> SÃO PAULO | AK67: ÁGUA
A68: ONMF - DIV MANUT SERV OPE FREGUESIA | B68: 2618460485 | C68: TROCAR RAMAL DE ÁGUA - VAZ NÃO VISIVEL | D68: VAZAMENTO DE ÁGUA | E68: SÃO PAULO | F68: RUA ANTONIO CORREIA | G68: 168 | I68: VL BONILHA | J68: TROCA DE RAMAL DE AGUA NÃO VISIVEL | K68: fotos estão nessa OS 2618460485 | L68: 46147.594 | M68: 46147.596 | N68: IZAQUEU FERREIRA DE SOUSA | O68: SF | Q68: SF | S68: SF | U68: SF | W68: SF | Y68: SF | AA68: SF | AC68: SF | AE68: NC | AF68: =IF(AND(O68="",Q68="",S68="",U68="",W68="",Y68="",AA68="",AC68=""),"",IF(OR(AND(O68<>"NA",O68<>"C",O68<>"NC",O68<>"SF",O68<>""),AND(Q68<>"NA",Q68<>"C",Q68<>"NC",Q68<>"SF",Q68<>""),AND(S68<>"NA",S68<>"C",S68<>"NC",S68<>"SF",S68<>""),AND(U68<>"NA",U68<>"C",U68<>"NC",U68<>"SF",U68<>""),AND(W68<>"NA",W68<>"C",W68<>"NC",W68<>"SF",W68<>""),AND(Y68<>"NA",Y68<>"C",Y68<>"NC",Y68<>"SF",Y68<>""),AND(AA68<>"NA",AA68<>"C",AA68<>"NC",AA68<>"SF",AA68<>""),AND(AC68<>"NA",AC68<>"C",AC68<>"NC",AC68<>"SF",AC68<>"")),"FALSO",IF(AND(O68="NA",Q68="NA",S68="NA",U68="NA",W68="NA",Y68="NA",AA68="NA",AC68="NA"),"NA",IF(OR(O68="NC",Q68="NC",S68="NC",U68="NC",W68="NC",Y68="NC",AA68="NC",AC68="NC",O68="SF",Q68="SF",S68="SF",U68="SF",W68="SF",Y68="SF",AA68="SF",AC68="SF"),"NC",IF(OR(O68="C",Q68="C",S68="C",U68="C",W68="C",Y68="C",AA68="C",AC68="C"),"C",""))))) -> NC | AG68: =IF(AND(AE68="C",AF68="C"),"UTILIZOU O PDA CORRETAMENTE",IF(AND(AE68="C",AF68="NC"),"UTILIZOU O PDA CORRETAMENTE. NÃO HÁ FOTOS DE TODAS AS ETAPAS",IF(AND(AE68="NC",AF68="NC"),"NÃO UTILIZOU O PDA",IF(AND(AE68="NA",AF68="NA"),"NÃO AVALIADO POR FALHA DE SINCRONISMO")))) -> NÃO UTILIZOU O PDA | AH68: C | AI68: FREGUESIA DO Ó | AJ68: =E68 -> SÃO PAULO | AK68: ÁGUA
A69: ONMF - DIV MANUT SERV OPE FREGUESIA | B69: 2618613317 | C69: TROCAR RAMAL DE ÁGUA - VAZ NÃO VISIVEL | D69: VAZAMENTO DE ÁGUA | E69: SÃO PAULO | F69: RUA ALTO DE MONTALEGRE | G69: 246 | I69: LAUZANE PAULISTA | J69: TROCA DE RAMAL DE AGUA NÃO VISIVEL | K69: fotos da troca do ramal está na os 2618613317 | L69: 46147.625 | M69: 46147.627 | N69: MOISES ANICACIO DE JESUS | O69: SF | Q69: SF | S69: SF | U69: SF | W69: SF | Y69: SF | AA69: SF | AC69: SF | AE69: NC | AF69: =IF(AND(O69="",Q69="",S69="",U69="",W69="",Y69="",AA69="",AC69=""),"",IF(OR(AND(O69<>"NA",O69<>"C",O69<>"NC",O69<>"SF",O69<>""),AND(Q69<>"NA",Q69<>"C",Q69<>"NC",Q69<>"SF",Q69<>""),AND(S69<>"NA",S69<>"C",S69<>"NC",S69<>"SF",S69<>""),AND(U69<>"NA",U69<>"C",U69<>"NC",U69<>"SF",U69<>""),AND(W69<>"NA",W69<>"C",W69<>"NC",W69<>"SF",W69<>""),AND(Y69<>"NA",Y69<>"C",Y69<>"NC",Y69<>"SF",Y69<>""),AND(AA69<>"NA",AA69<>"C",AA69<>"NC",AA69<>"SF",AA69<>""),AND(AC69<>"NA",AC69<>"C",AC69<>"NC",AC69<>"SF",AC69<>"")),"FALSO",IF(AND(O69="NA",Q69="NA",S69="NA",U69="NA",W69="NA",Y69="NA",AA69="NA",AC69="NA"),"NA",IF(OR(O69="NC",Q69="NC",S69="NC",U69="NC",W69="NC",Y69="NC",AA69="NC",AC69="NC",O69="SF",Q69="SF",S69="SF",U69="SF",W69="SF",Y69="SF",AA69="SF",AC69="SF"),"NC",IF(OR(O69="C",Q69="C",S69="C",U69="C",W69="C",Y69="C",AA69="C",AC69="C"),"C",""))))) -> NC | AG69: =IF(AND(AE69="C",AF69="C"),"UTILIZOU O PDA CORRETAMENTE",IF(AND(AE69="C",AF69="NC"),"UTILIZOU O PDA CORRETAMENTE. NÃO HÁ FOTOS DE TODAS AS ETAPAS",IF(AND(AE69="NC",AF69="NC"),"NÃO UTILIZOU O PDA",IF(AND(AE69="NA",AF69="NA"),"NÃO AVALIADO POR FALHA DE SINCRONISMO")))) -> NÃO UTILIZOU O PDA | AH69: C | AI69: FREGUESIA DO Ó | AJ69: =E69 -> SÃO PAULO | AK69: ÁGUA
A70: ONMF - DIV MANUT SERV OPE FREGUESIA | B70: 2618416126 | C70: TROCAR RAMAL DE ÁGUA - VAZ NÃO VISIVEL | D70: VAZAMENTO DE ÁGUA | E70: SÃO PAULO | F70: RUA DESDEMONA GRECHI LOSCHIAVO | G70: 62 | I70: VL ELIAS NIGRI | J70: TROCA DE RAMAL DE AGUA NÃO VISIVEL | K70: as fotos tá na o.s 2618416126 mais ccv | L70: 46147.631 | M70: 46147.635 | N70: GENILSON MARTINS FERNANDES | O70: SF | Q70: SF | S70: SF | U70: SF | W70: SF | Y70: SF | AA70: SF | AC70: SF | AE70: NC | AF70: =IF(AND(O70="",Q70="",S70="",U70="",W70="",Y70="",AA70="",AC70=""),"",IF(OR(AND(O70<>"NA",O70<>"C",O70<>"NC",O70<>"SF",O70<>""),AND(Q70<>"NA",Q70<>"C",Q70<>"NC",Q70<>"SF",Q70<>""),AND(S70<>"NA",S70<>"C",S70<>"NC",S70<>"SF",S70<>""),AND(U70<>"NA",U70<>"C",U70<>"NC",U70<>"SF",U70<>""),AND(W70<>"NA",W70<>"C",W70<>"NC",W70<>"SF",W70<>""),AND(Y70<>"NA",Y70<>"C",Y70<>"NC",Y70<>"SF",Y70<>""),AND(AA70<>"NA",AA70<>"C",AA70<>"NC",AA70<>"SF",AA70<>""),AND(AC70<>"NA",AC70<>"C",AC70<>"NC",AC70<>"SF",AC70<>"")),"FALSO",IF(AND(O70="NA",Q70="NA",S70="NA",U70="NA",W70="NA",Y70="NA",AA70="NA",AC70="NA"),"NA",IF(OR(O70="NC",Q70="NC",S70="NC",U70="NC",W70="NC",Y70="NC",AA70="NC",AC70="NC",O70="SF",Q70="SF",S70="SF",U70="SF",W70="SF",Y70="SF",AA70="SF",AC70="SF"),"NC",IF(OR(O70="C",Q70="C",S70="C",U70="C",W70="C",Y70="C",AA70="C",AC70="C"),"C",""))))) -> NC | AG70: =IF(AND(AE70="C",AF70="C"),"UTILIZOU O PDA CORRETAMENTE",IF(AND(AE70="C",AF70="NC"),"UTILIZOU O PDA CORRETAMENTE. NÃO HÁ FOTOS DE TODAS AS ETAPAS",IF(AND(AE70="NC",AF70="NC"),"NÃO UTILIZOU O PDA",IF(AND(AE70="NA",AF70="NA"),"NÃO AVALIADO POR FALHA DE SINCRONISMO")))) -> NÃO UTILIZOU O PDA | AH70: C | AI70: FREGUESIA DO Ó | AJ70: =E70 -> SÃO PAULO | AK70: ÁGUA
A71: ONMF - DIV MANUT SERV OPE FREGUESIA | B71: 2618428554 | C71: TROCAR RAMAL DE ÁGUA | D71: VAZAMENTO DE ÁGUA | E71: SÃO PAULO | F71: RUA DALVA BARBOSA VILAS VERDES | G71: 160 | H71: C/1 | I71: JD VISTA ALEGRE | J71: TROCA DE RAMAL DE AGUA | L71: 46147.257 | M71: 46147.258 | N71: ISMAEL NOGUEIRA DOS SANTOS FILHO | O71: NA | Q71: NA | S71: NA | U71: NA | W71: NA | Y71: NA | AA71: NA | AC71: NA | AE71: NA | AF71: =IF(AND(O71="",Q71="",S71="",U71="",W71="",Y71="",AA71="",AC71=""),"",IF(OR(AND(O71<>"NA",O71<>"C",O71<>"NC",O71<>"SF",O71<>""),AND(Q71<>"NA",Q71<>"C",Q71<>"NC",Q71<>"SF",Q71<>""),AND(S71<>"NA",S71<>"C",S71<>"NC",S71<>"SF",S71<>""),AND(U71<>"NA",U71<>"C",U71<>"NC",U71<>"SF",U71<>""),AND(W71<>"NA",W71<>"C",W71<>"NC",W71<>"SF",W71<>""),AND(Y71<>"NA",Y71<>"C",Y71<>"NC",Y71<>"SF",Y71<>""),AND(AA71<>"NA",AA71<>"C",AA71<>"NC",AA71<>"SF",AA71<>""),AND(AC71<>"NA",AC71<>"C",AC71<>"NC",AC71<>"SF",AC71<>"")),"FALSO",IF(AND(O71="NA",Q71="NA",S71="NA",U71="NA",W71="NA",Y71="NA",AA71="NA",AC71="NA"),"NA",IF(OR(O71="NC",Q71="NC",S71="NC",U71="NC",W71="NC",Y71="NC",AA71="NC",AC71="NC",O71="SF",Q71="SF",S71="SF",U71="SF",W71="SF",Y71="SF",AA71="SF",AC71="SF"),"NC",IF(OR(O71="C",Q71="C",S71="C",U71="C",W71="C",Y71="C",AA71="C",AC71="C"),"C",""))))) -> NA | AG71: =IF(AND(AE71="C",AF71="C"),"UTILIZOU O PDA CORRETAMENTE",IF(AND(AE71="C",AF71="NC"),"UTILIZOU O PDA CORRETAMENTE. NÃO HÁ FOTOS DE TODAS AS ETAPAS",IF(AND(AE71="NC",AF71="NC"),"NÃO UTILIZOU O PDA",IF(AND(AE71="NA",AF71="NA"),"NÃO AVALIADO POR FALHA DE SINCRONISMO")))) -> NÃO AVALIADO POR FALHA DE SINCRONISMO | AH71: C | AI71: FREGUESIA DO Ó | AJ71: =E71 -> SÃO PAULO | AK71: ÁGUA
A72: ONMF - DIV MANUT SERV OPE FREGUESIA | B72: 2618716580 | C72: TROCAR RAMAL DE ÁGUA - VAZ NÃO VISIVEL | D72: VAZAMENTO DE ÁGUA | E72: SÃO PAULO | F72: RUA ALTO DE MONTALEGRE | G72: 241 | I72: LAUZANE PAULISTA | J72: TROCA DE RAMAL DE AGUA NÃO VISIVEL | K72: as fotos da troca está na os 2618613317 | L72: 46147.644 | M72: 46147.647 | N72: MOISES ANICACIO DE JESUS | O72: SF | Q72: SF | S72: SF | U72: SF | W72: SF | Y72: SF | AA72: SF | AC72: SF | AE72: NC | AF72: =IF(AND(O72="",Q72="",S72="",U72="",W72="",Y72="",AA72="",AC72=""),"",IF(OR(AND(O72<>"NA",O72<>"C",O72<>"NC",O72<>"SF",O72<>""),AND(Q72<>"NA",Q72<>"C",Q72<>"NC",Q72<>"SF",Q72<>""),AND(S72<>"NA",S72<>"C",S72<>"NC",S72<>"SF",S72<>""),AND(U72<>"NA",U72<>"C",U72<>"NC",U72<>"SF",U72<>""),AND(W72<>"NA",W72<>"C",W72<>"NC",W72<>"SF",W72<>""),AND(Y72<>"NA",Y72<>"C",Y72<>"NC",Y72<>"SF",Y72<>""),AND(AA72<>"NA",AA72<>"C",AA72<>"NC",AA72<>"SF",AA72<>""),AND(AC72<>"NA",AC72<>"C",AC72<>"NC",AC72<>"SF",AC72<>"")),"FALSO",IF(AND(O72="NA",Q72="NA",S72="NA",U72="NA",W72="NA",Y72="NA",AA72="NA",AC72="NA"),"NA",IF(OR(O72="NC",Q72="NC",S72="NC",U72="NC",W72="NC",Y72="NC",AA72="NC",AC72="NC",O72="SF",Q72="SF",S72="SF",U72="SF",W72="SF",Y72="SF",AA72="SF",AC72="SF"),"NC",IF(OR(O72="C",Q72="C",S72="C",U72="C",W72="C",Y72="C",AA72="C",AC72="C"),"C",""))))) -> NC | AG72: =IF(AND(AE72="C",AF72="C"),"UTILIZOU O PDA CORRETAMENTE",IF(AND(AE72="C",AF72="NC"),"UTILIZOU O PDA CORRETAMENTE. NÃO HÁ FOTOS DE TODAS AS ETAPAS",IF(AND(AE72="NC",AF72="NC"),"NÃO UTILIZOU O PDA",IF(AND(AE72="NA",AF72="NA"),"NÃO AVALIADO POR FALHA DE SINCRONISMO")))) -> NÃO UTILIZOU O PDA | AH72: C | AI72: FREGUESIA DO Ó | AJ72: =E72 -> SÃO PAULO | AK72: ÁGUA
A73: ONMF - DIV MANUT SERV OPE FREGUESIA | B73: 2618603307 | C73: SONDAR REDE DE ÁGUA | D73: OUTROS SERVIÇOS DE ÁGUA | E73: SÃO PAULO | F73: RUA ATAQUE | G73: 26 | I73: VL ESMERALDA | J73: SONDAGEM DE REDE DE AGUA | K73: passeio em obras | L73: 46147.66 | M73: 46147.66 | N73: ADECARLOS DE SOUSA SANTOS | O73: C | Q73: C | S73: C | U73: C | W73: C | Y73: NA | AA73: C | AC73: C | AE73: C | AF73: =IF(AND(O73="",Q73="",S73="",U73="",W73="",Y73="",AA73="",AC73=""),"",IF(OR(AND(O73<>"NA",O73<>"C",O73<>"NC",O73<>"SF",O73<>""),AND(Q73<>"NA",Q73<>"C",Q73<>"NC",Q73<>"SF",Q73<>""),AND(S73<>"NA",S73<>"C",S73<>"NC",S73<>"SF",S73<>""),AND(U73<>"NA",U73<>"C",U73<>"NC",U73<>"SF",U73<>""),AND(W73<>"NA",W73<>"C",W73<>"NC",W73<>"SF",W73<>""),AND(Y73<>"NA",Y73<>"C",Y73<>"NC",Y73<>"SF",Y73<>""),AND(AA73<>"NA",AA73<>"C",AA73<>"NC",AA73<>"SF",AA73<>""),AND(AC73<>"NA",AC73<>"C",AC73<>"NC",AC73<>"SF",AC73<>"")),"FALSO",IF(AND(O73="NA",Q73="NA",S73="NA",U73="NA",W73="NA",Y73="NA",AA73="NA",AC73="NA"),"NA",IF(OR(O73="NC",Q73="NC",S73="NC",U73="NC",W73="NC",Y73="NC",AA73="NC",AC73="NC",O73="SF",Q73="SF",S73="SF",U73="SF",W73="SF",Y73="SF",AA73="SF",AC73="SF"),"NC",IF(OR(O73="C",Q73="C",S73="C",U73="C",W73="C",Y73="C",AA73="C",AC73="C"),"C",""))))) -> C | AG73: =IF(AND(AE73="C",AF73="C"),"UTILIZOU O PDA CORRETAMENTE",IF(AND(AE73="C",AF73="NC"),"UTILIZOU O PDA CORRETAMENTE. NÃO HÁ FOTOS DE TODAS AS ETAPAS",IF(AND(AE73="NC",AF73="NC"),"NÃO UTILIZOU O PDA",IF(AND(AE73="NA",AF73="NA"),"NÃO AVALIADO POR FALHA DE SINCRONISMO")))) -> UTILIZOU O PDA CORRETAMENTE | AI73: FREGUESIA DO Ó | AJ73: =E73 -> SÃO PAULO | AK73: ÁGUA
A74: ONMF - DIV MANUT SERV OPE FREGUESIA | B74: 2618672879 | C74: SONDAR RAMAL DE ÁGUA | D74: OUTROS SERVIÇOS DE ÁGUA | E74: SÃO PAULO | F74: RUA DOM JOAO BATISTA LOBAO | G74: 69 | H74: B C/1 | I74: V ZAT | J74: SONDAGEM DE RAMAL DE AGUA | K74: não foi tirado foto do iserado porque o buraco já tava feito não foi feito compaquitacao manual porque o cliente vai fechar o buraco | L74: 46147.665 | M74: 46147.666 | N74: SEVERINO RAMOS COSTA DE PAULA | O74: SF | Q74: SF | S74: SF | U74: SF | W74: SF | Y74: SF | AA74: SF | AC74: SF | AE74: NC | AF74: =IF(AND(O74="",Q74="",S74="",U74="",W74="",Y74="",AA74="",AC74=""),"",IF(OR(AND(O74<>"NA",O74<>"C",O74<>"NC",O74<>"SF",O74<>""),AND(Q74<>"NA",Q74<>"C",Q74<>"NC",Q74<>"SF",Q74<>""),AND(S74<>"NA",S74<>"C",S74<>"NC",S74<>"SF",S74<>""),AND(U74<>"NA",U74<>"C",U74<>"NC",U74<>"SF",U74<>""),AND(W74<>"NA",W74<>"C",W74<>"NC",W74<>"SF",W74<>""),AND(Y74<>"NA",Y74<>"C",Y74<>"NC",Y74<>"SF",Y74<>""),AND(AA74<>"NA",AA74<>"C",AA74<>"NC",AA74<>"SF",AA74<>""),AND(AC74<>"NA",AC74<>"C",AC74<>"NC",AC74<>"SF",AC74<>"")),"FALSO",IF(AND(O74="NA",Q74="NA",S74="NA",U74="NA",W74="NA",Y74="NA",AA74="NA",AC74="NA"),"NA",IF(OR(O74="NC",Q74="NC",S74="NC",U74="NC",W74="NC",Y74="NC",AA74="NC",AC74="NC",O74="SF",Q74="SF",S74="SF",U74="SF",W74="SF",Y74="SF",AA74="SF",AC74="SF"),"NC",IF(OR(O74="C",Q74="C",S74="C",U74="C",W74="C",Y74="C",AA74="C",AC74="C"),"C",""))))) -> NC | AG74: =IF(AND(AE74="C",AF74="C"),"UTILIZOU O PDA CORRETAMENTE",IF(AND(AE74="C",AF74="NC"),"UTILIZOU O PDA CORRETAMENTE. NÃO HÁ FOTOS DE TODAS AS ETAPAS",IF(AND(AE74="NC",AF74="NC"),"NÃO UTILIZOU O PDA",IF(AND(AE74="NA",AF74="NA"),"NÃO AVALIADO POR FALHA DE SINCRONISMO")))) -> NÃO UTILIZOU O PDA | AI74: FREGUESIA DO Ó | AJ74: =E74 -> SÃO PAULO | AK74: ÁGUA
A75: ONMF - DIV MANUT SERV OPE FREGUESIA | B75: 2618504147 | C75: TROCAR RAMAL DE ÁGUA - VAZ NÃO VISIVEL | D75: VAZAMENTO DE ÁGUA | E75: SÃO PAULO | F75: RUA ITATIBA DO SUL | G75: 687 | H75: A C/1 | I75: JD VISTA ALEGRE | J75: TROCA DE RAMAL DE AGUA NÃO VISIVEL | K75: obs ária de risco obs mesmo trocando o ramal o vazamento não parou devido se interno. | L75: 46147.676 | M75: 46147.728 | N75: CLEITON JOSE DOS SANTOS | O75: C | Q75: C | S75: C | U75: C | W75: C | Y75: C | AA75: C | AC75: C | AE75: C | AF75: =IF(AND(O75="",Q75="",S75="",U75="",W75="",Y75="",AA75="",AC75=""),"",IF(OR(AND(O75<>"NA",O75<>"C",O75<>"NC",O75<>"SF",O75<>""),AND(Q75<>"NA",Q75<>"C",Q75<>"NC",Q75<>"SF",Q75<>""),AND(S75<>"NA",S75<>"C",S75<>"NC",S75<>"SF",S75<>""),AND(U75<>"NA",U75<>"C",U75<>"NC",U75<>"SF",U75<>""),AND(W75<>"NA",W75<>"C",W75<>"NC",W75<>"SF",W75<>""),AND(Y75<>"NA",Y75<>"C",Y75<>"NC",Y75<>"SF",Y75<>""),AND(AA75<>"NA",AA75<>"C",AA75<>"NC",AA75<>"SF",AA75<>""),AND(AC75<>"NA",AC75<>"C",AC75<>"NC",AC75<>"SF",AC75<>"")),"FALSO",IF(AND(O75="NA",Q75="NA",S75="NA",U75="NA",W75="NA",Y75="NA",AA75="NA",AC75="NA"),"NA",IF(OR(O75="NC",Q75="NC",S75="NC",U75="NC",W75="NC",Y75="NC",AA75="NC",AC75="NC",O75="SF",Q75="SF",S75="SF",U75="SF",W75="SF",Y75="SF",AA75="SF",AC75="SF"),"NC",IF(OR(O75="C",Q75="C",S75="C",U75="C",W75="C",Y75="C",AA75="C",AC75="C"),"C",""))))) -> C | AG75: =IF(AND(AE75="C",AF75="C"),"UTILIZOU O PDA CORRETAMENTE",IF(AND(AE75="C",AF75="NC"),"UTILIZOU O PDA CORRETAMENTE. NÃO HÁ FOTOS DE TODAS AS ETAPAS",IF(AND(AE75="NC",AF75="NC"),"NÃO UTILIZOU O PDA",IF(AND(AE75="NA",AF75="NA"),"NÃO AVALIADO POR FALHA DE SINCRONISMO")))) -> UTILIZOU O PDA CORRETAMENTE | AH75: C | AI75: FREGUESIA DO Ó | AJ75: =E75 -> SÃO PAULO | AK75: ÁGUA
A76: ONMF - DIV MANUT SERV OPE FREGUESIA | B76: 2618744267 | C76: SONDAR REDE DE ÁGUA | D76: OUTROS SERVIÇOS DE ÁGUA | E76: SÃO PAULO | F76: RUA MARIA LOPES | G76: 0 | I76: V ROSA | J76: SONDAGEM DE REDE DE AGUA | K76: Observação as fotos tá na os 2618-4320 e 27 | L76: 46178.553 | M76: 46178.553 | N76: LUIZ CARLOS DA SILVA | O76: C | Q76: C | S76: SF | U76: NA | W76: NA | Y76: NA | AA76: C | AC76: C | AE76: C | AF76: =IF(AND(O76="",Q76="",S76="",U76="",W76="",Y76="",AA76="",AC76=""),"",IF(OR(AND(O76<>"NA",O76<>"C",O76<>"NC",O76<>"SF",O76<>""),AND(Q76<>"NA",Q76<>"C",Q76<>"NC",Q76<>"SF",Q76<>""),AND(S76<>"NA",S76<>"C",S76<>"NC",S76<>"SF",S76<>""),AND(U76<>"NA",U76<>"C",U76<>"NC",U76<>"SF",U76<>""),AND(W76<>"NA",W76<>"C",W76<>"NC",W76<>"SF",W76<>""),AND(Y76<>"NA",Y76<>"C",Y76<>"NC",Y76<>"SF",Y76<>""),AND(AA76<>"NA",AA76<>"C",AA76<>"NC",AA76<>"SF",AA76<>""),AND(AC76<>"NA",AC76<>"C",AC76<>"NC",AC76<>"SF",AC76<>"")),"FALSO",IF(AND(O76="NA",Q76="NA",S76="NA",U76="NA",W76="NA",Y76="NA",AA76="NA",AC76="NA"),"NA",IF(OR(O76="NC",Q76="NC",S76="NC",U76="NC",W76="NC",Y76="NC",AA76="NC",AC76="NC",O76="SF",Q76="SF",S76="SF",U76="SF",W76="SF",Y76="SF",AA76="SF",AC76="SF"),"NC",IF(OR(O76="C",Q76="C",S76="C",U76="C",W76="C",Y76="C",AA76="C",AC76="C"),"C",""))))) -> NC | AG76: =IF(AND(AE76="C",AF76="C"),"UTILIZOU O PDA CORRETAMENTE",IF(AND(AE76="C",AF76="NC"),"UTILIZOU O PDA CORRETAMENTE. NÃO HÁ FOTOS DE TODAS AS ETAPAS",IF(AND(AE76="NC",AF76="NC"),"NÃO UTILIZOU O PDA",IF(AND(AE76="NA",AF76="NA"),"NÃO AVALIADO POR FALHA DE SINCRONISMO")))) -> UTILIZOU O PDA CORRETAMENTE. NÃO HÁ FOTOS DE TODAS AS ETAPAS | AI76: FREGUESIA DO Ó | AJ76: =E76 -> SÃO PAULO | AK76: ÁGUA
A77: ONMF - DIV MANUT SERV OPE FREGUESIA | B77: 2618461460 | C77: VAZAMENTO DE ÁGUA NÃO VISÍVEL RAMAL | D77: VAZAMENTO DE ÁGUA | E77: SÃO PAULO | F77: RUA ANTONIA FELICIA | G77: 49 | I77: VL BONILHA | J77: REPARO DE REDE DE AGUA NÃO VISIVEL | L77: 46178.581 | M77: 46178.596 | N77: CLEITON JOSE DOS SANTOS | O77: C | Q77: C | S77: C | U77: C | W77: C | Y77: NA | AA77: C | AC77: C | AE77: C | AF77: =IF(AND(O77="",Q77="",S77="",U77="",W77="",Y77="",AA77="",AC77=""),"",IF(OR(AND(O77<>"NA",O77<>"C",O77<>"NC",O77<>"SF",O77<>""),AND(Q77<>"NA",Q77<>"C",Q77<>"NC",Q77<>"SF",Q77<>""),AND(S77<>"NA",S77<>"C",S77<>"NC",S77<>"SF",S77<>""),AND(U77<>"NA",U77<>"C",U77<>"NC",U77<>"SF",U77<>""),AND(W77<>"NA",W77<>"C",W77<>"NC",W77<>"SF",W77<>""),AND(Y77<>"NA",Y77<>"C",Y77<>"NC",Y77<>"SF",Y77<>""),AND(AA77<>"NA",AA77<>"C",AA77<>"NC",AA77<>"SF",AA77<>""),AND(AC77<>"NA",AC77<>"C",AC77<>"NC",AC77<>"SF",AC77<>"")),"FALSO",IF(AND(O77="NA",Q77="NA",S77="NA",U77="NA",W77="NA",Y77="NA",AA77="NA",AC77="NA"),"NA",IF(OR(O77="NC",Q77="NC",S77="NC",U77="NC",W77="NC",Y77="NC",AA77="NC",AC77="NC",O77="SF",Q77="SF",S77="SF",U77="SF",W77="SF",Y77="SF",AA77="SF",AC77="SF"),"NC",IF(OR(O77="C",Q77="C",S77="C",U77="C",W77="C",Y77="C",AA77="C",AC77="C"),"C",""))))) -> C | AG77: =IF(AND(AE77="C",AF77="C"),"UTILIZOU O PDA CORRETAMENTE",IF(AND(AE77="C",AF77="NC"),"UTILIZOU O PDA CORRETAMENTE. NÃO HÁ FOTOS DE TODAS AS ETAPAS",IF(AND(AE77="NC",AF77="NC"),"NÃO UTILIZOU O PDA",IF(AND(AE77="NA",AF77="NA"),"NÃO AVALIADO POR FALHA DE SINCRONISMO")))) -> UTILIZOU O PDA CORRETAMENTE | AH77: C | AI77: FREGUESIA DO Ó | AJ77: =E77 -> SÃO PAULO | AK77: ÁGUA
A78: ONMF - DIV MANUT SERV OPE FREGUESIA | B78: 2692443962 | C78: VAZAMENTO DE ÁGUA LEITO TERRA | D78: VAZAMENTO DE ÁGUA | E78: SÃO PAULO | F78: RUA DEIA DE CAMPOS LEMOS | G78: 32 | H78: B | I78: JD ONDINA | J78: REPARO DE REDE DE AGUA | L78: 46178.434 | M78: 46178.476 | N78: MOISES ANICACIO DE JESUS | O78: C | Q78: C | S78: C | U78: C | W78: C | Y78: NA | AA78: C | AC78: C | AE78: C | AF78: =IF(AND(O78="",Q78="",S78="",U78="",W78="",Y78="",AA78="",AC78=""),"",IF(OR(AND(O78<>"NA",O78<>"C",O78<>"NC",O78<>"SF",O78<>""),AND(Q78<>"NA",Q78<>"C",Q78<>"NC",Q78<>"SF",Q78<>""),AND(S78<>"NA",S78<>"C",S78<>"NC",S78<>"SF",S78<>""),AND(U78<>"NA",U78<>"C",U78<>"NC",U78<>"SF",U78<>""),AND(W78<>"NA",W78<>"C",W78<>"NC",W78<>"SF",W78<>""),AND(Y78<>"NA",Y78<>"C",Y78<>"NC",Y78<>"SF",Y78<>""),AND(AA78<>"NA",AA78<>"C",AA78<>"NC",AA78<>"SF",AA78<>""),AND(AC78<>"NA",AC78<>"C",AC78<>"NC",AC78<>"SF",AC78<>"")),"FALSO",IF(AND(O78="NA",Q78="NA",S78="NA",U78="NA",W78="NA",Y78="NA",AA78="NA",AC78="NA"),"NA",IF(OR(O78="NC",Q78="NC",S78="NC",U78="NC",W78="NC",Y78="NC",AA78="NC",AC78="NC",O78="SF",Q78="SF",S78="SF",U78="SF",W78="SF",Y78="SF",AA78="SF",AC78="SF"),"NC",IF(OR(O78="C",Q78="C",S78="C",U78="C",W78="C",Y78="C",AA78="C",AC78="C"),"C",""))))) -> C | AG78: =IF(AND(AE78="C",AF78="C"),"UTILIZOU O PDA CORRETAMENTE",IF(AND(AE78="C",AF78="NC"),"UTILIZOU O PDA CORRETAMENTE. NÃO HÁ FOTOS DE TODAS AS ETAPAS",IF(AND(AE78="NC",AF78="NC"),"NÃO UTILIZOU O PDA",IF(AND(AE78="NA",AF78="NA"),"NÃO AVALIADO POR FALHA DE SINCRONISMO")))) -> UTILIZOU O PDA CORRETAMENTE | AH78: C | AI78: FREGUESIA DO Ó | AJ78: =E78 -> SÃO PAULO | AK78: ÁGUA
A79: ONMF - DIV MANUT SERV OPE FREGUESIA | B79: 2618424685 | C79: TRANSFORMAÇÃO LIG EXIST COM APROV RAMAL | D79: LIGAÇÃO DE ÁGUA | E79: SÃO PAULO | F79: RUA DOMINGOS SOUTO MAIOR | G79: 179 | H79: C/1 | I79: VL NSA SRA DO RETIRO | J79: TRANSFORMAÇÃO LIG EXIST COM APROV RAMAL | K79: sem reposição de passeio AD é obra | L79: 46178.509 | M79: 46178.533 | N79: GILTON APARECIDO GUIMARAES BARBOSA | O79: C | Q79: C | S79: C | U79: C | W79: SF | Y79: SF | AA79: C | AC79: C | AE79: C | AF79: =IF(AND(O79="",Q79="",S79="",U79="",W79="",Y79="",AA79="",AC79=""),"",IF(OR(AND(O79<>"NA",O79<>"C",O79<>"NC",O79<>"SF",O79<>""),AND(Q79<>"NA",Q79<>"C",Q79<>"NC",Q79<>"SF",Q79<>""),AND(S79<>"NA",S79<>"C",S79<>"NC",S79<>"SF",S79<>""),AND(U79<>"NA",U79<>"C",U79<>"NC",U79<>"SF",U79<>""),AND(W79<>"NA",W79<>"C",W79<>"NC",W79<>"SF",W79<>""),AND(Y79<>"NA",Y79<>"C",Y79<>"NC",Y79<>"SF",Y79<>""),AND(AA79<>"NA",AA79<>"C",AA79<>"NC",AA79<>"SF",AA79<>""),AND(AC79<>"NA",AC79<>"C",AC79<>"NC",AC79<>"SF",AC79<>"")),"FALSO",IF(AND(O79="NA",Q79="NA",S79="NA",U79="NA",W79="NA",Y79="NA",AA79="NA",AC79="NA"),"NA",IF(OR(O79="NC",Q79="NC",S79="NC",U79="NC",W79="NC",Y79="NC",AA79="NC",AC79="NC",O79="SF",Q79="SF",S79="SF",U79="SF",W79="SF",Y79="SF",AA79="SF",AC79="SF"),"NC",IF(OR(O79="C",Q79="C",S79="C",U79="C",W79="C",Y79="C",AA79="C",AC79="C"),"C",""))))) -> NC | AG79: =IF(AND(AE79="C",AF79="C"),"UTILIZOU O PDA CORRETAMENTE",IF(AND(AE79="C",AF79="NC"),"UTILIZOU O PDA CORRETAMENTE. NÃO HÁ FOTOS DE TODAS AS ETAPAS",IF(AND(AE79="NC",AF79="NC"),"NÃO UTILIZOU O PDA",IF(AND(AE79="NA",AF79="NA"),"NÃO AVALIADO POR FALHA DE SINCRONISMO")))) -> UTILIZOU O PDA CORRETAMENTE. NÃO HÁ FOTOS DE TODAS AS ETAPAS | AH79: C | AI79: FREGUESIA DO Ó | AJ79: =E79 -> SÃO PAULO | AK79: ÁGUA
A80: ONMF - DIV MANUT SERV OPE FREGUESIA | B80: 2618424687 | C80: TRANSFORMAÇÃO LIG NOVA COM APROV RAMAL | D80: LIGAÇÃO DE ÁGUA | E80: SÃO PAULO | F80: RUA DOMINGOS SOUTO MAIOR | G80: 179 | H80: C/2 | I80: VL NSA SRA DO RETIRO | J80: TRANSFORMAÇÃO LIG NOVA COM APROV RAMAL | L80: 46178.506 | M80: 46178.508 | N80: GILTON APARECIDO GUIMARAES BARBOSA | O80: C | Q80: NA | S80: NA | U80: NA | W80: NA | Y80: NA | AA80: NA | AC80: NC | AD80: AUSÊNCIA DE FECHAMENTO DA CAIXA UMA E LACRE | AE80: C | AF80: =IF(AND(O80="",Q80="",S80="",U80="",W80="",Y80="",AA80="",AC80=""),"",IF(OR(AND(O80<>"NA",O80<>"C",O80<>"NC",O80<>"SF",O80<>""),AND(Q80<>"NA",Q80<>"C",Q80<>"NC",Q80<>"SF",Q80<>""),AND(S80<>"NA",S80<>"C",S80<>"NC",S80<>"SF",S80<>""),AND(U80<>"NA",U80<>"C",U80<>"NC",U80<>"SF",U80<>""),AND(W80<>"NA",W80<>"C",W80<>"NC",W80<>"SF",W80<>""),AND(Y80<>"NA",Y80<>"C",Y80<>"NC",Y80<>"SF",Y80<>""),AND(AA80<>"NA",AA80<>"C",AA80<>"NC",AA80<>"SF",AA80<>""),AND(AC80<>"NA",AC80<>"C",AC80<>"NC",AC80<>"SF",AC80<>"")),"FALSO",IF(AND(O80="NA",Q80="NA",S80="NA",U80="NA",W80="NA",Y80="NA",AA80="NA",AC80="NA"),"NA",IF(OR(O80="NC",Q80="NC",S80="NC",U80="NC",W80="NC",Y80="NC",AA80="NC",AC80="NC",O80="SF",Q80="SF",S80="SF",U80="SF",W80="SF",Y80="SF",AA80="SF",AC80="SF"),"NC",IF(OR(O80="C",Q80="C",S80="C",U80="C",W80="C",Y80="C",AA80="C",AC80="C"),"C",""))))) -> NC | AG80: =IF(AND(AE80="C",AF80="C"),"UTILIZOU O PDA CORRETAMENTE",IF(AND(AE80="C",AF80="NC"),"UTILIZOU O PDA CORRETAMENTE. NÃO HÁ FOTOS DE TODAS AS ETAPAS",IF(AND(AE80="NC",AF80="NC"),"NÃO UTILIZOU O PDA",IF(AND(AE80="NA",AF80="NA"),"NÃO AVALIADO POR FALHA DE SINCRONISMO")))) -> UTILIZOU O PDA CORRETAMENTE. NÃO HÁ FOTOS DE TODAS AS ETAPAS | AH80: C | AI80: FREGUESIA DO Ó | AJ80: =E80 -> SÃO PAULO | AK80: ÁGUA
A81: ONMF - DIV MANUT SERV OPE FREGUESIA | B81: 2618424788 | C81: TRANSFORMAÇÃO LIG EXIST COM APROV RAMAL | D81: LIGAÇÃO DE ÁGUA | E81: SÃO PAULO | F81: RUA CALIXTO DE ALMEIDA | G81: 792 | H81: A C/1 | I81: JD MONJOLO | J81: TRANSFORMAÇÃO LIG EXIST COM APROV RAMAL | K81: sem reposição de passeio AD não foi preciso crebra o passeio sem fotos da lona não tem terra | L81: 46178.609 | M81: 46178.63 | N81: GILTON APARECIDO GUIMARAES BARBOSA | O81: C | Q81: C | S81: NA | U81: NA | W81: NA | Y81: NA | AA81: NA | AC81: NC | AD81: AUSÊNCIA DE FECHAMENTO DA CAIXA UMA E LACRE | AE81: C | AF81: =IF(AND(O81="",Q81="",S81="",U81="",W81="",Y81="",AA81="",AC81=""),"",IF(OR(AND(O81<>"NA",O81<>"C",O81<>"NC",O81<>"SF",O81<>""),AND(Q81<>"NA",Q81<>"C",Q81<>"NC",Q81<>"SF",Q81<>""),AND(S81<>"NA",S81<>"C",S81<>"NC",S81<>"SF",S81<>""),AND(U81<>"NA",U81<>"C",U81<>"NC",U81<>"SF",U81<>""),AND(W81<>"NA",W81<>"C",W81<>"NC",W81<>"SF",W81<>""),AND(Y81<>"NA",Y81<>"C",Y81<>"NC",Y81<>"SF",Y81<>""),AND(AA81<>"NA",AA81<>"C",AA81<>"NC",AA81<>"SF",AA81<>""),AND(AC81<>"NA",AC81<>"C",AC81<>"NC",AC81<>"SF",AC81<>"")),"FALSO",IF(AND(O81="NA",Q81="NA",S81="NA",U81="NA",W81="NA",Y81="NA",AA81="NA",AC81="NA"),"NA",IF(OR(O81="NC",Q81="NC",S81="NC",U81="NC",W81="NC",Y81="NC",AA81="NC",AC81="NC",O81="SF",Q81="SF",S81="SF",U81="SF",W81="SF",Y81="SF",AA81="SF",AC81="SF"),"NC",IF(OR(O81="C",Q81="C",S81="C",U81="C",W81="C",Y81="C",AA81="C",AC81="C"),"C",""))))) -> NC | AG81: =IF(AND(AE81="C",AF81="C"),"UTILIZOU O PDA CORRETAMENTE",IF(AND(AE81="C",AF81="NC"),"UTILIZOU O PDA CORRETAMENTE. NÃO HÁ FOTOS DE TODAS AS ETAPAS",IF(AND(AE81="NC",AF81="NC"),"NÃO UTILIZOU O PDA",IF(AND(AE81="NA",AF81="NA"),"NÃO AVALIADO POR FALHA DE SINCRONISMO")))) -> UTILIZOU O PDA CORRETAMENTE. NÃO HÁ FOTOS DE TODAS AS ETAPAS | AH81: C | AI81: FREGUESIA DO Ó | AJ81: =E81 -> SÃO PAULO | AK81: ÁGUA
A82: ONMF - DIV MANUT SERV OPE FREGUESIA | B82: 2618424789 | C82: TRANSFORMAÇÃO LIG NOVA COM APROV RAMAL | D82: LIGAÇÃO DE ÁGUA | E82: SÃO PAULO | F82: RUA CALIXTO DE ALMEIDA | G82: 792 | H82: A C/2 | I82: JD MONJOLO | J82: TRANSFORMAÇÃO LIG NOVA COM APROV RAMAL | L82: 46178.605 | M82: 46178.608 | N82: GILTON APARECIDO GUIMARAES BARBOSA | O82: C | Q82: C | S82: NA | U82: NA | W82: NA | Y82: NA | AA82: NA | AC82: NC | AD82: AUSÊNCIA DE FECHAMENTO DA CAIXA UMA E LACRE | AE82: C | AF82: =IF(AND(O82="",Q82="",S82="",U82="",W82="",Y82="",AA82="",AC82=""),"",IF(OR(AND(O82<>"NA",O82<>"C",O82<>"NC",O82<>"SF",O82<>""),AND(Q82<>"NA",Q82<>"C",Q82<>"NC",Q82<>"SF",Q82<>""),AND(S82<>"NA",S82<>"C",S82<>"NC",S82<>"SF",S82<>""),AND(U82<>"NA",U82<>"C",U82<>"NC",U82<>"SF",U82<>""),AND(W82<>"NA",W82<>"C",W82<>"NC",W82<>"SF",W82<>""),AND(Y82<>"NA",Y82<>"C",Y82<>"NC",Y82<>"SF",Y82<>""),AND(AA82<>"NA",AA82<>"C",AA82<>"NC",AA82<>"SF",AA82<>""),AND(AC82<>"NA",AC82<>"C",AC82<>"NC",AC82<>"SF",AC82<>"")),"FALSO",IF(AND(O82="NA",Q82="NA",S82="NA",U82="NA",W82="NA",Y82="NA",AA82="NA",AC82="NA"),"NA",IF(OR(O82="NC",Q82="NC",S82="NC",U82="NC",W82="NC",Y82="NC",AA82="NC",AC82="NC",O82="SF",Q82="SF",S82="SF",U82="SF",W82="SF",Y82="SF",AA82="SF",AC82="SF"),"NC",IF(OR(O82="C",Q82="C",S82="C",U82="C",W82="C",Y82="C",AA82="C",AC82="C"),"C",""))))) -> NC | AG82: =IF(AND(AE82="C",AF82="C"),"UTILIZOU O PDA CORRETAMENTE",IF(AND(AE82="C",AF82="NC"),"UTILIZOU O PDA CORRETAMENTE. NÃO HÁ FOTOS DE TODAS AS ETAPAS",IF(AND(AE82="NC",AF82="NC"),"NÃO UTILIZOU O PDA",IF(AND(AE82="NA",AF82="NA"),"NÃO AVALIADO POR FALHA DE SINCRONISMO")))) -> UTILIZOU O PDA CORRETAMENTE. NÃO HÁ FOTOS DE TODAS AS ETAPAS | AH82: C | AI82: FREGUESIA DO Ó | AJ82: =E82 -> SÃO PAULO | AK82: ÁGUA
A83: ONMF - DIV MANUT SERV OPE FREGUESIA | B83: 2618753848 | C83: VAZAMENTO DE ÁGUA LEITO PAVIMENTADO | D83: VAZAMENTO DE ÁGUA | E83: SÃO PAULO | F83: RUA JOSE ANTONIOLI | G83: 15 | I83: VL CARDOSO | J83: SUPRIMIDO RAMAL DE AGUA ABANDONADO | L83: 46178.634 | M83: 46178.658 | N83: LUIZ FERNANDO DIAS BARBOSA DE ALMEIDA | O83: C | Q83: C | S83: C | U83: C | W83: C | Y83: NA | AA83: C | AC83: C | AE83: C | AF83: =IF(AND(O83="",Q83="",S83="",U83="",W83="",Y83="",AA83="",AC83=""),"",IF(OR(AND(O83<>"NA",O83<>"C",O83<>"NC",O83<>"SF",O83<>""),AND(Q83<>"NA",Q83<>"C",Q83<>"NC",Q83<>"SF",Q83<>""),AND(S83<>"NA",S83<>"C",S83<>"NC",S83<>"SF",S83<>""),AND(U83<>"NA",U83<>"C",U83<>"NC",U83<>"SF",U83<>""),AND(W83<>"NA",W83<>"C",W83<>"NC",W83<>"SF",W83<>""),AND(Y83<>"NA",Y83<>"C",Y83<>"NC",Y83<>"SF",Y83<>""),AND(AA83<>"NA",AA83<>"C",AA83<>"NC",AA83<>"SF",AA83<>""),AND(AC83<>"NA",AC83<>"C",AC83<>"NC",AC83<>"SF",AC83<>"")),"FALSO",IF(AND(O83="NA",Q83="NA",S83="NA",U83="NA",W83="NA",Y83="NA",AA83="NA",AC83="NA"),"NA",IF(OR(O83="NC",Q83="NC",S83="NC",U83="NC",W83="NC",Y83="NC",AA83="NC",AC83="NC",O83="SF",Q83="SF",S83="SF",U83="SF",W83="SF",Y83="SF",AA83="SF",AC83="SF"),"NC",IF(OR(O83="C",Q83="C",S83="C",U83="C",W83="C",Y83="C",AA83="C",AC83="C"),"C",""))))) -> C | AG83: =IF(AND(AE83="C",AF83="C"),"UTILIZOU O PDA CORRETAMENTE",IF(AND(AE83="C",AF83="NC"),"UTILIZOU O PDA CORRETAMENTE. NÃO HÁ FOTOS DE TODAS AS ETAPAS",IF(AND(AE83="NC",AF83="NC"),"NÃO UTILIZOU O PDA",IF(AND(AE83="NA",AF83="NA"),"NÃO AVALIADO POR FALHA DE SINCRONISMO")))) -> UTILIZOU O PDA CORRETAMENTE | AH83: C | AI83: FREGUESIA DO Ó | AJ83: =E83 -> SÃO PAULO | AK83: ÁGUA
A84: ONMF - DIV MANUT SERV OPE FREGUESIA | B84: 2618875889 | C84: VAZAMENTO DE ÁGUA NÃO VISÍVEL RAMAL | D84: VAZAMENTO DE ÁGUA | E84: SÃO PAULO | F84: RUA COMENDADOR ARMANDO PEREIRA | G84: 527 | H84: C/1 | I84: JD STA MARCELINA | J84: REPARO DE REDE DE AGUA NÃO VISIVEL | K84: fotos estão nessa OS 2618875889 obra de recapeamento reposição por conta da empresa jofege | L84: 46178.428 | M84: 46178.694 | N84: IZAQUEU FERREIRA DE SOUSA | O84: C | Q84: C | S84: C | U84: C | W84: C | Y84: NA | AA84: C | AC84: C | AE84: C | AF84: =IF(AND(O84="",Q84="",S84="",U84="",W84="",Y84="",AA84="",AC84=""),"",IF(OR(AND(O84<>"NA",O84<>"C",O84<>"NC",O84<>"SF",O84<>""),AND(Q84<>"NA",Q84<>"C",Q84<>"NC",Q84<>"SF",Q84<>""),AND(S84<>"NA",S84<>"C",S84<>"NC",S84<>"SF",S84<>""),AND(U84<>"NA",U84<>"C",U84<>"NC",U84<>"SF",U84<>""),AND(W84<>"NA",W84<>"C",W84<>"NC",W84<>"SF",W84<>""),AND(Y84<>"NA",Y84<>"C",Y84<>"NC",Y84<>"SF",Y84<>""),AND(AA84<>"NA",AA84<>"C",AA84<>"NC",AA84<>"SF",AA84<>""),AND(AC84<>"NA",AC84<>"C",AC84<>"NC",AC84<>"SF",AC84<>"")),"FALSO",IF(AND(O84="NA",Q84="NA",S84="NA",U84="NA",W84="NA",Y84="NA",AA84="NA",AC84="NA"),"NA",IF(OR(O84="NC",Q84="NC",S84="NC",U84="NC",W84="NC",Y84="NC",AA84="NC",AC84="NC",O84="SF",Q84="SF",S84="SF",U84="SF",W84="SF",Y84="SF",AA84="SF",AC84="SF"),"NC",IF(OR(O84="C",Q84="C",S84="C",U84="C",W84="C",Y84="C",AA84="C",AC84="C"),"C",""))))) -> C | AG84: =IF(AND(AE84="C",AF84="C"),"UTILIZOU O PDA CORRETAMENTE",IF(AND(AE84="C",AF84="NC"),"UTILIZOU O PDA CORRETAMENTE. NÃO HÁ FOTOS DE TODAS AS ETAPAS",IF(AND(AE84="NC",AF84="NC"),"NÃO UTILIZOU O PDA",IF(AND(AE84="NA",AF84="NA"),"NÃO AVALIADO POR FALHA DE SINCRONISMO")))) -> UTILIZOU O PDA CORRETAMENTE | AH84: C | AI84: FREGUESIA DO Ó | AJ84: =E84 -> SÃO PAULO | AK84: ÁGUA
A85: ONMF - DIV MANUT SERV OPE FREGUESIA | B85: 2618877190 | C85: PASSAR RAMAL DE ÁGUA PARA NOVA REDE | D85: RAMAL DE ÁGUA | E85: SÃO PAULO | F85: RUA CELSO VIEIRA | G85: 180 | I85: VL PEREIRA BARRETO | J85: PASSADO RAMAL DE AGUA PARA NOVA REDE | L85: 46178.444 | M85: 46178.705 | N85: GENILSON MARTINS FERNANDES | O85: C | Q85: C | S85: C | U85: C | W85: C | Y85: C | AA85: C | AC85: C | AE85: C | AF85: =IF(AND(O85="",Q85="",S85="",U85="",W85="",Y85="",AA85="",AC85=""),"",IF(OR(AND(O85<>"NA",O85<>"C",O85<>"NC",O85<>"SF",O85<>""),AND(Q85<>"NA",Q85<>"C",Q85<>"NC",Q85<>"SF",Q85<>""),AND(S85<>"NA",S85<>"C",S85<>"NC",S85<>"SF",S85<>""),AND(U85<>"NA",U85<>"C",U85<>"NC",U85<>"SF",U85<>""),AND(W85<>"NA",W85<>"C",W85<>"NC",W85<>"SF",W85<>""),AND(Y85<>"NA",Y85<>"C",Y85<>"NC",Y85<>"SF",Y85<>""),AND(AA85<>"NA",AA85<>"C",AA85<>"NC",AA85<>"SF",AA85<>""),AND(AC85<>"NA",AC85<>"C",AC85<>"NC",AC85<>"SF",AC85<>"")),"FALSO",IF(AND(O85="NA",Q85="NA",S85="NA",U85="NA",W85="NA",Y85="NA",AA85="NA",AC85="NA"),"NA",IF(OR(O85="NC",Q85="NC",S85="NC",U85="NC",W85="NC",Y85="NC",AA85="NC",AC85="NC",O85="SF",Q85="SF",S85="SF",U85="SF",W85="SF",Y85="SF",AA85="SF",AC85="SF"),"NC",IF(OR(O85="C",Q85="C",S85="C",U85="C",W85="C",Y85="C",AA85="C",AC85="C"),"C",""))))) -> C | AG85: =IF(AND(AE85="C",AF85="C"),"UTILIZOU O PDA CORRETAMENTE",IF(AND(AE85="C",AF85="NC"),"UTILIZOU O PDA CORRETAMENTE. NÃO HÁ FOTOS DE TODAS AS ETAPAS",IF(AND(AE85="NC",AF85="NC"),"NÃO UTILIZOU O PDA",IF(AND(AE85="NA",AF85="NA"),"NÃO AVALIADO POR FALHA DE SINCRONISMO")))) -> UTILIZOU O PDA CORRETAMENTE | AH85: C | AI85: FREGUESIA DO Ó | AJ85: =E85 -> SÃO PAULO | AK85: ÁGUA
A86: ONMF - DIV MANUT SERV OPE FREGUESIA | B86: 2618877461 | C86: PASSAR RAMAL DE ÁGUA PARA NOVA REDE | D86: RAMAL DE ÁGUA | E86: SÃO PAULO | F86: RUA CELSO VIEIRA | G86: 192 | I86: VL PEREIRA BARRETO | J86: PASSADO RAMAL DE AGUA PARA NOVA REDE | K86: as fotos tá na o.s 2618877190 | L86: 46178.71 | M86: 46178.712 | N86: GENILSON MARTINS FERNANDES | O86: C | Q86: C | S86: C | U86: C | W86: C | Y86: C | AA86: C | AC86: C | AE86: C | AF86: =IF(AND(O86="",Q86="",S86="",U86="",W86="",Y86="",AA86="",AC86=""),"",IF(OR(AND(O86<>"NA",O86<>"C",O86<>"NC",O86<>"SF",O86<>""),AND(Q86<>"NA",Q86<>"C",Q86<>"NC",Q86<>"SF",Q86<>""),AND(S86<>"NA",S86<>"C",S86<>"NC",S86<>"SF",S86<>""),AND(U86<>"NA",U86<>"C",U86<>"NC",U86<>"SF",U86<>""),AND(W86<>"NA",W86<>"C",W86<>"NC",W86<>"SF",W86<>""),AND(Y86<>"NA",Y86<>"C",Y86<>"NC",Y86<>"SF",Y86<>""),AND(AA86<>"NA",AA86<>"C",AA86<>"NC",AA86<>"SF",AA86<>""),AND(AC86<>"NA",AC86<>"C",AC86<>"NC",AC86<>"SF",AC86<>"")),"FALSO",IF(AND(O86="NA",Q86="NA",S86="NA",U86="NA",W86="NA",Y86="NA",AA86="NA",AC86="NA"),"NA",IF(OR(O86="NC",Q86="NC",S86="NC",U86="NC",W86="NC",Y86="NC",AA86="NC",AC86="NC",O86="SF",Q86="SF",S86="SF",U86="SF",W86="SF",Y86="SF",AA86="SF",AC86="SF"),"NC",IF(OR(O86="C",Q86="C",S86="C",U86="C",W86="C",Y86="C",AA86="C",AC86="C"),"C",""))))) -> C | AG86: =IF(AND(AE86="C",AF86="C"),"UTILIZOU O PDA CORRETAMENTE",IF(AND(AE86="C",AF86="NC"),"UTILIZOU O PDA CORRETAMENTE. NÃO HÁ FOTOS DE TODAS AS ETAPAS",IF(AND(AE86="NC",AF86="NC"),"NÃO UTILIZOU O PDA",IF(AND(AE86="NA",AF86="NA"),"NÃO AVALIADO POR FALHA DE SINCRONISMO")))) -> UTILIZOU O PDA CORRETAMENTE | AH86: C | AI86: FREGUESIA DO Ó | AJ86: =E86 -> SÃO PAULO | AK86: ÁGUA
A87: ONMF - DIV MANUT SERV OPE FREGUESIA | B87: 2618877313 | C87: PASSAR RAMAL DE ÁGUA PARA NOVA REDE | D87: RAMAL DE ÁGUA | E87: SÃO PAULO | F87: RUA CELSO VIEIRA | G87: 188 | I87: VL PEREIRA BARRETO | J87: PASSADO RAMAL DE AGUA PARA NOVA REDE | K87: as fotos tá na o.s 2618877190 tá na mesma Vala do número 192 | L87: 46178.706 | M87: 46178.71 | N87: GENILSON MARTINS FERNANDES | O87: C | Q87: C | S87: C | U87: C | W87: C | Y87: C | AA87: C | AC87: C | AE87: C | AF87: =IF(AND(O87="",Q87="",S87="",U87="",W87="",Y87="",AA87="",AC87=""),"",IF(OR(AND(O87<>"NA",O87<>"C",O87<>"NC",O87<>"SF",O87<>""),AND(Q87<>"NA",Q87<>"C",Q87<>"NC",Q87<>"SF",Q87<>""),AND(S87<>"NA",S87<>"C",S87<>"NC",S87<>"SF",S87<>""),AND(U87<>"NA",U87<>"C",U87<>"NC",U87<>"SF",U87<>""),AND(W87<>"NA",W87<>"C",W87<>"NC",W87<>"SF",W87<>""),AND(Y87<>"NA",Y87<>"C",Y87<>"NC",Y87<>"SF",Y87<>""),AND(AA87<>"NA",AA87<>"C",AA87<>"NC",AA87<>"SF",AA87<>""),AND(AC87<>"NA",AC87<>"C",AC87<>"NC",AC87<>"SF",AC87<>"")),"FALSO",IF(AND(O87="NA",Q87="NA",S87="NA",U87="NA",W87="NA",Y87="NA",AA87="NA",AC87="NA"),"NA",IF(OR(O87="NC",Q87="NC",S87="NC",U87="NC",W87="NC",Y87="NC",AA87="NC",AC87="NC",O87="SF",Q87="SF",S87="SF",U87="SF",W87="SF",Y87="SF",AA87="SF",AC87="SF"),"NC",IF(OR(O87="C",Q87="C",S87="C",U87="C",W87="C",Y87="C",AA87="C",AC87="C"),"C",""))))) -> C | AG87: =IF(AND(AE87="C",AF87="C"),"UTILIZOU O PDA CORRETAMENTE",IF(AND(AE87="C",AF87="NC"),"UTILIZOU O PDA CORRETAMENTE. NÃO HÁ FOTOS DE TODAS AS ETAPAS",IF(AND(AE87="NC",AF87="NC"),"NÃO UTILIZOU O PDA",IF(AND(AE87="NA",AF87="NA"),"NÃO AVALIADO POR FALHA DE SINCRONISMO")))) -> UTILIZOU O PDA CORRETAMENTE | AH87: C | AI87: FREGUESIA DO Ó | AJ87: =E87 -> SÃO PAULO | AK87: ÁGUA
A88: ONMF - DIV MANUT SERV OPE FREGUESIA | B88: 2618693225 | C88: TROCAR RAMAL DE ÁGUA | D88: VAZAMENTO DE ÁGUA | E88: SÃO PAULO | F88: RUA JOSE ANTONIO DE BRITO | G88: 20 | I88: JD CIDADE PIRITUBA | J88: TROCA DE RAMAL DE AGUA | K88: FOTOS REF OS 2618884369. SEM TESTE IMOVEL FECHADO. | L88: 46178.475 | M88: 46178.477 | N88: LUIZ FERNANDO DIAS BARBOSA DE ALMEIDA | O88: C | Q88: SF | S88: SF | U88: C | W88: SF | Y88: SF | AA88: C | AC88: C | AE88: C | AF88: =IF(AND(O88="",Q88="",S88="",U88="",W88="",Y88="",AA88="",AC88=""),"",IF(OR(AND(O88<>"NA",O88<>"C",O88<>"NC",O88<>"SF",O88<>""),AND(Q88<>"NA",Q88<>"C",Q88<>"NC",Q88<>"SF",Q88<>""),AND(S88<>"NA",S88<>"C",S88<>"NC",S88<>"SF",S88<>""),AND(U88<>"NA",U88<>"C",U88<>"NC",U88<>"SF",U88<>""),AND(W88<>"NA",W88<>"C",W88<>"NC",W88<>"SF",W88<>""),AND(Y88<>"NA",Y88<>"C",Y88<>"NC",Y88<>"SF",Y88<>""),AND(AA88<>"NA",AA88<>"C",AA88<>"NC",AA88<>"SF",AA88<>""),AND(AC88<>"NA",AC88<>"C",AC88<>"NC",AC88<>"SF",AC88<>"")),"FALSO",IF(AND(O88="NA",Q88="NA",S88="NA",U88="NA",W88="NA",Y88="NA",AA88="NA",AC88="NA"),"NA",IF(OR(O88="NC",Q88="NC",S88="NC",U88="NC",W88="NC",Y88="NC",AA88="NC",AC88="NC",O88="SF",Q88="SF",S88="SF",U88="SF",W88="SF",Y88="SF",AA88="SF",AC88="SF"),"NC",IF(OR(O88="C",Q88="C",S88="C",U88="C",W88="C",Y88="C",AA88="C",AC88="C"),"C",""))))) -> NC | AG88: =IF(AND(AE88="C",AF88="C"),"UTILIZOU O PDA CORRETAMENTE",IF(AND(AE88="C",AF88="NC"),"UTILIZOU O PDA CORRETAMENTE. NÃO HÁ FOTOS DE TODAS AS ETAPAS",IF(AND(AE88="NC",AF88="NC"),"NÃO UTILIZOU O PDA",IF(AND(AE88="NA",AF88="NA"),"NÃO AVALIADO POR FALHA DE SINCRONISMO")))) -> UTILIZOU O PDA CORRETAMENTE. NÃO HÁ FOTOS DE TODAS AS ETAPAS | AH88: C | AI88: FREGUESIA DO Ó | AJ88: =E88 -> SÃO PAULO | AK88: ÁGUA
A89: ONMF - DIV MANUT SERV OPE FREGUESIA | B89: 2618491864 | C89: TROCAR RAMAL DE ÁGUA - VAZ NÃO VISIVEL | D89: VAZAMENTO DE ÁGUA | E89: SÃO PAULO | F89: RUA PEDRO CUBAS | G89: 30 | H89: C/1 | I89: VL HERMINIA LOPES | J89: TROCA DE RAMAL DE AGUA NÃO VISIVEL | L89: 46178.482 | M89: 46178.506 | N89: CLEITON JOSE DOS SANTOS | O89: C | Q89: C | S89: C | U89: C | W89: C | Y89: C | AA89: C | AC89: C | AE89: C | AF89: =IF(AND(O89="",Q89="",S89="",U89="",W89="",Y89="",AA89="",AC89=""),"",IF(OR(AND(O89<>"NA",O89<>"C",O89<>"NC",O89<>"SF",O89<>""),AND(Q89<>"NA",Q89<>"C",Q89<>"NC",Q89<>"SF",Q89<>""),AND(S89<>"NA",S89<>"C",S89<>"NC",S89<>"SF",S89<>""),AND(U89<>"NA",U89<>"C",U89<>"NC",U89<>"SF",U89<>""),AND(W89<>"NA",W89<>"C",W89<>"NC",W89<>"SF",W89<>""),AND(Y89<>"NA",Y89<>"C",Y89<>"NC",Y89<>"SF",Y89<>""),AND(AA89<>"NA",AA89<>"C",AA89<>"NC",AA89<>"SF",AA89<>""),AND(AC89<>"NA",AC89<>"C",AC89<>"NC",AC89<>"SF",AC89<>"")),"FALSO",IF(AND(O89="NA",Q89="NA",S89="NA",U89="NA",W89="NA",Y89="NA",AA89="NA",AC89="NA"),"NA",IF(OR(O89="NC",Q89="NC",S89="NC",U89="NC",W89="NC",Y89="NC",AA89="NC",AC89="NC",O89="SF",Q89="SF",S89="SF",U89="SF",W89="SF",Y89="SF",AA89="SF",AC89="SF"),"NC",IF(OR(O89="C",Q89="C",S89="C",U89="C",W89="C",Y89="C",AA89="C",AC89="C"),"C",""))))) -> C | AG89: =IF(AND(AE89="C",AF89="C"),"UTILIZOU O PDA CORRETAMENTE",IF(AND(AE89="C",AF89="NC"),"UTILIZOU O PDA CORRETAMENTE. NÃO HÁ FOTOS DE TODAS AS ETAPAS",IF(AND(AE89="NC",AF89="NC"),"NÃO UTILIZOU O PDA",IF(AND(AE89="NA",AF89="NA"),"NÃO AVALIADO POR FALHA DE SINCRONISMO")))) -> UTILIZOU O PDA CORRETAMENTE | AH89: C | AI89: FREGUESIA DO Ó | AJ89: =E89 -> SÃO PAULO | AK89: ÁGUA
A90: ONMF - DIV MANUT SERV OPE FREGUESIA | B90: 2618884369 | C90: TROCAR RAMAL DE ÁGUA | D90: VAZAMENTO DE ÁGUA | E90: SÃO PAULO | F90: RUA JOSE ANTONIO DE BRITO | G90: 27 | H90: A | I90: JD CID PIRITUBA | J90: TROCA DE RAMAL DE AGUA | K90: FOTOS REF 2618693225. | L90: 46178.482 | M90: 46178.508 | N90: LUIZ FERNANDO DIAS BARBOSA DE ALMEIDA | O90: C | Q90: SF | S90: SF | U90: C | W90: C | Y90: SF | AA90: C | AC90: C | AE90: C | AF90: =IF(AND(O90="",Q90="",S90="",U90="",W90="",Y90="",AA90="",AC90=""),"",IF(OR(AND(O90<>"NA",O90<>"C",O90<>"NC",O90<>"SF",O90<>""),AND(Q90<>"NA",Q90<>"C",Q90<>"NC",Q90<>"SF",Q90<>""),AND(S90<>"NA",S90<>"C",S90<>"NC",S90<>"SF",S90<>""),AND(U90<>"NA",U90<>"C",U90<>"NC",U90<>"SF",U90<>""),AND(W90<>"NA",W90<>"C",W90<>"NC",W90<>"SF",W90<>""),AND(Y90<>"NA",Y90<>"C",Y90<>"NC",Y90<>"SF",Y90<>""),AND(AA90<>"NA",AA90<>"C",AA90<>"NC",AA90<>"SF",AA90<>""),AND(AC90<>"NA",AC90<>"C",AC90<>"NC",AC90<>"SF",AC90<>"")),"FALSO",IF(AND(O90="NA",Q90="NA",S90="NA",U90="NA",W90="NA",Y90="NA",AA90="NA",AC90="NA"),"NA",IF(OR(O90="NC",Q90="NC",S90="NC",U90="NC",W90="NC",Y90="NC",AA90="NC",AC90="NC",O90="SF",Q90="SF",S90="SF",U90="SF",W90="SF",Y90="SF",AA90="SF",AC90="SF"),"NC",IF(OR(O90="C",Q90="C",S90="C",U90="C",W90="C",Y90="C",AA90="C",AC90="C"),"C",""))))) -> NC | AG90: =IF(AND(AE90="C",AF90="C"),"UTILIZOU O PDA CORRETAMENTE",IF(AND(AE90="C",AF90="NC"),"UTILIZOU O PDA CORRETAMENTE. NÃO HÁ FOTOS DE TODAS AS ETAPAS",IF(AND(AE90="NC",AF90="NC"),"NÃO UTILIZOU O PDA",IF(AND(AE90="NA",AF90="NA"),"NÃO AVALIADO POR FALHA DE SINCRONISMO")))) -> UTILIZOU O PDA CORRETAMENTE. NÃO HÁ FOTOS DE TODAS AS ETAPAS | AH90: C | AI90: FREGUESIA DO Ó | AJ90: =E90 -> SÃO PAULO | AK90: ÁGUA
A91: ONMF - DIV MANUT SERV OPE FREGUESIA | B91: 2618748902 | C91: SONDAR RAMAL DE ÁGUA | D91: OUTROS SERVIÇOS DE ÁGUA | E91: SÃO PAULO | F91: RUA CAPITAO JOAO NORONHA | G91: 166 | I91: JD VIEIRA CARVALHO | J91: SONDAGEM DE RAMAL DE AGUA | L91: 46178.54 | M91: 46178.54 | N91: SEVERINO RAMOS COSTA DE PAULA | O91: C | Q91: C | S91: C | U91: C | W91: C | Y91: C | AA91: C | AC91: C | AE91: C | AF91: =IF(AND(O91="",Q91="",S91="",U91="",W91="",Y91="",AA91="",AC91=""),"",IF(OR(AND(O91<>"NA",O91<>"C",O91<>"NC",O91<>"SF",O91<>""),AND(Q91<>"NA",Q91<>"C",Q91<>"NC",Q91<>"SF",Q91<>""),AND(S91<>"NA",S91<>"C",S91<>"NC",S91<>"SF",S91<>""),AND(U91<>"NA",U91<>"C",U91<>"NC",U91<>"SF",U91<>""),AND(W91<>"NA",W91<>"C",W91<>"NC",W91<>"SF",W91<>""),AND(Y91<>"NA",Y91<>"C",Y91<>"NC",Y91<>"SF",Y91<>""),AND(AA91<>"NA",AA91<>"C",AA91<>"NC",AA91<>"SF",AA91<>""),AND(AC91<>"NA",AC91<>"C",AC91<>"NC",AC91<>"SF",AC91<>"")),"FALSO",IF(AND(O91="NA",Q91="NA",S91="NA",U91="NA",W91="NA",Y91="NA",AA91="NA",AC91="NA"),"NA",IF(OR(O91="NC",Q91="NC",S91="NC",U91="NC",W91="NC",Y91="NC",AA91="NC",AC91="NC",O91="SF",Q91="SF",S91="SF",U91="SF",W91="SF",Y91="SF",AA91="SF",AC91="SF"),"NC",IF(OR(O91="C",Q91="C",S91="C",U91="C",W91="C",Y91="C",AA91="C",AC91="C"),"C",""))))) -> C | AG91: =IF(AND(AE91="C",AF91="C"),"UTILIZOU O PDA CORRETAMENTE",IF(AND(AE91="C",AF91="NC"),"UTILIZOU O PDA CORRETAMENTE. NÃO HÁ FOTOS DE TODAS AS ETAPAS",IF(AND(AE91="NC",AF91="NC"),"NÃO UTILIZOU O PDA",IF(AND(AE91="NA",AF91="NA"),"NÃO AVALIADO POR FALHA DE SINCRONISMO")))) -> UTILIZOU O PDA CORRETAMENTE | AI91: FREGUESIA DO Ó | AJ91: =E91 -> SÃO PAULO | AK91: ÁGUA
A92: ONMF - DIV MANUT SERV OPE FREGUESIA | B92: 2618736878 | C92: SONDAR RAMAL DE ÁGUA | D92: OUTROS SERVIÇOS DE ÁGUA | E92: SÃO PAULO | F92: RUA GUIOMAR DA ROCHA | G92: 161 | I92: JD DAS LARANJEIRAS | J92: SONDAGEM DE RAMAL DE AGUA | K92: Todas as fotos estão localizada e disponível na Os 2618736878 | L92: 46178.485 | M92: 46178.489 | N92: FRANCISCO CARLOS LEITE DA SILVA | O92: SF | Q92: SF | S92: SF | U92: SF | W92: SF | Y92: SF | AA92: SF | AC92: SF | AE92: NC | AF92: =IF(AND(O92="",Q92="",S92="",U92="",W92="",Y92="",AA92="",AC92=""),"",IF(OR(AND(O92<>"NA",O92<>"C",O92<>"NC",O92<>"SF",O92<>""),AND(Q92<>"NA",Q92<>"C",Q92<>"NC",Q92<>"SF",Q92<>""),AND(S92<>"NA",S92<>"C",S92<>"NC",S92<>"SF",S92<>""),AND(U92<>"NA",U92<>"C",U92<>"NC",U92<>"SF",U92<>""),AND(W92<>"NA",W92<>"C",W92<>"NC",W92<>"SF",W92<>""),AND(Y92<>"NA",Y92<>"C",Y92<>"NC",Y92<>"SF",Y92<>""),AND(AA92<>"NA",AA92<>"C",AA92<>"NC",AA92<>"SF",AA92<>""),AND(AC92<>"NA",AC92<>"C",AC92<>"NC",AC92<>"SF",AC92<>"")),"FALSO",IF(AND(O92="NA",Q92="NA",S92="NA",U92="NA",W92="NA",Y92="NA",AA92="NA",AC92="NA"),"NA",IF(OR(O92="NC",Q92="NC",S92="NC",U92="NC",W92="NC",Y92="NC",AA92="NC",AC92="NC",O92="SF",Q92="SF",S92="SF",U92="SF",W92="SF",Y92="SF",AA92="SF",AC92="SF"),"NC",IF(OR(O92="C",Q92="C",S92="C",U92="C",W92="C",Y92="C",AA92="C",AC92="C"),"C",""))))) -> NC | AG92: =IF(AND(AE92="C",AF92="C"),"UTILIZOU O PDA CORRETAMENTE",IF(AND(AE92="C",AF92="NC"),"UTILIZOU O PDA CORRETAMENTE. NÃO HÁ FOTOS DE TODAS AS ETAPAS",IF(AND(AE92="NC",AF92="NC"),"NÃO UTILIZOU O PDA",IF(AND(AE92="NA",AF92="NA"),"NÃO AVALIADO POR FALHA DE SINCRONISMO")))) -> NÃO UTILIZOU O PDA | AI92: FREGUESIA DO Ó | AJ92: =E92 -> SÃO PAULO | AK92: ÁGUA
A93: ONMF - DIV MANUT SERV OPE FREGUESIA | B93: 2618867921 | C93: VAZAMENTO DE ÁGUA NO PASSEIO | D93: VAZAMENTO DE ÁGUA | E93: SÃO PAULO | F93: RUA IRINEO VARONI | G93: 10 | H93: TV 40 | I93: JD TREMEMBE | J93: REPARO DE REDE DE AGUA | K93: sem foto da sinalizacao devido ser viela | L93: 46178.629 | M93: 46178.685 | N93: MOISES ANICACIO DE JESUS | O93: C | Q93: NA | S93: C | U93: C | W93: C | Y93: C | AA93: C | AC93: C | AE93: C | AF93: =IF(AND(O93="",Q93="",S93="",U93="",W93="",Y93="",AA93="",AC93=""),"",IF(OR(AND(O93<>"NA",O93<>"C",O93<>"NC",O93<>"SF",O93<>""),AND(Q93<>"NA",Q93<>"C",Q93<>"NC",Q93<>"SF",Q93<>""),AND(S93<>"NA",S93<>"C",S93<>"NC",S93<>"SF",S93<>""),AND(U93<>"NA",U93<>"C",U93<>"NC",U93<>"SF",U93<>""),AND(W93<>"NA",W93<>"C",W93<>"NC",W93<>"SF",W93<>""),AND(Y93<>"NA",Y93<>"C",Y93<>"NC",Y93<>"SF",Y93<>""),AND(AA93<>"NA",AA93<>"C",AA93<>"NC",AA93<>"SF",AA93<>""),AND(AC93<>"NA",AC93<>"C",AC93<>"NC",AC93<>"SF",AC93<>"")),"FALSO",IF(AND(O93="NA",Q93="NA",S93="NA",U93="NA",W93="NA",Y93="NA",AA93="NA",AC93="NA"),"NA",IF(OR(O93="NC",Q93="NC",S93="NC",U93="NC",W93="NC",Y93="NC",AA93="NC",AC93="NC",O93="SF",Q93="SF",S93="SF",U93="SF",W93="SF",Y93="SF",AA93="SF",AC93="SF"),"NC",IF(OR(O93="C",Q93="C",S93="C",U93="C",W93="C",Y93="C",AA93="C",AC93="C"),"C",""))))) -> C | AG93: =IF(AND(AE93="C",AF93="C"),"UTILIZOU O PDA CORRETAMENTE",IF(AND(AE93="C",AF93="NC"),"UTILIZOU O PDA CORRETAMENTE. NÃO HÁ FOTOS DE TODAS AS ETAPAS",IF(AND(AE93="NC",AF93="NC"),"NÃO UTILIZOU O PDA",IF(AND(AE93="NA",AF93="NA"),"NÃO AVALIADO POR FALHA DE SINCRONISMO")))) -> UTILIZOU O PDA CORRETAMENTE | AH93: C | AI93: FREGUESIA DO Ó | AJ93: =E93 -> SÃO PAULO | AK93: ÁGUA
A94: ONMF - DIV MANUT SERV OPE FREGUESIA | B94: 2618921018 | C94: VAZAMENTO DE ÁGUA NÃO VISÍVEL RAMAL | D94: VAZAMENTO DE ÁGUA | E94: SÃO PAULO | F94: RUA COMENDADOR ARMANDO PEREIRA | G94: 511 | H94: C/1 | I94: JD STA MARCELINA | J94: REPARO DE REDE DE AGUA NÃO VISIVEL | K94: fotos estão nessa OS 2618875889 obra de recapeamento reposição por conta da empresa jofege | L94: 46178.694 | M94: 46178.695 | N94: IZAQUEU FERREIRA DE SOUSA | O94: C | Q94: C | S94: C | U94: C | W94: C | Y94: NA | AA94: C | AC94: C | AE94: C | AF94: =IF(AND(O94="",Q94="",S94="",U94="",W94="",Y94="",AA94="",AC94=""),"",IF(OR(AND(O94<>"NA",O94<>"C",O94<>"NC",O94<>"SF",O94<>""),AND(Q94<>"NA",Q94<>"C",Q94<>"NC",Q94<>"SF",Q94<>""),AND(S94<>"NA",S94<>"C",S94<>"NC",S94<>"SF",S94<>""),AND(U94<>"NA",U94<>"C",U94<>"NC",U94<>"SF",U94<>""),AND(W94<>"NA",W94<>"C",W94<>"NC",W94<>"SF",W94<>""),AND(Y94<>"NA",Y94<>"C",Y94<>"NC",Y94<>"SF",Y94<>""),AND(AA94<>"NA",AA94<>"C",AA94<>"NC",AA94<>"SF",AA94<>""),AND(AC94<>"NA",AC94<>"C",AC94<>"NC",AC94<>"SF",AC94<>"")),"FALSO",IF(AND(O94="NA",Q94="NA",S94="NA",U94="NA",W94="NA",Y94="NA",AA94="NA",AC94="NA"),"NA",IF(OR(O94="NC",Q94="NC",S94="NC",U94="NC",W94="NC",Y94="NC",AA94="NC",AC94="NC",O94="SF",Q94="SF",S94="SF",U94="SF",W94="SF",Y94="SF",AA94="SF",AC94="SF"),"NC",IF(OR(O94="C",Q94="C",S94="C",U94="C",W94="C",Y94="C",AA94="C",AC94="C"),"C",""))))) -> C | AG94: =IF(AND(AE94="C",AF94="C"),"UTILIZOU O PDA CORRETAMENTE",IF(AND(AE94="C",AF94="NC"),"UTILIZOU O PDA CORRETAMENTE. NÃO HÁ FOTOS DE TODAS AS ETAPAS",IF(AND(AE94="NC",AF94="NC"),"NÃO UTILIZOU O PDA",IF(AND(AE94="NA",AF94="NA"),"NÃO AVALIADO POR FALHA DE SINCRONISMO")))) -> UTILIZOU O PDA CORRETAMENTE | AH94: C | AI94: FREGUESIA DO Ó | AJ94: =E94 -> SÃO PAULO | AK94: ÁGUA
A95: ONMF - DIV MANUT SERV OPE FREGUESIA | B95: 2618769589 | C95: SONDAR RAMAL DE ÁGUA | D95: OUTROS SERVIÇOS DE ÁGUA | E95: SÃO PAULO | F95: RUA VEIGA DO MONTE | G95: 122 | H95: C/1 | I95: VL BASILEIA | J95: SONDAGEM DE RAMAL DE AGUA | L95: 46178.647 | M95: 46178.647 | N95: CLEITON JOSE DOS SANTOS | O95: C | Q95: C | S95: C | U95: C | W95: C | Y95: NA | AA95: C | AC95: C | AE95: C | AF95: =IF(AND(O95="",Q95="",S95="",U95="",W95="",Y95="",AA95="",AC95=""),"",IF(OR(AND(O95<>"NA",O95<>"C",O95<>"NC",O95<>"SF",O95<>""),AND(Q95<>"NA",Q95<>"C",Q95<>"NC",Q95<>"SF",Q95<>""),AND(S95<>"NA",S95<>"C",S95<>"NC",S95<>"SF",S95<>""),AND(U95<>"NA",U95<>"C",U95<>"NC",U95<>"SF",U95<>""),AND(W95<>"NA",W95<>"C",W95<>"NC",W95<>"SF",W95<>""),AND(Y95<>"NA",Y95<>"C",Y95<>"NC",Y95<>"SF",Y95<>""),AND(AA95<>"NA",AA95<>"C",AA95<>"NC",AA95<>"SF",AA95<>""),AND(AC95<>"NA",AC95<>"C",AC95<>"NC",AC95<>"SF",AC95<>"")),"FALSO",IF(AND(O95="NA",Q95="NA",S95="NA",U95="NA",W95="NA",Y95="NA",AA95="NA",AC95="NA"),"NA",IF(OR(O95="NC",Q95="NC",S95="NC",U95="NC",W95="NC",Y95="NC",AA95="NC",AC95="NC",O95="SF",Q95="SF",S95="SF",U95="SF",W95="SF",Y95="SF",AA95="SF",AC95="SF"),"NC",IF(OR(O95="C",Q95="C",S95="C",U95="C",W95="C",Y95="C",AA95="C",AC95="C"),"C",""))))) -> C | AG95: =IF(AND(AE95="C",AF95="C"),"UTILIZOU O PDA CORRETAMENTE",IF(AND(AE95="C",AF95="NC"),"UTILIZOU O PDA CORRETAMENTE. NÃO HÁ FOTOS DE TODAS AS ETAPAS",IF(AND(AE95="NC",AF95="NC"),"NÃO UTILIZOU O PDA",IF(AND(AE95="NA",AF95="NA"),"NÃO AVALIADO POR FALHA DE SINCRONISMO")))) -> UTILIZOU O PDA CORRETAMENTE | AI95: FREGUESIA DO Ó | AJ95: =E95 -> SÃO PAULO | AK95: ÁGUA
A96: ONMF - DIV MANUT SERV OPE FREGUESIA | B96: 2618867921 | C96: TROCAR RAMAL DE ÁGUA | D96: VAZAMENTO DE ÁGUA | E96: SÃO PAULO | F96: RUA IRINEO VARONI | G96: 10 | H96: TV 40 | I96: JD TREMEMBE | J96: TROCA DE RAMAL DE AGUA | K96: fotos da troca está na os 2618867921 | L96: 46178.684 | M96: 46178.685 | N96: MOISES ANICACIO DE JESUS | O96: C | Q96: C | S96: C | U96: C | W96: C | Y96: C | AA96: C | AC96: C | AE96: C | AF96: =IF(AND(O96="",Q96="",S96="",U96="",W96="",Y96="",AA96="",AC96=""),"",IF(OR(AND(O96<>"NA",O96<>"C",O96<>"NC",O96<>"SF",O96<>""),AND(Q96<>"NA",Q96<>"C",Q96<>"NC",Q96<>"SF",Q96<>""),AND(S96<>"NA",S96<>"C",S96<>"NC",S96<>"SF",S96<>""),AND(U96<>"NA",U96<>"C",U96<>"NC",U96<>"SF",U96<>""),AND(W96<>"NA",W96<>"C",W96<>"NC",W96<>"SF",W96<>""),AND(Y96<>"NA",Y96<>"C",Y96<>"NC",Y96<>"SF",Y96<>""),AND(AA96<>"NA",AA96<>"C",AA96<>"NC",AA96<>"SF",AA96<>""),AND(AC96<>"NA",AC96<>"C",AC96<>"NC",AC96<>"SF",AC96<>"")),"FALSO",IF(AND(O96="NA",Q96="NA",S96="NA",U96="NA",W96="NA",Y96="NA",AA96="NA",AC96="NA"),"NA",IF(OR(O96="NC",Q96="NC",S96="NC",U96="NC",W96="NC",Y96="NC",AA96="NC",AC96="NC",O96="SF",Q96="SF",S96="SF",U96="SF",W96="SF",Y96="SF",AA96="SF",AC96="SF"),"NC",IF(OR(O96="C",Q96="C",S96="C",U96="C",W96="C",Y96="C",AA96="C",AC96="C"),"C",""))))) -> C | AG96: =IF(AND(AE96="C",AF96="C"),"UTILIZOU O PDA CORRETAMENTE",IF(AND(AE96="C",AF96="NC"),"UTILIZOU O PDA CORRETAMENTE. NÃO HÁ FOTOS DE TODAS AS ETAPAS",IF(AND(AE96="NC",AF96="NC"),"NÃO UTILIZOU O PDA",IF(AND(AE96="NA",AF96="NA"),"NÃO AVALIADO POR FALHA DE SINCRONISMO")))) -> UTILIZOU O PDA CORRETAMENTE | AH96: C | AI96: FREGUESIA DO Ó | AJ96: =E96 -> SÃO PAULO | AK96: ÁGUA
A97: ONMF - DIV MANUT SERV OPE FREGUESIA | B97: 2618737009 | C97: SONDAR RAMAL DE ÁGUA | D97: OUTROS SERVIÇOS DE ÁGUA | E97: SÃO PAULO | F97: RUA JOAQUIM AFONSO DE SOUZA | G97: 1090 | I97: CASA VERDE ALTA | J97: SONDAGEM DE RAMAL DE AGUA | K97: passeio em obras | L97: 46178.511 | M97: 46178.511 | N97: ADECARLOS DE SOUSA SANTOS | O97: C | Q97: C | S97: C | U97: C | W97: C | Y97: NA | AA97: C | AC97: C | AE97: C | AF97: =IF(AND(O97="",Q97="",S97="",U97="",W97="",Y97="",AA97="",AC97=""),"",IF(OR(AND(O97<>"NA",O97<>"C",O97<>"NC",O97<>"SF",O97<>""),AND(Q97<>"NA",Q97<>"C",Q97<>"NC",Q97<>"SF",Q97<>""),AND(S97<>"NA",S97<>"C",S97<>"NC",S97<>"SF",S97<>""),AND(U97<>"NA",U97<>"C",U97<>"NC",U97<>"SF",U97<>""),AND(W97<>"NA",W97<>"C",W97<>"NC",W97<>"SF",W97<>""),AND(Y97<>"NA",Y97<>"C",Y97<>"NC",Y97<>"SF",Y97<>""),AND(AA97<>"NA",AA97<>"C",AA97<>"NC",AA97<>"SF",AA97<>""),AND(AC97<>"NA",AC97<>"C",AC97<>"NC",AC97<>"SF",AC97<>"")),"FALSO",IF(AND(O97="NA",Q97="NA",S97="NA",U97="NA",W97="NA",Y97="NA",AA97="NA",AC97="NA"),"NA",IF(OR(O97="NC",Q97="NC",S97="NC",U97="NC",W97="NC",Y97="NC",AA97="NC",AC97="NC",O97="SF",Q97="SF",S97="SF",U97="SF",W97="SF",Y97="SF",AA97="SF",AC97="SF"),"NC",IF(OR(O97="C",Q97="C",S97="C",U97="C",W97="C",Y97="C",AA97="C",AC97="C"),"C",""))))) -> C | AG97: =IF(AND(AE97="C",AF97="C"),"UTILIZOU O PDA CORRETAMENTE",IF(AND(AE97="C",AF97="NC"),"UTILIZOU O PDA CORRETAMENTE. NÃO HÁ FOTOS DE TODAS AS ETAPAS",IF(AND(AE97="NC",AF97="NC"),"NÃO UTILIZOU O PDA",IF(AND(AE97="NA",AF97="NA"),"NÃO AVALIADO POR FALHA DE SINCRONISMO")))) -> UTILIZOU O PDA CORRETAMENTE | AI97: FREGUESIA DO Ó | AJ97: =E97 -> SÃO PAULO | AK97: ÁGUA
A98: ONMF - DIV MANUT SERV OPE FREGUESIA | B98: 2618770414 | C98: TROCAR RAMAL DE ÁGUA - VAZ NÃO VISIVEL | D98: VAZAMENTO DE ÁGUA | E98: SÃO PAULO | F98: AVENIDA RAIMUNDO PEREIRA DE MAGALHAES | G98: 255 | H98: A | I98: PIRITUBA | J98: TROCA DE RAMAL DE AGUA NÃO VISIVEL | K98: obs leito terra . | L98: 46178.639 | M98: 46178.648 | N98: CLEITON JOSE DOS SANTOS | O98: C | Q98: C | S98: C | U98: C | W98: C | Y98: C | AA98: C | AC98: C | AE98: C | AF98: =IF(AND(O98="",Q98="",S98="",U98="",W98="",Y98="",AA98="",AC98=""),"",IF(OR(AND(O98<>"NA",O98<>"C",O98<>"NC",O98<>"SF",O98<>""),AND(Q98<>"NA",Q98<>"C",Q98<>"NC",Q98<>"SF",Q98<>""),AND(S98<>"NA",S98<>"C",S98<>"NC",S98<>"SF",S98<>""),AND(U98<>"NA",U98<>"C",U98<>"NC",U98<>"SF",U98<>""),AND(W98<>"NA",W98<>"C",W98<>"NC",W98<>"SF",W98<>""),AND(Y98<>"NA",Y98<>"C",Y98<>"NC",Y98<>"SF",Y98<>""),AND(AA98<>"NA",AA98<>"C",AA98<>"NC",AA98<>"SF",AA98<>""),AND(AC98<>"NA",AC98<>"C",AC98<>"NC",AC98<>"SF",AC98<>"")),"FALSO",IF(AND(O98="NA",Q98="NA",S98="NA",U98="NA",W98="NA",Y98="NA",AA98="NA",AC98="NA"),"NA",IF(OR(O98="NC",Q98="NC",S98="NC",U98="NC",W98="NC",Y98="NC",AA98="NC",AC98="NC",O98="SF",Q98="SF",S98="SF",U98="SF",W98="SF",Y98="SF",AA98="SF",AC98="SF"),"NC",IF(OR(O98="C",Q98="C",S98="C",U98="C",W98="C",Y98="C",AA98="C",AC98="C"),"C",""))))) -> C | AG98: =IF(AND(AE98="C",AF98="C"),"UTILIZOU O PDA CORRETAMENTE",IF(AND(AE98="C",AF98="NC"),"UTILIZOU O PDA CORRETAMENTE. NÃO HÁ FOTOS DE TODAS AS ETAPAS",IF(AND(AE98="NC",AF98="NC"),"NÃO UTILIZOU O PDA",IF(AND(AE98="NA",AF98="NA"),"NÃO AVALIADO POR FALHA DE SINCRONISMO")))) -> UTILIZOU O PDA CORRETAMENTE | AH98: C | AI98: FREGUESIA DO Ó | AJ98: =E98 -> SÃO PAULO | AK98: ÁGUA
A99: ONMF - DIV MANUT SERV OPE FREGUESIA | B99: 2618925146 | C99: DESCOBRIR VÁLVULA DE REDE DE ÁGUA | D99: REDE DE ÁGUA | E99: SÃO PAULO | F99: RUA ITATIBA DO SUL | G99: 681 | H99: C/1 | I99: JD VISTA ALEGRE | J99: DESCOBERTA VALVULA DE REDE DE AGUA | K99: Observação está sem foto Autorizado pelo .Rafael Passeio terra Rafael | L99: 46208.597 | M99: 46208.6 | N99: LUIZ CARLOS DA SILVA | O99: SF | Q99: SF | S99: SF | U99: SF | W99: SF | Y99: SF | AA99: SF | AC99: SF | AE99: NC | AF99: =IF(AND(O99="",Q99="",S99="",U99="",W99="",Y99="",AA99="",AC99=""),"",IF(OR(AND(O99<>"NA",O99<>"C",O99<>"NC",O99<>"SF",O99<>""),AND(Q99<>"NA",Q99<>"C",Q99<>"NC",Q99<>"SF",Q99<>""),AND(S99<>"NA",S99<>"C",S99<>"NC",S99<>"SF",S99<>""),AND(U99<>"NA",U99<>"C",U99<>"NC",U99<>"SF",U99<>""),AND(W99<>"NA",W99<>"C",W99<>"NC",W99<>"SF",W99<>""),AND(Y99<>"NA",Y99<>"C",Y99<>"NC",Y99<>"SF",Y99<>""),AND(AA99<>"NA",AA99<>"C",AA99<>"NC",AA99<>"SF",AA99<>""),AND(AC99<>"NA",AC99<>"C",AC99<>"NC",AC99<>"SF",AC99<>"")),"FALSO",IF(AND(O99="NA",Q99="NA",S99="NA",U99="NA",W99="NA",Y99="NA",AA99="NA",AC99="NA"),"NA",IF(OR(O99="NC",Q99="NC",S99="NC",U99="NC",W99="NC",Y99="NC",AA99="NC",AC99="NC",O99="SF",Q99="SF",S99="SF",U99="SF",W99="SF",Y99="SF",AA99="SF",AC99="SF"),"NC",IF(OR(O99="C",Q99="C",S99="C",U99="C",W99="C",Y99="C",AA99="C",AC99="C"),"C",""))))) -> NC | AG99: =IF(AND(AE99="C",AF99="C"),"UTILIZOU O PDA CORRETAMENTE",IF(AND(AE99="C",AF99="NC"),"UTILIZOU O PDA CORRETAMENTE. NÃO HÁ FOTOS DE TODAS AS ETAPAS",IF(AND(AE99="NC",AF99="NC"),"NÃO UTILIZOU O PDA",IF(AND(AE99="NA",AF99="NA"),"NÃO AVALIADO POR FALHA DE SINCRONISMO")))) -> NÃO UTILIZOU O PDA | AH99: C | AI99: FREGUESIA DO Ó | AJ99: =E99 -> SÃO PAULO | AK99: ÁGUA
A100: ONMF - DIV MANUT SERV OPE FREGUESIA | B100: 2618958022 | C100: LIGAÇÃO DE ÁGUA EM CAVALETE MULTIPLO | D100: LIGAÇÃO DE ÁGUA | E100: SÃO PAULO | F100: RUA PROFESSORA NICIA DE PAULA | G100: 256 | H100: C/1 | I100: CASA VERDE | J100: LIGAÇÃO DE AGUA EM CAVALETE MÚLTIPLO | K100: Passeio adjacente em obra | L100: 46208.572 | M100: 46208.581 | N100: IZAQUEU FERREIRA DE SOUSA | O100: C | Q100: C | S100: C | U100: C | W100: C | Y100: C | AA100: C | AC100: C | AE100: C | AF100: =IF(AND(O100="",Q100="",S100="",U100="",W100="",Y100="",AA100="",AC100=""),"",IF(OR(AND(O100<>"NA",O100<>"C",O100<>"NC",O100<>"SF",O100<>""),AND(Q100<>"NA",Q100<>"C",Q100<>"NC",Q100<>"SF",Q100<>""),AND(S100<>"NA",S100<>"C",S100<>"NC",S100<>"SF",S100<>""),AND(U100<>"NA",U100<>"C",U100<>"NC",U100<>"SF",U100<>""),AND(W100<>"NA",W100<>"C",W100<>"NC",W100<>"SF",W100<>""),AND(Y100<>"NA",Y100<>"C",Y100<>"NC",Y100<>"SF",Y100<>""),AND(AA100<>"NA",AA100<>"C",AA100<>"NC",AA100<>"SF",AA100<>""),AND(AC100<>"NA",AC100<>"C",AC100<>"NC",AC100<>"SF",AC100<>"")),"FALSO",IF(AND(O100="NA",Q100="NA",S100="NA",U100="NA",W100="NA",Y100="NA",AA100="NA",AC100="NA"),"NA",IF(OR(O100="NC",Q100="NC",S100="NC",U100="NC",W100="NC",Y100="NC",AA100="NC",AC100="NC",O100="SF",Q100="SF",S100="SF",U100="SF",W100="SF",Y100="SF",AA100="SF",AC100="SF"),"NC",IF(OR(O100="C",Q100="C",S100="C",U100="C",W100="C",Y100="C",AA100="C",AC100="C"),"C",""))))) -> C | AG100: =IF(AND(AE100="C",AF100="C"),"UTILIZOU O PDA CORRETAMENTE",IF(AND(AE100="C",AF100="NC"),"UTILIZOU O PDA CORRETAMENTE. NÃO HÁ FOTOS DE TODAS AS ETAPAS",IF(AND(AE100="NC",AF100="NC"),"NÃO UTILIZOU O PDA",IF(AND(AE100="NA",AF100="NA"),"NÃO AVALIADO POR FALHA DE SINCRONISMO")))) -> UTILIZOU O PDA CORRETAMENTE | AH100: C | AI100: FREGUESIA DO Ó | AJ100: =E100 -> SÃO PAULO | AK100: ÁGUA
...

Sheet EQUIPES - ÁGUA
A1: ÁGUA
A3: ETAPAS DE SERVIÇO - EQUIPES
B5: ='DADOS - FREGUESIA DO Ó'!B73 -> TESTE
B6: ETAPAS | D6: AVALIADOS | E6: SEM FOTO | F6: CONFORME | G6: NÃO CONFORME
B7: FACHADA | D7: =F7+G7+E7 -> 0 | E7: =COUNTIFS(ÁGUA!N:N,'EQUIPES - ÁGUA'!B5,ÁGUA!O:O,"SF") -> 0 | F7: =COUNTIFS(ÁGUA!N:N,'EQUIPES - ÁGUA'!B5,ÁGUA!O:O,"c") -> 0 | G7: =COUNTIFS(ÁGUA!N:N,'EQUIPES - ÁGUA'!B5,ÁGUA!O:O,"NC") -> 0
B8: SINALIZAÇÃO | D8: =F8+G8+E8 -> 0 | E8: =COUNTIFS(ÁGUA!N:N,'EQUIPES - ÁGUA'!B5,ÁGUA!Q:Q,"SF") -> 0 | F8: =COUNTIFS(ÁGUA!N:N,'EQUIPES - ÁGUA'!B5,ÁGUA!Q:Q,"c") -> 0 | G8: =COUNTIFS(ÁGUA!N:N,'EQUIPES - ÁGUA'!B5,ÁGUA!Q:Q,"NC") -> 0
B9: ENCERADO | D9: =F9+G9+E9 -> 0 | E9: =COUNTIFS(ÁGUA!N:N,'EQUIPES - ÁGUA'!B5,ÁGUA!S:S,"SF") -> 0 | F9: =COUNTIFS(ÁGUA!N:N,'EQUIPES - ÁGUA'!B5,ÁGUA!S:S,"c") -> 0 | G9: =COUNTIFS(ÁGUA!N:N,'EQUIPES - ÁGUA'!B5,ÁGUA!S:S,"NC") -> 0
B10: GEOMETRIA | D10: =F10+G10+E10 -> 0 | E10: =COUNTIFS(ÁGUA!N:N,'EQUIPES - ÁGUA'!B5,ÁGUA!U:U,"SF") -> 0 | F10: =COUNTIFS(ÁGUA!N:N,'EQUIPES - ÁGUA'!B5,ÁGUA!U:U,"c") -> 0 | G10: =COUNTIFS(ÁGUA!N:N,'EQUIPES - ÁGUA'!B5,ÁGUA!U:U,"NC") -> 0
B11: BERÇO DE AREIA | D11: =F11+G11+E11 -> 0 | E11: =COUNTIFS(ÁGUA!N:N,'EQUIPES - ÁGUA'!B5,ÁGUA!W:W,"SF") -> 0 | F11: =COUNTIFS(ÁGUA!N:N,'EQUIPES - ÁGUA'!B5,ÁGUA!W:W,"c") -> 0 | G11: =COUNTIFS(ÁGUA!N:N,'EQUIPES - ÁGUA'!B5,ÁGUA!W:W,"NC") -> 0
B12: ESTANQUEIDADE | D12: =F12+G12+E12 -> 0 | E12: =COUNTIFS(ÁGUA!N:N,'EQUIPES - ÁGUA'!B5,ÁGUA!Y:Y,"SF") -> 0 | F12: =COUNTIFS(ÁGUA!N:N,'EQUIPES - ÁGUA'!B5,ÁGUA!Y:Y,"c") -> 0 | G12: =COUNTIFS(ÁGUA!N:N,'EQUIPES - ÁGUA'!B5,ÁGUA!Y:Y,"NC") -> 0
B13: COMPACTAÇÃO | D13: =F13+G13+E13 -> 0 | E13: =COUNTIFS(ÁGUA!N:N,'EQUIPES - ÁGUA'!B5,ÁGUA!AA:AA,"SF") -> 0 | F13: =COUNTIFS(ÁGUA!N:N,'EQUIPES - ÁGUA'!B5,ÁGUA!AA:AA,"c") -> 0 | G13: =COUNTIFS(ÁGUA!N:N,'EQUIPES - ÁGUA'!B5,ÁGUA!AA:AA,"NC") -> 0
B14: FINALIZAÇÃO | D14: =F14+G14+E14 -> 0 | E14: =COUNTIFS(ÁGUA!N:N,'EQUIPES - ÁGUA'!B5,ÁGUA!AC:AC,"SF") -> 0 | F14: =COUNTIFS(ÁGUA!N:N,'EQUIPES - ÁGUA'!B5,ÁGUA!AC:AC,"c") -> 0 | G14: =COUNTIFS(ÁGUA!N:N,'EQUIPES - ÁGUA'!B5,ÁGUA!AC:AC,"NC") -> 0

Sheet GRÁFICOS - ESGOTO
A1: AMOSTRA
B3: EXECUTADOS | D3: AVALIADOS
B4: =COUNTIFS(ESGOTO!A:A,"ONMF - DIV MANUT SERV OPE FREGUESIA") -> 255 | D4: ='DADOS - FREGUESIA DO Ó'!C27 -> 236
B5: VERIFICADOS | C5: (%) | D5: SEM EVIDÊNCIAS | E5: (%)
B6: ='DADOS - FREGUESIA DO Ó'!C27+'GRÁFICOS - ESGOTO'!D8 -> 255 | C6: =IFERROR(B6/B4,"-") -> 1 | D6: =COUNTIFS(ESGOTO!O:O,"SF",ESGOTO!Q:Q,"SF",ESGOTO!S:S,"SF",ESGOTO!U:U,"SF",ESGOTO!W:W,"SF",ESGOTO!AC:AC,"SF") -> 52 | E6: =IFERROR(D6/B4,"-") -> 0.20392157 | G6: =34/6 -> 5.6666667
B7: NÃO VERIFICADOS | C7: (%) | D7: NÃO SINCRONIZADOS | E7: (%)
B8: =B4-B6 -> 0 | C8: =IFERROR(B8/B4,"-") -> 0 | D8: =COUNTIFS(ESGOTO!O:O,"NA",ESGOTO!Q:Q,"NA",ESGOTO!S:S,"NA",ESGOTO!U:U,"NA",ESGOTO!W:W,"NA",ESGOTO!AC:AC,"NA") -> 19 | E8: =IFERROR(D8/B4,"-") -> 0.074509804
A11: RESULTADO
A40: AVALIAÇÃO DE MATERIAIS
A69: CONFORMIDADE POR ETAPAS DE SERVIÇO
A103: EQUIPES - CONFORMIDADES

Sheet ESGOTO
A1: Unidade Executante | B1: Número OS | C1: Descrição TSS | D1: Família | E1: Município | F1: Endereço | G1: Número | H1: Complemento | I1: Bairro | J1: Resultado | K1: Nota Execução/Não Execução | L1: Data Início Execução | M1: Data Fim Execução | N1: Equipe | O1: FACHADA | P1: Observação Fachada | Q1: SINALIZAÇÃO | R1: Observação Sinalização | S1: ENCERADO | T1: Observação encerado | U1: GEOMETRIA | V1: Observação Geometria | W1: BERÇO DE AREIA | X1: Observação Berço de Areia | Y1: ESCORAMENTO | Z1: Observação Escoramento | AA1: .COMPACTAÇÃO | AB1: Observação Compactação | AC1: FINALIZADO | AD1: Observação Finalizado | AE1: TEMPO DE EXECUÇÃO | AF1: SEQUÊNCIA DE FOTOS | AG1: Observações | AH1: BAIXA DE MATERIAIS | AI1: POLO | AJ1: MUNICÍPIO | AK1: CARACTERÍSTICA DO SERVIÇO
A2: ONMF - DIV MANUT SERV OPE FREGUESIA | B2: 2617967170 | C2: NIVELAR POÇO DE INSPEÇÃO/VISITA | D2: PI, PV, TL | E2: SÃO PAULO | F2: RUA DIOGO BERNARDES | G2: 139 | H2: C/1 | I2: VL DIONISIA | J2: NIVELADO POÇO DE VISITA | K2: Observação foi usado mesmo tampão | L2: 46027.437 | M2: 46027.438 | N2: LUIZ CARLOS DA SILVA | O2: C | Q2: C | S2: C | U2: C | W2: NA | Y2: NA | AA2: NA | AC2: C | AE2: C | AF2: =IF(AND(O2="",Q2="",S2="",U2="",W2="",Y2="",AA2="",AC2=""),"",IF(OR(AND(O2<>"NA",O2<>"C",O2<>"NC",O2<>"SF",O2<>""),AND(Q2<>"NA",Q2<>"C",Q2<>"NC",Q2<>"SF",Q2<>""),AND(S2<>"NA",S2<>"C",S2<>"NC",S2<>"SF",S2<>""),AND(U2<>"NA",U2<>"C",U2<>"NC",U2<>"SF",U2<>""),AND(W2<>"NA",W2<>"C",W2<>"NC",W2<>"SF",W2<>""),AND(Y2<>"NA",Y2<>"C",Y2<>"NC",Y2<>"SF",Y2<>""),AND(AA2<>"NA",AA2<>"C",AA2<>"NC",AA2<>"SF",AA2<>""),AND(AC2<>"NA",AC2<>"C",AC2<>"NC",AC2<>"SF",AC2<>"")),"FALSO",IF(AND(O2="NA",Q2="NA",S2="NA",U2="NA",W2="NA",Y2="NA",AA2="NA",AC2="NA"),"NA",IF(OR(O2="NC",Q2="NC",S2="NC",U2="NC",W2="NC",Y2="NC",AA2="NC",AC2="NC",O2="SF",Q2="SF",S2="SF",U2="SF",W2="SF",Y2="SF",AA2="SF",AC2="SF"),"NC",IF(OR(O2="C",Q2="C",S2="C",U2="C",W2="C",Y2="C",AA2="C",AC2="C"),"C",""))))) -> C | AG2: =IF(AND(AE2="C",AF2="C"),"UTILIZOU O PDA CORRETAMENTE",IF(AND(AE2="C",AF2="NC"),"UTILIZOU O PDA CORRETAMENTE. NÃO HÁ FOTOS DE TODAS AS ETAPAS",IF(AND(AE2="NC",AF2="NC"),"NÃO UTILIZOU O PDA",IF(AND(AE2="NA",AF2="NA"),"NÃO AVALIADO POR FALHA DE SINCRONISMO")))) -> UTILIZOU O PDA CORRETAMENTE | AH2: C | AI2: FREGUESIA DO Ó | AJ2: =E2 -> SÃO PAULO | AK2: ESGOTO
A3: ONMF - DIV MANUT SERV OPE FREGUESIA | B3: 2618106256 | C3: NIVELAR POÇO DE INSPEÇÃO/VISITA | D3: PI, PV, TL | E3: SÃO PAULO | F3: RUA BARAO DE SANTO ANGELO | G3: 1 | I3: PQ S LUIS | J3: NIVELADO POÇO DE VISITA | L3: 46027.48 | M3: 46027.48 | N3: LUIZ CARLOS DA SILVA | O3: C | Q3: C | S3: C | U3: C | W3: NA | Y3: NA | AA3: NA | AC3: NC | AD3: TRENA ACIMA DO PADRÃO | AE3: C | AF3: =IF(AND(O3="",Q3="",S3="",U3="",W3="",Y3="",AA3="",AC3=""),"",IF(OR(AND(O3<>"NA",O3<>"C",O3<>"NC",O3<>"SF",O3<>""),AND(Q3<>"NA",Q3<>"C",Q3<>"NC",Q3<>"SF",Q3<>""),AND(S3<>"NA",S3<>"C",S3<>"NC",S3<>"SF",S3<>""),AND(U3<>"NA",U3<>"C",U3<>"NC",U3<>"SF",U3<>""),AND(W3<>"NA",W3<>"C",W3<>"NC",W3<>"SF",W3<>""),AND(Y3<>"NA",Y3<>"C",Y3<>"NC",Y3<>"SF",Y3<>""),AND(AA3<>"NA",AA3<>"C",AA3<>"NC",AA3<>"SF",AA3<>""),AND(AC3<>"NA",AC3<>"C",AC3<>"NC",AC3<>"SF",AC3<>"")),"FALSO",IF(AND(O3="NA",Q3="NA",S3="NA",U3="NA",W3="NA",Y3="NA",AA3="NA",AC3="NA"),"NA",IF(OR(O3="NC",Q3="NC",S3="NC",U3="NC",W3="NC",Y3="NC",AA3="NC",AC3="NC",O3="SF",Q3="SF",S3="SF",U3="SF",W3="SF",Y3="SF",AA3="SF",AC3="SF"),"NC",IF(OR(O3="C",Q3="C",S3="C",U3="C",W3="C",Y3="C",AA3="C",AC3="C"),"C",""))))) -> NC | AG3: =IF(AND(AE3="C",AF3="C"),"UTILIZOU O PDA CORRETAMENTE",IF(AND(AE3="C",AF3="NC"),"UTILIZOU O PDA CORRETAMENTE. NÃO HÁ FOTOS DE TODAS AS ETAPAS",IF(AND(AE3="NC",AF3="NC"),"NÃO UTILIZOU O PDA",IF(AND(AE3="NA",AF3="NA"),"NÃO AVALIADO POR FALHA DE SINCRONISMO")))) -> UTILIZOU O PDA CORRETAMENTE. NÃO HÁ FOTOS DE TODAS AS ETAPAS | AH3: NC | AI3: FREGUESIA DO Ó | AJ3: =E3 -> SÃO PAULO | AK3: ESGOTO
A4: ONMF - DIV MANUT SERV OPE FREGUESIA | B4: 2618090512 | C4: TROCAR RAMAL DE ESGOTO | D4: CONSERTO DE ESGOTO | E4: SÃO PAULO | F4: AVENIDA GENERAL PENHA BRASIL | G4: 781 | I4: VL DIONISIA | J4: TROCA DE RAMAL DE ESGOTO | K4: REDET.O PROF 1,20 | L4: 46027.583 | M4: 46027.604 | N4: NIVALDO RODRIGUES DE LIMA | O4: C | Q4: C | S4: C | U4: C | W4: C | Y4: NA | AA4: C | AC4: C | AE4: C | AF4: =IF(AND(O4="",Q4="",S4="",U4="",W4="",Y4="",AA4="",AC4=""),"",IF(OR(AND(O4<>"NA",O4<>"C",O4<>"NC",O4<>"SF",O4<>""),AND(Q4<>"NA",Q4<>"C",Q4<>"NC",Q4<>"SF",Q4<>""),AND(S4<>"NA",S4<>"C",S4<>"NC",S4<>"SF",S4<>""),AND(U4<>"NA",U4<>"C",U4<>"NC",U4<>"SF",U4<>""),AND(W4<>"NA",W4<>"C",W4<>"NC",W4<>"SF",W4<>""),AND(Y4<>"NA",Y4<>"C",Y4<>"NC",Y4<>"SF",Y4<>""),AND(AA4<>"NA",AA4<>"C",AA4<>"NC",AA4<>"SF",AA4<>""),AND(AC4<>"NA",AC4<>"C",AC4<>"NC",AC4<>"SF",AC4<>"")),"FALSO",IF(AND(O4="NA",Q4="NA",S4="NA",U4="NA",W4="NA",Y4="NA",AA4="NA",AC4="NA"),"NA",IF(OR(O4="NC",Q4="NC",S4="NC",U4="NC",W4="NC",Y4="NC",AA4="NC",AC4="NC",O4="SF",Q4="SF",S4="SF",U4="SF",W4="SF",Y4="SF",AA4="SF",AC4="SF"),"NC",IF(OR(O4="C",Q4="C",S4="C",U4="C",W4="C",Y4="C",AA4="C",AC4="C"),"C",""))))) -> C | AG4: =IF(AND(AE4="C",AF4="C"),"UTILIZOU O PDA CORRETAMENTE",IF(AND(AE4="C",AF4="NC"),"UTILIZOU O PDA CORRETAMENTE. NÃO HÁ FOTOS DE TODAS AS ETAPAS",IF(AND(AE4="NC",AF4="NC"),"NÃO UTILIZOU O PDA",IF(AND(AE4="NA",AF4="NA"),"NÃO AVALIADO POR FALHA DE SINCRONISMO")))) -> UTILIZOU O PDA CORRETAMENTE | AH4: C | AI4: FREGUESIA DO Ó | AJ4: =E4 -> SÃO PAULO | AK4: ESGOTO
A5: ONMF - DIV MANUT SERV OPE FREGUESIA | B5: 2617569884 | C5: LIGAÇÃO DE ESGOTO ADICIONAL | D5: LIGAÇÃO DE ESGOTO | E5: SÃO PAULO | F5: RUA ITAMBU | G5: 117 | I5: PEDRA BRANCA | J5: LIGAÇÃO DE ESGOTO ADICIONAL | K5: ligação de esgoto Rede terço oposto profundidade 1.40 não tem reposição de PA | L5: 46027.395 | M5: 46027.565 | N5: ELINALDO DE ARAUJO SOARES | O5: C | Q5: C | S5: C | U5: C | W5: C | Y5: SF | AA5: C | AC5: C | AE5: C | AF5: =IF(AND(O5="",Q5="",S5="",U5="",W5="",Y5="",AA5="",AC5=""),"",IF(OR(AND(O5<>"NA",O5<>"C",O5<>"NC",O5<>"SF",O5<>""),AND(Q5<>"NA",Q5<>"C",Q5<>"NC",Q5<>"SF",Q5<>""),AND(S5<>"NA",S5<>"C",S5<>"NC",S5<>"SF",S5<>""),AND(U5<>"NA",U5<>"C",U5<>"NC",U5<>"SF",U5<>""),AND(W5<>"NA",W5<>"C",W5<>"NC",W5<>"SF",W5<>""),AND(Y5<>"NA",Y5<>"C",Y5<>"NC",Y5<>"SF",Y5<>""),AND(AA5<>"NA",AA5<>"C",AA5<>"NC",AA5<>"SF",AA5<>""),AND(AC5<>"NA",AC5<>"C",AC5<>"NC",AC5<>"SF",AC5<>"")),"FALSO",IF(AND(O5="NA",Q5="NA",S5="NA",U5="NA",W5="NA",Y5="NA",AA5="NA",AC5="NA"),"NA",IF(OR(O5="NC",Q5="NC",S5="NC",U5="NC",W5="NC",Y5="NC",AA5="NC",AC5="NC",O5="SF",Q5="SF",S5="SF",U5="SF",W5="SF",Y5="SF",AA5="SF",AC5="SF"),"NC",IF(OR(O5="C",Q5="C",S5="C",U5="C",W5="C",Y5="C",AA5="C",AC5="C"),"C",""))))) -> NC | AG5: =IF(AND(AE5="C",AF5="C"),"UTILIZOU O PDA CORRETAMENTE",IF(AND(AE5="C",AF5="NC"),"UTILIZOU O PDA CORRETAMENTE. NÃO HÁ FOTOS DE TODAS AS ETAPAS",IF(AND(AE5="NC",AF5="NC"),"NÃO UTILIZOU O PDA",IF(AND(AE5="NA",AF5="NA"),"NÃO AVALIADO POR FALHA DE SINCRONISMO")))) -> UTILIZOU O PDA CORRETAMENTE. NÃO HÁ FOTOS DE TODAS AS ETAPAS | AH5: C | AI5: FREGUESIA DO Ó | AJ5: =E5 -> SÃO PAULO | AK5: ESGOTO
A6: ONMF - DIV MANUT SERV OPE FREGUESIA | B6: 2611601791 | C6: REMANEJAR REDE DE ESGOTO | D6: REDE DE ESGOTO | E6: SÃO PAULO | F6: RUA BARROCO | G6: 35 | I6: PQ HOLLYWOOD | J6: REMANEJADA REDE DE ESGOTO | K6: executado remanejamento de rede de esgoto,194,66 de Tubo PVC de esgoto 200MM ,Rede no eixo,Profundidade 2,12,Reposição asfalto binder 194,66X1,40 ok. Equipe elinaldo | L6: 46027.417 | M6: 46027.444 | N6: ELINALDO DE ARAUJO SOARES | O6: C | Q6: C | S6: C | U6: C | W6: C | Y6: C | AA6: C | AC6: NC | AD6: AUSÊNCIA DE RÉGUA, CARIMBO E TRENA | AE6: C | AF6: =IF(AND(O6="",Q6="",S6="",U6="",W6="",Y6="",AA6="",AC6=""),"",IF(OR(AND(O6<>"NA",O6<>"C",O6<>"NC",O6<>"SF",O6<>""),AND(Q6<>"NA",Q6<>"C",Q6<>"NC",Q6<>"SF",Q6<>""),AND(S6<>"NA",S6<>"C",S6<>"NC",S6<>"SF",S6<>""),AND(U6<>"NA",U6<>"C",U6<>"NC",U6<>"SF",U6<>""),AND(W6<>"NA",W6<>"C",W6<>"NC",W6<>"SF",W6<>""),AND(Y6<>"NA",Y6<>"C",Y6<>"NC",Y6<>"SF",Y6<>""),AND(AA6<>"NA",AA6<>"C",AA6<>"NC",AA6<>"SF",AA6<>""),AND(AC6<>"NA",AC6<>"C",AC6<>"NC",AC6<>"SF",AC6<>"")),"FALSO",IF(AND(O6="NA",Q6="NA",S6="NA",U6="NA",W6="NA",Y6="NA",AA6="NA",AC6="NA"),"NA",IF(OR(O6="NC",Q6="NC",S6="NC",U6="NC",W6="NC",Y6="NC",AA6="NC",AC6="NC",O6="SF",Q6="SF",S6="SF",U6="SF",W6="SF",Y6="SF",AA6="SF",AC6="SF"),"NC",IF(OR(O6="C",Q6="C",S6="C",U6="C",W6="C",Y6="C",AA6="C",AC6="C"),"C",""))))) -> NC | AG6: =IF(AND(AE6="C",AF6="C"),"UTILIZOU O PDA CORRETAMENTE",IF(AND(AE6="C",AF6="NC"),"UTILIZOU O PDA CORRETAMENTE. NÃO HÁ FOTOS DE TODAS AS ETAPAS",IF(AND(AE6="NC",AF6="NC"),"NÃO UTILIZOU O PDA",IF(AND(AE6="NA",AF6="NA"),"NÃO AVALIADO POR FALHA DE SINCRONISMO")))) -> UTILIZOU O PDA CORRETAMENTE. NÃO HÁ FOTOS DE TODAS AS ETAPAS | AH6: C | AI6: FREGUESIA DO Ó | AJ6: =E6 -> SÃO PAULO | AK6: ESGOTO
A7: ONMF - DIV MANUT SERV OPE FREGUESIA | B7: 2550567796 | C7: REMANEJAR REDE DE ESGOTO | D7: REDE DE ESGOTO | E7: SÃO PAULO | F7: RUA LUCINDO PASSOS FILHO | G7: 93 | I7: JD ALMANARA | J7: REMANEJADA REDE DE ESGOTO | K7: executado remanejamento 218,15 metros de tubo PVC de 200MM Rede no terço Profundidade 2,10 Reposição asfalto binder 218,15X1,30 ok Equipe nivaldo | L7: 46027.417 | M7: 46027.479 | N7: NIVALDO RODRIGUES DE LIMA | O7: C | Q7: C | S7: C | U7: C | W7: C | Y7: C | AA7: C | AC7: NC | AD7: AUSÊNCIA DE CARIMBO E TRENA ACIMA DO PADRÃO | AE7: C | AF7: =IF(AND(O7="",Q7="",S7="",U7="",W7="",Y7="",AA7="",AC7=""),"",IF(OR(AND(O7<>"NA",O7<>"C",O7<>"NC",O7<>"SF",O7<>""),AND(Q7<>"NA",Q7<>"C",Q7<>"NC",Q7<>"SF",Q7<>""),AND(S7<>"NA",S7<>"C",S7<>"NC",S7<>"SF",S7<>""),AND(U7<>"NA",U7<>"C",U7<>"NC",U7<>"SF",U7<>""),AND(W7<>"NA",W7<>"C",W7<>"NC",W7<>"SF",W7<>""),AND(Y7<>"NA",Y7<>"C",Y7<>"NC",Y7<>"SF",Y7<>""),AND(AA7<>"NA",AA7<>"C",AA7<>"NC",AA7<>"SF",AA7<>""),AND(AC7<>"NA",AC7<>"C",AC7<>"NC",AC7<>"SF",AC7<>"")),"FALSO",IF(AND(O7="NA",Q7="NA",S7="NA",U7="NA",W7="NA",Y7="NA",AA7="NA",AC7="NA"),"NA",IF(OR(O7="NC",Q7="NC",S7="NC",U7="NC",W7="NC",Y7="NC",AA7="NC",AC7="NC",O7="SF",Q7="SF",S7="SF",U7="SF",W7="SF",Y7="SF",AA7="SF",AC7="SF"),"NC",IF(OR(O7="C",Q7="C",S7="C",U7="C",W7="C",Y7="C",AA7="C",AC7="C"),"C",""))))) -> NC | AG7: =IF(AND(AE7="C",AF7="C"),"UTILIZOU O PDA CORRETAMENTE",IF(AND(AE7="C",AF7="NC"),"UTILIZOU O PDA CORRETAMENTE. NÃO HÁ FOTOS DE TODAS AS ETAPAS",IF(AND(AE7="NC",AF7="NC"),"NÃO UTILIZOU O PDA",IF(AND(AE7="NA",AF7="NA"),"NÃO AVALIADO POR FALHA DE SINCRONISMO")))) -> UTILIZOU O PDA CORRETAMENTE. NÃO HÁ FOTOS DE TODAS AS ETAPAS | AH7: C | AI7: FREGUESIA DO Ó | AJ7: =E7 -> SÃO PAULO | AK7: ESGOTO
