Workbook

Sheet CAPA
C18: RELATÓRIO PARCIAL
C20: CONTROLE TECNOLÓGICO
C21: ='DADOS - GOPOÚVA'!B4 -> Período: 01/03/2026 à 31/03/2026
C35: POLO GOPOÚVA
C36: CONTRATADA AUDITADA: CONSÓRCIO GOPOÚVA I
C37: CONTRATO: 00.238/25
C41: SÃO PAULO
C42: 2026

Sheet DADOS - GOPOÚVA
B2: GOPOÚVA
B3: ACOMPANHAMENTO EM CAMPO
B4: Período: 01/03/2026 à 31/03/2026
B6: ÍNDICE TECNOLÓGICO (%)
B7: IT (%)
D9: ÍNDICE DE CONFORMIDADE (%)
B10: Tipo de Serviço | C10: IC (%) | E10: Quantidade de LVs
B11: Água | C11: 0.9946 | E11: 48
B12: Esgoto | C12: 0.9909 | E12: 25
B13: Reposição | E13: 32
B14: Pós 60 | E14: 285
B16: GOPOÚVA | E16: FALTAM | F16: =('GRÁFICOS - ÁGUA'!B8+'GRÁFICOS - ESGOTO'!B8+'GRÁFICOS - CAVALETE'!B8+'GRÁFICOS - REPOSIÇÃO'!B8) -> 1375
B17: QUALIDADE | C17: 0
B18: PRAZO | C18: 0
B19: SEGURANÇA | C19: 0
B20: ORGANIZAÇÃO | C20: 0
B23: OLHAR DIGITAL
B25: ÍNDICE DE QUALIDADE SABESP - IQS (%)
B26: Tipo de Serviço | C26: Fotos Avaliadas | D26: Fotos NC | E26: Fotos Conforme | F26: Não Conforme (%) | G26: Conforme (%)
B27: Água | C27: =D27+E27 -> 446 | D27: =COUNTIF(ÁGUA!AF:AF,"Nc") -> 59 | E27: =COUNTIF(ÁGUA!AF:AF,"c") -> 387 | F27: =IFERROR(D27/C27,"-") -> 0.132287 | G27: =IFERROR(100%-F27,"-") -> 0.867713
B28: Esgoto | C28: =D28+E28 -> 23 | D28: =COUNTIF(ESGOTO!AF:AF,"NC") -> 6 | E28: =COUNTIF(ESGOTO!AF:AF,"C") -> 17 | F28: =IFERROR(D28/C28,"-") -> 0.26086957 | G28: =IFERROR(100%-F28,"-") -> 0.73913043
B29: Cavalete | C29: =D29+E29 -> 351 | D29: =COUNTIF(CAVALETE!Z:Z,"nc") -> 23 | E29: =COUNTIF(CAVALETE!Z:Z,"C") -> 328 | F29: =IFERROR(D29/C29,"-") -> 0.065527066 | G29: =IFERROR(100%-F29,"-") -> 0.93447293
B30: Reposição | C30: =D30+E30 -> 219 | D30: =COUNTIF(REPOSIÇÃO!AF:AF,"nC") -> 113 | E30: =COUNTIF(REPOSIÇÃO!AF:AF,"c") -> 106 | F30: =IFERROR(D30/C30,"-") -> 0.51598174 | G30: =IFERROR(100%-F30,"-") -> 0.48401826
B31: Total | C31: =SUM(C27:C30) -> 1039 | D31: =SUM(D27:D30) -> 201 | E31: =SUM(E27:E30) -> 838 | F31: =IFERROR(AVERAGE(F27,F28,F29,F30),"-") -> 0.24366634 | G31: =IFERROR(AVERAGE(G27,G28,G29,G30),"-") -> 0.75633366
F32: IQS Não Conforme (%): | G32: IQS (%):
B34: TEMPO DE EXECUÇÃO
B35: Tipo de Serviço | C35: Avaliados | D35: Não Conforme | E35: Conforme | F35: Não Conforme (%) | G35: Conforme (%)
B36: Água | C36: =D36+E36 -> 446 | D36: =COUNTIF(ÁGUA!AE:AE,"Nc") -> 12 | E36: =COUNTIF(ÁGUA!AE:AE,"c") -> 434 | F36: =IFERROR(D36/C36,"-") -> 0.02690583 | G36: =IFERROR(E36/C36,"-") -> 0.97309417
B37: Esgoto | C37: =D37+E37 -> 23 | D37: =COUNTIF(ESGOTO!AE:AE,"NC") -> 3 | E37: =COUNTIF(ESGOTO!AE:AE,"C") -> 20 | F37: =IFERROR(D37/C37,"-") -> 0.13043478 | G37: =IFERROR(E37/C37,"-") -> 0.86956522
B38: Cavalete | C38: =D38+E38 -> 351 | D38: =COUNTIF(CAVALETE!Y:Y,"NC") -> 11 | E38: =COUNTIF(CAVALETE!Y:Y,"C") -> 340 | F38: =IFERROR(D38/C38,"-") -> 0.031339031 | G38: =IFERROR(E38/C38,"-") -> 0.96866097
B39: Reposição | C39: =D39+E39 -> 217 | D39: =COUNTIF(REPOSIÇÃO!AE:AE,"nC") -> 95 | E39: =COUNTIF(REPOSIÇÃO!AE:AE,"c") -> 122 | F39: =IFERROR(D39/C39,"-") -> 0.43778802 | G39: =IFERROR(E39/C39,"-") -> 0.56221198
B41: BAIXA DE MATERIAIS
B42: Tipo de Serviço | C42: Avaliados | D42: Não Conforme | E42: Conforme | F42: Não Conforme (%) | G42: Conforme (%)
B43: Água | C43: =D43+E43 -> 488 | D43: =COUNTIF(ÁGUA!AH:AH,"Nc") -> 0 | E43: =COUNTIF(ÁGUA!AH:AH,"c") -> 488 | F43: =IFERROR(D43/C43,"-") -> 0 | G43: =IFERROR(E43/C43,"-") -> 1
B44: Esgoto | C44: =D44+E44 -> 289 | D44: =COUNTIF(ESGOTO!AH:AH,"NC") -> 0 | E44: =COUNTIF(ESGOTO!AH:AH,"C") -> 289 | F44: =IFERROR(D44/C44,"-") -> 0 | G44: =IFERROR(E44/C44,"-") -> 1
B45: Cavalete | C45: =D45+E45 -> 331 | D45: =COUNTIF(CAVALETE!AB:AB,"NC") -> 0 | E45: =COUNTIF(CAVALETE!AB:AB,"C") -> 331 | F45: =IFERROR(D45/C45,"-") -> 0 | G45: =IFERROR(E45/C45,"-") -> 1
B47: ÁGUA
B49: TEMPO DE EXECUÇÃO
B50: Tipo de Serviço | C50: Avaliados | D50: Não Conforme | E50: Conforme | F50: Não Conforme (%) | G50: Conforme (%)
B51: Água | C51: =D51+E51 -> 446 | D51: =COUNTIF(ÁGUA!AE:AE,"NC") -> 12 | E51: =COUNTIF(ÁGUA!AE:AE,"C") -> 434 | F51: =IFERROR(D51/C51,"-") -> 0.02690583 | G51: =IFERROR(E51/C51,"-") -> 0.97309417
B53: ÍNDICE DE QUALIDADE SABESP - IQS (%)
B54: Tipo de Serviço | C54: Fotos Avaliadas | D54: Fotos NC | E54: Fotos Conforme | F54: Não Conforme (%) | G54: Conforme (%)
B55: Água | C55: =D55+E55 -> 446 | D55: =COUNTIF(ÁGUA!AF:AF,"NC") -> 59 | E55: =COUNTIF(ÁGUA!AF:AF,"C") -> 387 | F55: =IFERROR(D55/C55,"-") -> 0.132287 | G55: =IFERROR(100%-F55,"-") -> 0.867713
B57: BAIXA DE MATERIAIS
B58: Tipo de Serviço | C58: Avaliados | D58: Não Conforme | E58: Conforme | F58: Não Conforme (%) | G58: Conforme (%)
B59: Água | C59: =D59+E59 -> 488 | D59: =COUNTIF(ÁGUA!AH:AH,"NC") -> 0 | E59: =COUNTIF(ÁGUA!AH:AH,"C") -> 488 | F59: =IFERROR(D59/C59,"-") -> 0 | G59: =IFERROR(E59/C59,"-") -> 1
B61: ETAPAS - CONFORMIDADE
B62: GOPOÚVA | C62: CONFORME | D62: NÃO CONFORME | E62: SEM FOTO | F62: CONFORME (%) | G62: NÃO CONFORME(%)
B63: FACHADA | C63: =COUNTIF(ÁGUA!O:O,"c") -> 434 | D63: =COUNTIF(ÁGUA!O:O,"Nc") -> 2 | E63: =COUNTIF(ÁGUA!O:O,"SF") -> 10 | F63: =IFERROR(C63/(C63+D63+E63),"-") -> 0.97309417 | G63: =IFERROR(100%-F63,"-") -> 0.02690583
B64: SINALIZAÇÃO | C64: =COUNTIF(ÁGUA!Q:Q,"c") -> 387 | D64: =COUNTIF(ÁGUA!Q:Q,"Nc") -> 5 | E64: =COUNTIF(ÁGUA!Q:Q,"SF") -> 10 | F64: =IFERROR(C64/(C64+D64+E64),"-") -> 0.96268657 | G64: =IFERROR(100%-F64,"-") -> 0.037313433
B65: ENCERADO | C65: =COUNTIF(ÁGUA!S:S,"c") -> 386 | D65: =COUNTIF(ÁGUA!S:S,"Nc") -> 2 | E65: =COUNTIF(ÁGUA!S:S,"SF") -> 10 | F65: =IFERROR(C65/(C65+D65+E65),"-") -> 0.96984925 | G65: =IFERROR(100%-F65,"-") -> 0.030150754
B66: GEOMETRIA | C66: =COUNTIF(ÁGUA!U:U,"c") -> 379 | D66: =COUNTIF(ÁGUA!U:U,"Nc") -> 2 | E66: =COUNTIF(ÁGUA!U:U,"SF") -> 16 | F66: =IFERROR(C66/(C66+D66+E66),"-") -> 0.95465995 | G66: =IFERROR(100%-F66,"-") -> 0.04534005
B67: BERÇO DE AREIA | C67: =COUNTIF(ÁGUA!W:W,"c") -> 378 | D67: =COUNTIF(ÁGUA!W:W,"Nc") -> 3 | E67: =COUNTIF(ÁGUA!W:W,"SF") -> 16 | F67: =IFERROR(C67/(C67+D67+E67),"-") -> 0.95214106 | G67: =IFERROR(100%-F67,"-") -> 0.047858942
B68: ESTANQUEIDADE | C68: =COUNTIF(ÁGUA!Y:Y,"c") -> 149 | D68: =COUNTIF(ÁGUA!Y:Y,"Nc") -> 11 | E68: =COUNTIF(ÁGUA!Y:Y,"SF") -> 16 | F68: =IFERROR(C68/(C68+D68+E68),"-") -> 0.84659091 | G68: =IFERROR(100%-F68,"-") -> 0.15340909
B69: COMPACTAÇÃO | C69: =COUNTIF(ÁGUA!AA:AA,"c") -> 393 | D69: =COUNTIF(ÁGUA!AA:AA,"Nc") -> 22 | E69: =COUNTIF(ÁGUA!AA:AA,"SF") -> 17 | F69: =IFERROR(C69/(C69+D69+E69),"-") -> 0.90972222 | G69: =IFERROR(100%-F69,"-") -> 0.090277778
B70: FINALIZAÇÃO | C70: =COUNTIF(ÁGUA!AC:AC,"c") -> 417 | D70: =COUNTIF(ÁGUA!AC:AC,"Nc") -> 13 | E70: =COUNTIF(ÁGUA!AC:AC,"SF") -> 16 | F70: =IFERROR(C70/(C70+D70+E70),"-") -> 0.93497758 | G70: =IFERROR(100%-F70,"-") -> 0.065022422
B72: EQUIPES - CONFORMIDADE - TEMPO DE EXECUÇÃO
B73: EQUIPE | C73: AVALIADOS | D73: CONFORME | E73: NÃO CONFORME | F73: CONFORME (%) | G73: NÃO CONFORME (%)
B74: ADEMAR JOSE VIANA | C74: =D74+E74 -> 20 | D74: =COUNTIFS(ÁGUA!N:N,'DADOS - GOPOÚVA'!B74,ÁGUA!AE:AE,"c") -> 20 | E74: =COUNTIFS(ÁGUA!N:N,'DADOS - GOPOÚVA'!B74,ÁGUA!AE:AE,"Nc") -> 0 | F74: =IFERROR(D74/C74,"-") -> 1 | G74: =IFERROR(100%-F74,"-") -> 0
B75: ADIMILSON SOUZA OLIVEIRA | C75: =D75+E75 -> 18 | D75: =COUNTIFS(ÁGUA!N:N,'DADOS - GOPOÚVA'!B75,ÁGUA!AE:AE,"c") -> 18 | E75: =COUNTIFS(ÁGUA!N:N,'DADOS - GOPOÚVA'!B75,ÁGUA!AE:AE,"Nc") -> 0 | F75: =IFERROR(D75/C75,"-") -> 1 | G75: =IFERROR(100%-F75,"-") -> 0
B76: ALISSON ARAUJO DA SILVA | C76: =D76+E76 -> 18 | D76: =COUNTIFS(ÁGUA!N:N,'DADOS - GOPOÚVA'!B76,ÁGUA!AE:AE,"c") -> 18 | E76: =COUNTIFS(ÁGUA!N:N,'DADOS - GOPOÚVA'!B76,ÁGUA!AE:AE,"Nc") -> 0 | F76: =IFERROR(D76/C76,"-") -> 1 | G76: =IFERROR(100%-F76,"-") -> 0
B77: CARLOS HENRIQUE DO AMARAL | C77: =D77+E77 -> 14 | D77: =COUNTIFS(ÁGUA!N:N,'DADOS - GOPOÚVA'!B77,ÁGUA!AE:AE,"c") -> 14 | E77: =COUNTIFS(ÁGUA!N:N,'DADOS - GOPOÚVA'!B77,ÁGUA!AE:AE,"Nc") -> 0 | F77: =IFERROR(D77/C77,"-") -> 1 | G77: =IFERROR(100%-F77,"-") -> 0
B78: CICERO XAVIER DA SILVA | C78: =D78+E78 -> 39 | D78: =COUNTIFS(ÁGUA!N:N,'DADOS - GOPOÚVA'!B78,ÁGUA!AE:AE,"c") -> 39 | E78: =COUNTIFS(ÁGUA!N:N,'DADOS - GOPOÚVA'!B78,ÁGUA!AE:AE,"Nc") -> 0 | F78: =IFERROR(D78/C78,"-") -> 1 | G78: =IFERROR(100%-F78,"-") -> 0
B79: CLAUDIO JOSE SILVA SANTOS | C79: =D79+E79 -> 17 | D79: =COUNTIFS(ÁGUA!N:N,'DADOS - GOPOÚVA'!B79,ÁGUA!AE:AE,"c") -> 17 | E79: =COUNTIFS(ÁGUA!N:N,'DADOS - GOPOÚVA'!B79,ÁGUA!AE:AE,"Nc") -> 0 | F79: =IFERROR(D79/C79,"-") -> 1 | G79: =IFERROR(100%-F79,"-") -> 0
B80: EDILSON BARRETO DA SILVA | C80: =D80+E80 -> 26 | D80: =COUNTIFS(ÁGUA!N:N,'DADOS - GOPOÚVA'!B80,ÁGUA!AE:AE,"c") -> 26 | E80: =COUNTIFS(ÁGUA!N:N,'DADOS - GOPOÚVA'!B80,ÁGUA!AE:AE,"Nc") -> 0 | F80: =IFERROR(D80/C80,"-") -> 1 | G80: =IFERROR(100%-F80,"-") -> 0
B81: EDILSON DA SILVA DE ALMEIDA | C81: =D81+E81 -> 16 | D81: =COUNTIFS(ÁGUA!N:N,'DADOS - GOPOÚVA'!B81,ÁGUA!AE:AE,"c") -> 16 | E81: =COUNTIFS(ÁGUA!N:N,'DADOS - GOPOÚVA'!B81,ÁGUA!AE:AE,"Nc") -> 0 | F81: =IFERROR(D81/C81,"-") -> 1 | G81: =IFERROR(100%-F81,"-") -> 0
B82: EDSON COUTINHO DOS SANTOS | C82: =D82+E82 -> 15 | D82: =COUNTIFS(ÁGUA!N:N,'DADOS - GOPOÚVA'!B82,ÁGUA!AE:AE,"c") -> 13 | E82: =COUNTIFS(ÁGUA!N:N,'DADOS - GOPOÚVA'!B82,ÁGUA!AE:AE,"Nc") -> 2 | F82: =IFERROR(D82/C82,"-") -> 0.86666667 | G82: =IFERROR(100%-F82,"-") -> 0.13333333
B83: EDSON EVANGELISTA CABRAL SOARES | C83: =D83+E83 -> 1 | D83: =COUNTIFS(ÁGUA!N:N,'DADOS - GOPOÚVA'!B83,ÁGUA!AE:AE,"c") -> 1 | E83: =COUNTIFS(ÁGUA!N:N,'DADOS - GOPOÚVA'!B83,ÁGUA!AE:AE,"Nc") -> 0 | F83: =IFERROR(D83/C83,"-") -> 1 | G83: =IFERROR(100%-F83,"-") -> 0
B84: FABIO SANTOS | C84: =D84+E84 -> 7 | D84: =COUNTIFS(ÁGUA!N:N,'DADOS - GOPOÚVA'!B84,ÁGUA!AE:AE,"c") -> 7 | E84: =COUNTIFS(ÁGUA!N:N,'DADOS - GOPOÚVA'!B84,ÁGUA!AE:AE,"Nc") -> 0 | F84: =IFERROR(D84/C84,"-") -> 1 | G84: =IFERROR(100%-F84,"-") -> 0
B85: GILVAN FERREIRA DOS SANTOS | C85: =D85+E85 -> 1 | D85: =COUNTIFS(ÁGUA!N:N,'DADOS - GOPOÚVA'!B85,ÁGUA!AE:AE,"c") -> 1 | E85: =COUNTIFS(ÁGUA!N:N,'DADOS - GOPOÚVA'!B85,ÁGUA!AE:AE,"Nc") -> 0 | F85: =IFERROR(D85/C85,"-") -> 1 | G85: =IFERROR(100%-F85,"-") -> 0
... B97: SANDRO DE FREITAS GALINDO | C97: =D97+E97 -> 38 | D97: =COUNTIFS(ÁGUA!N:N,'DADOS - GOPOÚVA'!B97,ÁGUA!AE:AE,"c") -> 36 | E97: =COUNTIFS(ÁGUA!N:N,'DADOS - GOPOÚVA'!B97,ÁGUA!AE:AE,"Nc") -> 2 | F97: =IFERROR(D97/C97,"-") -> 0.94736842 | G97: =IFERROR(100%-F97,"-") -> 0.052631579
B99: EQUIPES - CONFORMIDADE - SEQUÊNCIA DE FOTOS
B100: EQUIPE | C100: AVALIADOS | D100: CONFORME | E100: NÃO CONFORME | F100: CONFORME (%) | G100: NÃO CONFORME (%)
B101: ADEMAR JOSE VIANA | C101: =D101+E101 -> 20 | D101: =COUNTIFS(ÁGUA!N:N,'DADOS - GOPOÚVA'!B101,ÁGUA!AF:AF,"c") -> 20 | E101: =COUNTIFS(ÁGUA!N:N,'DADOS - GOPOÚVA'!B101,ÁGUA!AF:AF,"NC") -> 0 | F101: =IFERROR(D101/C101,"-") -> 1 | G101: =IFERROR(100%-F101,"-") -> 0
B102: ADIMILSON SOUZA OLIVEIRA | C102: =D102+E102 -> 18 | D102: =COUNTIFS(ÁGUA!N:N,'DADOS - GOPOÚVA'!B102,ÁGUA!AF:AF,"c") -> 18 | E102: =COUNTIFS(ÁGUA!N:N,'DADOS - GOPOÚVA'!B102,ÁGUA!AF:AF,"NC") -> 0 | F102: =IFERROR(D102/C102,"-") -> 1 | G102: =IFERROR(100%-F102,"-") -> 0
B103: ALISSON ARAUJO DA SILVA | C103: =D103+E103 -> 18 | D103: =COUNTIFS(ÁGUA!N:N,'DADOS - GOPOÚVA'!B103,ÁGUA!AF:AF,"c") -> 18 | E103: =COUNTIFS(ÁGUA!N:N,'DADOS - GOPOÚVA'!B103,ÁGUA!AF:AF,"NC") -> 0 | F103: =IFERROR(D103/C103,"-") -> 1 | G103: =IFERROR(100%-F103,"-") -> 0
B104: CARLOS HENRIQUE DO AMARAL | C104: =D104+E104 -> 14 | D104: =COUNTIFS(ÁGUA!N:N,'DADOS - GOPOÚVA'!B104,ÁGUA!AF:AF,"c") -> 12 | E104: =COUNTIFS(ÁGUA!N:N,'DADOS - GOPOÚVA'!B104,ÁGUA!AF:AF,"NC") -> 2 | F104: =IFERROR(D104/C104,"-") -> 0.85714286 | G104: =IFERROR(100%-F104,"-") -> 0.14285714
B105: CICERO XAVIER DA SILVA | C105: =D105+E105 -> 39 | D105: =COUNTIFS(ÁGUA!N:N,'DADOS - GOPOÚVA'!B105,ÁGUA!AF:AF,"c") -> 33 | E105: =COUNTIFS(ÁGUA!N:N,'DADOS - GOPOÚVA'!B105,ÁGUA!AF:AF,"NC") -> 6 | F105: =IFERROR(D105/C105,"-") -> 0.84615385 | G105: =IFERROR(100%-F105,"-") -> 0.15384615
B106: CLAUDIO JOSE SILVA SANTOS | C106: =D106+E106 -> 17 | D106: =COUNTIFS(ÁGUA!N:N,'DADOS - GOPOÚVA'!B106,ÁGUA!AF:AF,"c") -> 17 | E106: =COUNTIFS(ÁGUA!N:N,'DADOS - GOPOÚVA'!B106,ÁGUA!AF:AF,"NC") -> 0 | F106: =IFERROR(D106/C106,"-") -> 1 | G106: =IFERROR(100%-F106,"-") -> 0
B107: EDILSON BARRETO DA SILVA | C107: =D107+E107 -> 26 | D107: =COUNTIFS(ÁGUA!N:N,'DADOS - GOPOÚVA'!B107,ÁGUA!AF:AF,"c") -> 20 | E107: =COUNTIFS(ÁGUA!N:N,'DADOS - GOPOÚVA'!B107,ÁGUA!AF:AF,"NC") -> 6 | F107: =IFERROR(D107/C107,"-") -> 0.76923077 | G107: =IFERROR(100%-F107,"-") -> 0.23076923
B108: EDILSON DA SILVA DE ALMEIDA | C108: =D108+E108 -> 16 | D108: =COUNTIFS(ÁGUA!N:N,'DADOS - GOPOÚVA'!B108,ÁGUA!AF:AF,"c") -> 16 | E108: =COUNTIFS(ÁGUA!N:N,'DADOS - GOPOÚVA'!B108,ÁGUA!AF:AF,"NC") -> 0 | F108: =IFERROR(D108/C108,"-") -> 1 | G108: =IFERROR(100%-F108,"-") -> 0
B109: EDSON COUTINHO DOS SANTOS | C109: =D109+E109 -> 15 | D109: =COUNTIFS(ÁGUA!N:N,'DADOS - GOPOÚVA'!B109,ÁGUA!AF:AF,"c") -> 13 | E109: =COUNTIFS(ÁGUA!N:N,'DADOS - GOPOÚVA'!B109,ÁGUA!AF:AF,"NC") -> 2 | F109: =IFERROR(D109/C109,"-") -> 0.86666667 | G109: =IFERROR(100%-F109,"-") -> 0.13333333
B110: EDSON EVANGELISTA CABRAL SOARES | C110: =D110+E110 -> 1 | D110: =COUNTIFS(ÁGUA!N:N,'DADOS - GOPOÚVA'!B110,ÁGUA!AF:AF,"c") -> 1 | E110: =COUNTIFS(ÁGUA!N:N,'DADOS - GOPOÚVA'!B110,ÁGUA!AF:AF,"NC") -> 0 | F110: =IFERROR(D110/C110,"-") -> 1 | G110: =IFERROR(100%-F110,"-") -> 0
B111: FABIO SANTOS | C111: =D111+E111 -> 7 | D111: =COUNTIFS(ÁGUA!N:N,'DADOS - GOPOÚVA'!B111,ÁGUA!AF:AF,"c") -> 6 | E111: =COUNTIFS(ÁGUA!N:N,'DADOS - GOPOÚVA'!B111,ÁGUA!AF:AF,"NC") -> 1 | F111: =IFERROR(D111/C111,"-") -> 0.85714286 | G111: =IFERROR(100%-F111,"-") -> 0.14285714
B112: GILVAN FERREIRA DOS SANTOS | C112: =D112+E112 -> 1 | D112: =COUNTIFS(ÁGUA!N:N,'DADOS - GOPOÚVA'!B112,ÁGUA!AF:AF,"c") -> 1 | E112: =COUNTIFS(ÁGUA!N:N,'DADOS - GOPOÚVA'!B112,ÁGUA!AF:AF,"NC") -> 0 | F112: =IFERROR(D112/C112,"-") -> 1 | G112: =IFERROR(100%-F112,"-") -> 0
... B124: SANDRO DE FREITAS GALINDO | C124: =D124+E124 -> 38 | D124: =COUNTIFS(ÁGUA!N:N,'DADOS - GOPOÚVA'!B124,ÁGUA!AF:AF,"c") -> 29 | E124: =COUNTIFS(ÁGUA!N:N,'DADOS - GOPOÚVA'!B124,ÁGUA!AF:AF,"NC") -> 9 | F124: =IFERROR(D124/C124,"-") -> 0.76315789 | G124: =IFERROR(100%-F124,"-") -> 0.23684211
B126: ESGOTO | I126: PI,PV e TL
B128: TEMPO DE EXECUÇÃO
B129: Tipo de Serviço | C129: Avaliados | D129: Não Conforme | E129: Conforme | F129: Não Conforme (%) | G129: Conforme (%) | I129: Total | J129: Avaliados | K129: NA
B130: Esgoto | C130: =D130+E130 -> 23 | D130: =COUNTIF(ESGOTO!AE:AE,"NC") -> 3 | E130: =COUNTIF(ESGOTO!AE:AE,"C") -> 20 | F130: =IFERROR(D130/C130,"-") -> 0.13043478 | G130: =IFERROR(E130/C130,"-") -> 0.86956522 | I130: =COUNTIFS(ESGOTO!D:D, "PI, PV, TL") -> 78 | J130: =I130-K130 -> 75 | K130: =COUNTIFS(ESGOTO!D:D, "PI, PV, TL", ESGOTO!AF:AF, "NA") -> 3
B132: ÍNDICE DE QUALIDADE SABESP - IQS (%)
B133: Tipo de Serviço | C133: Fotos Avaliadas | D133: Fotos NC | E133: Fotos Conforme | F133: Não Conforme (%) | G133: Conforme (%)
B134: Esgoto | C134: =D134+E134 -> 23 | D134: =COUNTIF(ESGOTO!AF:AF,"NC") -> 6 | E134: =COUNTIF(ESGOTO!AF:AF,"C") -> 17 | F134: =IFERROR(D134/C134,"-") -> 0.26086957 | G134: =IFERROR(100%-F134,"-") -> 0.73913043
B136: BAIXA DE MATERIAIS
B137: Tipo de Serviço | C137: Avaliados | D137: Não Conforme | E137: Conforme | F137: Não Conforme (%) | G137: Conforme (%)
B138: Esgoto | C138: =D138+E138 -> 289 | D138: =COUNTIF(ESGOTO!AH:AH,"NC") -> 0 | E138: =COUNTIF(ESGOTO!AH:AH,"C") -> 289 | F138: =IFERROR(D138/C138,"-") -> 0 | G138: =IFERROR(E138/C138,"-") -> 1
B140: ETAPAS - CONFORMIDADE
B141: GOPOÚVA | C141: CONFORME | D141: NÃO CONFORME | E141: SEM FOTO | F141: CONFORME (%) | G141: NÃO CONFORME(%)
B142: FACHADA | C142: =COUNTIF(ESGOTO!O:O,"C") -> 20 | D142: =COUNTIF(ESGOTO!O:O,"NC") -> 0 | E142: =COUNTIF(ESGOTO!O:O,"SF") -> 3 | F142: =IFERROR(C142/(C142+D142+E142),"-") -> 0.86956522 | G142: =IFERROR(100%-F142,"-") -> 0.13043478
B143: SINALIZAÇÃO | C143: =COUNTIF(ESGOTO!Q:Q,"C") -> 20 | D143: =COUNTIF(ESGOTO!Q:Q,"NC") -> 0 | E143: =COUNTIF(ESGOTO!Q:Q,"SF") -> 3 | F143: =IFERROR(C143/(C143+D143+E143),"-") -> 0.86956522 | G143: =IFERROR(100%-F143,"-") -> 0.13043478
...

Sheet GRÁFICOS - GOPOÚVA
A2: POLO GOPOÚVA
A4: ACOMPANHAMENTO EM CAMPO
A5: ='DADOS - GOPOÚVA'!B4 -> Período: 01/03/2026 à 31/03/2026
A7: ÍNDICE TECNOLÓGICO
B20: O Índice Tecnológico pode ser obtido através da fórmula:
B22: IT = {[97 + 3 (Kc/100)] x Ks/100}
B24: Onde:
B25: IT = Índice Tecnológico
B26: Kc = Fator do Canteiro
B27: Ks = Média de Notas das LVs
B29: Estando acima de 80% o IT é considerado satisfatório.
A31: Nota: O Índice Tecnológico não foi calculado, pois a avaliação de Canteiro ainda não foi realizada.
A34: ACOMPANHAMENTO DE LISTAS DE VERIFICAÇÃO - LVS
B36: Índice de Conformidade (%) | E36: Quantidade de LVs
B51: TIPO DE SERVIÇO | C51: QUANTIDADE DE LVS ACIMA DE 80%
B52: Água | C52: 0
B53: Esgoto | C53: 0
B54: Reposição | C54: 0
A57: CONFORMIDADE POR CRITÉRIO DE AVALIAÇÃO
A84: OLHAR DIGITAL
A85: ='DADOS - GOPOÚVA'!B4 -> Período: 01/03/2026 à 31/03/2026
B86: ÍNDICE DE QUALIDADE SABESP - IQS (%) - MARÇO
B101: ÍNDICE DE QUALIDADE SABESP - IQS (%)
B102: Tipo de Serviço | C102: Fotos Avaliadas | D102: Fotos NC | E102: Fotos Conforme | F102: Não Conforme (%) | G102: Conforme (%)
B103: Água | C103: =D103+E103 -> 446 | D103: =COUNTIF(ÁGUA!AF:AF,"Nc") -> 59 | E103: =COUNTIF(ÁGUA!AF:AF,"c") -> 387 | F103: =IFERROR(D103/C103,"-") -> 0.132287 | G103: =IFERROR(100%-F103,"-") -> 0.867713
B104: Esgoto | C104: =D104+E104 -> 23 | D104: =COUNTIF(ESGOTO!AF:AF,"NC") -> 6 | E104: =COUNTIF(ESGOTO!AF:AF,"C") -> 17 | F104: =IFERROR(D104/C104,"-") -> 0.26086957 | G104: =IFERROR(100%-F104,"-") -> 0.73913043
B105: Cavalete | C105: =D105+E105 -> 351 | D105: =COUNTIF(CAVALETE!Z:Z,"nc") -> 23 | E105: =COUNTIF(CAVALETE!Z:Z,"C") -> 328 | F105: =IFERROR(D105/C105,"-") -> 0.065527066 | G105: =IFERROR(100%-F105,"-") -> 0.93447293
B106: Reposição | C106: =D106+E106 -> 219 | D106: =COUNTIF(REPOSIÇÃO!AF:AF,"nC") -> 113 | E106: =COUNTIF(REPOSIÇÃO!AF:AF,"c") -> 106 | F106: =IFERROR(D106/C106,"-") -> 0.51598174 | G106: =IFERROR(100%-F106,"-") -> 0.48401826
F107: IQS (%): | G107: =IFERROR(AVERAGE(G103,G104,G105,G106), "-") -> 0.75633366

Sheet GRÁFICOS - ÁGUA
A1: AMOSTRA
B3: EXECUTADOS | D3: AVALIADOS
B4: =COUNTIF(ÁGUA!A:A,"ONMG - DIV MANUT SERV OPE GOPOÚVA") -> 1013 | D4: ='DADOS - GOPOÚVA'!C27 -> 446
B5: VERIFICADOS | C5: (%) | D5: SEM EVIDÊNCIAS | E5: (%)
B6: ='DADOS - GOPOÚVA'!C27+'GRÁFICOS - ÁGUA'!D8 -> 515 | C6: =IFERROR(B6/B4,"-") -> 0.50839092 | D6: =COUNTIFS(ÁGUA!O:O,"SF",ÁGUA!Q:Q,"SF",ÁGUA!S:S,"SF",ÁGUA!U:U,"SF",ÁGUA!W:W,"SF",ÁGUA!Y:Y,"SF",ÁGUA!AC:AC,"SF",ÁGUA!AA:AA,"SF") -> 10 | E6: =IFERROR(D6/B4,"-") -> 0.0098716683
B7: NÃO VERIFICADOS | C7: (%) | D7: NÃO SINCRONIZADOS | E7: (%)
B8: =B4-B6 -> 498 | C8: =IFERROR(B8/B4,"-") -> 0.49160908 | D8: =COUNTIFS(ÁGUA!O:O,"na",ÁGUA!Q:Q,"na",ÁGUA!S:S,"na",ÁGUA!U:U,"na",ÁGUA!W:W,"na",ÁGUA!Y:Y,"na",ÁGUA!AC:AC,"na",ÁGUA!AA:AA,"na") -> 69 | E8: =IFERROR(D8/B4,"-") -> 0.068114511
A11: RESULTADO
A40: AVALIAÇÃO DE MATERIAIS
A69: CONFORMIDADE POR ETAPAS DE SERVIÇO
A103: EQUIPES - CONFORMIDADES

Sheet ÁGUA
A1: Unidade Executante | B1: Número OS | C1: Descrição TSS | D1: Família | E1: Município | F1: Endereço | G1: Número | H1: Complemento | I1: Bairro | J1: Resultado | K1: Nota Execução/Não Execução | L1: Data Início Execução | M1: Data Fim Execução | N1: EQUIPE | O1: FACHADA | P1: Observação Fachada | Q1: SINALIZAÇÃO | R1: Observação Sinalização | S1: ENCERADO | T1: Observação encerado | U1: GEOMETRIA | V1: Observação Geometria | W1: BERÇO DE AREIA | X1: Observação Berço de Areia | Y1: ESTANQUEIDADE | Z1: Observaçao Estanqueidade | AA1: .COMPACTAÇÃO | AB1: Observação Compactação | AC1: FINALIZAÇÃO | AD1: Observação Finalização | AE1: Tempo de execução | AF1: Sequência de Fotos | AG1: Observações | AH1: Baixa de materias | AI1: POLO | AJ1: MUNICÍPIO | AK1: CARACTERÍSTICA DO SERVIÇO
A2: ONMG - DIV MANUT SERV OPE GOPOÚVA | B2: 2613586110 | C2: LIGAÇÃO DE ÁGUA S/V | D2: LIGAÇÃO DE ÁGUA | E2: GUARULHOS | F2: VIELA NUNES | G2: 30 | I2: RECREIO SAO JORGE | J2: LIGAÇÃO DE ÁGUA S/V | K2: FOTOS NA REDE TAMBEM, APENAS REPOSIÇÃO DE CONCRETO, 3X1 VALA RASA 0,60 | L2: 01/04/2026 | M2: 46026.61 | N2: CICERO XAVIER DA SILVA | O2: C | Q2: C | S2: C | U2: C | W2: C | Y2: C | AA2: C | AC2: C | AE2: C | AF2: =IF(AND(O2="",Q2="",S2="",U2="",W2="",Y2="",AA2="",AC2=""),"",IF(OR(AND(O2<>"NA",O2<>"C",O2<>"NC",O2<>"SF",O2<>""),AND(Q2<>"NA",Q2<>"C",Q2<>"NC",Q2<>"SF",Q2<>""),AND(S2<>"NA",S2<>"C",S2<>"NC",S2<>"SF",S2<>""),AND(U2<>"NA",U2<>"C",U2<>"NC",U2<>"SF",U2<>""),AND(W2<>"NA",W2<>"C",W2<>"NC",W2<>"SF",W2<>""),AND(Y2<>"NA",Y2<>"C",Y2<>"NC",Y2<>"SF",Y2<>""),AND(AA2<>"NA",AA2<>"C",AA2<>"NC",AA2<>"SF",AA2<>""),AND(AC2<>"NA",AC2<>"C",AC2<>"NC",AC2<>"SF",AC2<>"")),"FALSO",IF(AND(O2="NA",Q2="NA",S2="NA",U2="NA",W2="NA",Y2="NA",AA2="NA",AC2="NA"),"NA",IF(OR(O2="NC",Q2="NC",S2="NC",U2="NC",W2="NC",Y2="NC",AA2="NC",AC2="NC",O2="SF",Q2="SF",S2="SF",U2="SF",W2="SF",Y2="SF",AA2="SF",AC2="SF"),"NC",IF(OR(O2="C",Q2="C",S2="C",U2="C",W2="C",Y2="C",AA2="C",AC2="C"),"C",""))))) -> C | AG2: =IF(AND(AE2="C",AF2="C"),"UTILIZOU O PDA CORRETAMENTE",IF(AND(AE2="C",AF2="NC"),"UTILIZOU O PDA CORRETAMENTE. NÃO HÁ FOTOS DE TODAS AS ETAPAS",IF(AND(AE2="NC",AF2="NC"),"NÃO UTILIZOU O PDA",IF(AND(AE2="NA",AF2="NA"),"NÃO AVALIADO POR FALHA DE SINCRONISMO")))) -> UTILIZOU O PDA CORRETAMENTE | AH2: C | AI2: GOPOÚVA | AJ2: =E2 -> GUARULHOS | AK2: ÁGUA | AL2: -0.0002 | AM2: {=IF(OR(O2<>"", SUMPRODUCT(($AN$2:$AN$5000=AN2)*($AL$2:$AL$5000<=AL2)) <= (COUNTIF($AN$2:$AN$5000,AN2)*0.5)), "SORTEADO", "-")} -> SORTEADO | AN2: 01/04/2026
A3: ONMG - DIV MANUT SERV OPE GOPOÚVA | B3: 2613368415 | C3: TRANSFORMAÇÃO LIG EXIST SEM APROV RAMAL | D3: LIGAÇÃO DE ÁGUA | E3: GUARULHOS | F3: RUA IRUA | G3: 419 | H3: C/1 | I3: V BARROS | J3: TRANSFORMAÇÃO LIG EXIST SEM APROV RAMAL | K3: executado rua troca de ramal . Na frente da caixa uma nao tinha rede de agua , a rede parava antes da residencia . por isso foi executado a troca do ramal alinhando o ramal em direcao a caixa uma . | L3: 01/04/2026 | M3: 46026.681 | N3: RENATO RAMOS MANCCINI | O3: C | Q3: C | S3: C | U3: C | W3: C | Y3: C | AA3: C | AC3: C | AE3: C | AF3: =IF(AND(O3="",Q3="",S3="",U3="",W3="",Y3="",AA3="",AC3=""),"",IF(OR(AND(O3<>"NA",O3<>"C",O3<>"NC",O3<>"SF",O3<>""),AND(Q3<>"NA",Q3<>"C",Q3<>"NC",Q3<>"SF",Q3<>""),AND(S3<>"NA",S3<>"C",S3<>"NC",S3<>"SF",S3<>""),AND(U3<>"NA",U3<>"C",U3<>"NC",U3<>"SF",U3<>""),AND(W3<>"NA",W3<>"C",W3<>"NC",W3<>"SF",W3<>""),AND(Y3<>"NA",Y3<>"C",Y3<>"NC",Y3<>"SF",Y3<>""),AND(AA3<>"NA",AA3<>"C",AA3<>"NC",AA3<>"SF",AA3<>""),AND(AC3<>"NA",AC3<>"C",AC3<>"NC",AC3<>"SF",AC3<>"")),"FALSO",IF(AND(O3="NA",Q3="NA",S3="NA",U3="NA",W3="NA",Y3="NA",AA3="NA",AC3="NA"),"NA",IF(OR(O3="NC",Q3="NC",S3="NC",U3="NC",W3="NC",Y3="NC",AA3="NC",AC3="NC",O3="SF",Q3="SF",S3="SF",U3="SF",W3="SF",Y3="SF",AA3="SF",AC3="SF"),"NC",IF(OR(O3="C",Q3="C",S3="C",U3="C",W3="C",Y3="C",AA3="C",AC3="C"),"C",""))))) -> C | AG3: =IF(AND(AE3="C",AF3="C"),"UTILIZOU O PDA CORRETAMENTE",IF(AND(AE3="C",AF3="NC"),"UTILIZOU O PDA CORRETAMENTE. NÃO HÁ FOTOS DE TODAS AS ETAPAS",IF(AND(AE3="NC",AF3="NC"),"NÃO UTILIZOU O PDA",IF(AND(AE3="NA",AF3="NA"),"NÃO AVALIADO POR FALHA DE SINCRONISMO")))) -> UTILIZOU O PDA CORRETAMENTE | AH3: c | AI3: GOPOÚVA | AJ3: =E3 -> GUARULHOS | AK3: ÁGUA | AL3: -0.0004 | AM3: {=IF(OR(O3<>"", SUMPRODUCT(($AN$2:$AN$5000=AN3)*($AL$2:$AL$5000<=AL3)) <= (COUNTIF($AN$2:$AN$5000,AN3)*0.5)), "SORTEADO", "-")} -> SORTEADO | AN3: 01/04/2026
A4: ONMG - DIV MANUT SERV OPE GOPOÚVA | B4: 2613368455 | C4: TRANSFORMAÇÃO LIG NOVA SEM APROV RAMAL | D4: LIGAÇÃO DE ÁGUA | E4: GUARULHOS | F4: RUA IRUA | G4: 419 | H4: C/2 | I4: V BARROS | J4: TRANSFORMAÇÃO LIG NOVA SEM APROV RAMAL | K4: 2613368415 | L4: 01/04/2026 | M4: 46026.685 | N4: RENATO RAMOS MANCCINI | O4: C | Q4: C | S4: C | U4: C | W4: C | Y4: C | AA4: C | AC4: C | AE4: C | AF4: =IF(AND(O4="",Q4="",S4="",U4="",W4="",Y4="",AA4="",AC4=""),"",IF(OR(AND(O4<>"NA",O4<>"C",O4<>"NC",O4<>"SF",O4<>""),AND(Q4<>"NA",Q4<>"C",Q4<>"NC",Q4<>"SF",Q4<>""),AND(S4<>"NA",S4<>"C",S4<>"NC",S4<>"SF",S4<>""),AND(U4<>"NA",U4<>"C",U4<>"NC",U4<>"SF",U4<>""),AND(W4<>"NA",W4<>"C",W4<>"NC",W4<>"SF",W4<>""),AND(Y4<>"NA",Y4<>"C",Y4<>"NC",Y4<>"SF",Y4<>""),AND(AA4<>"NA",AA4<>"C",AA4<>"NC",AA4<>"SF",AA4<>""),AND(AC4<>"NA",AC4<>"C",AC4<>"NC",AC4<>"SF",AC4<>"")),"FALSO",IF(AND(O4="NA",Q4="NA",S4="NA",U4="NA",W4="NA",Y4="NA",AA4="NA",AC4="NA"),"NA",IF(OR(O4="NC",Q4="NC",S4="NC",U4="NC",W4="NC",Y4="NC",AA4="NC",AC4="NC",O4="SF",Q4="SF",S4="SF",U4="SF",W4="SF",Y4="SF",AA4="SF",AC4="SF"),"NC",IF(OR(O4="C",Q4="C",S4="C",U4="C",W4="C",Y4="C",AA4="C",AC4="C"),"C",""))))) -> C | AG4: =IF(AND(AE4="C",AF4="C"),"UTILIZOU O PDA CORRETAMENTE",IF(AND(AE4="C",AF4="NC"),"UTILIZOU O PDA CORRETAMENTE. NÃO HÁ FOTOS DE TODAS AS ETAPAS",IF(AND(AE4="NC",AF4="NC"),"NÃO UTILIZOU O PDA",IF(AND(AE4="NA",AF4="NA"),"NÃO AVALIADO POR FALHA DE SINCRONISMO")))) -> UTILIZOU O PDA CORRETAMENTE | AH4: C | AI4: GOPOÚVA | AJ4: =E4 -> GUARULHOS | AK4: ÁGUA | AL4: 0.188236 | AM4: {=IF(OR(O4<>"", SUMPRODUCT(($AN$2:$AN$5000=AN4)*($AL$2:$AL$5000<=AL4)) <= (COUNTIF($AN$2:$AN$5000,AN4)*0.5)), "SORTEADO", "-")} -> SORTEADO | AN4: 01/04/2026
A5: ONMG - DIV MANUT SERV OPE GOPOÚVA | B5: 2613597228 | C5: LIGAÇÃO DE ÁGUA S/V | D5: LIGAÇÃO DE ÁGUA | E5: GUARULHOS | F5: RUA SAO SEBASTIAO DA BOA VISTA | G5: 12 | I5: JD MARILENA | J5: LIGAÇÃO DE ÁGUA S/V | L5: 01/04/2026 | M5: 46026.544 | N5: SANDRO DE FREITAS GALINDO | O5: C | Q5: C | S5: C | U5: C | W5: C | Y5: C | AA5: C | AC5: C | AE5: C | AF5: =IF(AND(O5="",Q5="",S5="",U5="",W5="",Y5="",AA5="",AC5=""),"",IF(OR(AND(O5<>"NA",O5<>"C",O5<>"NC",O5<>"SF",O5<>""),AND(Q5<>"NA",Q5<>"C",Q5<>"NC",Q5<>"SF",Q5<>""),AND(S5<>"NA",S5<>"C",S5<>"NC",S5<>"SF",S5<>""),AND(U5<>"NA",U5<>"C",U5<>"NC",U5<>"SF",U5<>""),AND(W5<>"NA",W5<>"C",W5<>"NC",W5<>"SF",W5<>""),AND(Y5<>"NA",Y5<>"C",Y5<>"NC",Y5<>"SF",Y5<>""),AND(AA5<>"NA",AA5<>"C",AA5<>"NC",AA5<>"SF",AA5<>""),AND(AC5<>"NA",AC5<>"C",AC5<>"NC",AC5<>"SF",AC5<>"")),"FALSO",IF(AND(O5="NA",Q5="NA",S5="NA",U5="NA",W5="NA",Y5="NA",AA5="NA",AC5="NA"),"NA",IF(OR(O5="NC",Q5="NC",S5="NC",U5="NC",W5="NC",Y5="NC",AA5="NC",AC5="NC",O5="SF",Q5="SF",S5="SF",U5="SF",W5="SF",Y5="SF",AA5="SF",AC5="SF"),"NC",IF(OR(O5="C",Q5="C",S5="C",U5="C",W5="C",Y5="C",AA5="C",AC5="C"),"C",""))))) -> C | AG5: =IF(AND(AE5="C",AF5="C"),"UTILIZOU O PDA CORRETAMENTE",IF(AND(AE5="C",AF5="NC"),"UTILIZOU O PDA CORRETAMENTE. NÃO HÁ FOTOS DE TODAS AS ETAPAS",IF(AND(AE5="NC",AF5="NC"),"NÃO UTILIZOU O PDA",IF(AND(AE5="NA",AF5="NA"),"NÃO AVALIADO POR FALHA DE SINCRONISMO")))) -> UTILIZOU O PDA CORRETAMENTE | AH5: C | AI5: GOPOÚVA | AJ5: =E5 -> GUARULHOS | AK5: ÁGUA | AL5: -0.0008 | AM5: {=IF(OR(O5<>"", SUMPRODUCT(($AN$2:$AN$5000=AN5)*($AL$2:$AL$5000<=AL5)) <= (COUNTIF($AN$2:$AN$5000,AN5)*0.5)), "SORTEADO", "-")} -> SORTEADO | AN5: 01/04/2026
A6: ONMG - DIV MANUT SERV OPE GOPOÚVA | B6: 2613572128 | C6: INCLUIR LIG DE ÁGUA EM CAV MÚLTIPLO S/V | D6: LIGAÇÃO DE ÁGUA | E6: GUARULHOS | F6: RUA SANTO ANTONIO DA POSSE | G6: 147 | H6: C/3 | I6: JD BEIRUTE | J6: INCLUSÃO DE LIG DE AGUA EM CAV MULT S/V | K6: fotos na OS principal | L6: 01/04/2026 | M6: 46026.627 | N6: SANDRO DE FREITAS GALINDO | O6: C | Q6: C | S6: C | U6: C | W6: C | Y6: NA | AA6: C | AC6: C | AE6: C | AF6: =IF(AND(O6="",Q6="",S6="",U6="",W6="",Y6="",AA6="",AC6=""),"",IF(OR(AND(O6<>"NA",O6<>"C",O6<>"NC",O6<>"SF",O6<>""),AND(Q6<>"NA",Q6<>"C",Q6<>"NC",Q6<>"SF",Q6<>""),AND(S6<>"NA",S6<>"C",S6<>"NC",S6<>"SF",S6<>""),AND(U6<>"NA",U6<>"C",U6<>"NC",U6<>"SF",U6<>""),AND(W6<>"NA",W6<>"C",W6<>"NC",W6<>"SF",W6<>""),AND(Y6<>"NA",Y6<>"C",Y6<>"NC",Y6<>"SF",Y6<>""),AND(AA6<>"NA",AA6<>"C",AA6<>"NC",AA6<>"SF",AA6<>""),AND(AC6<>"NA",AC6<>"C",AC6<>"NC",AC6<>"SF",AC6<>"")),"FALSO",IF(AND(O6="NA",Q6="NA",S6="NA",U6="NA",W6="NA",Y6="NA",AA6="NA",AC6="NA"),"NA",IF(OR(O6="NC",Q6="NC",S6="NC",U6="NC",W6="NC",Y6="NC",AA6="NC",AC6="NC",O6="SF",Q6="SF",S6="SF",U6="SF",W6="SF",Y6="SF",AA6="SF",AC6="SF"),"NC",IF(OR(O6="C",Q6="C",S6="C",U6="C",W6="C",Y6="C",AA6="C",AC6="C"),"C",""))))) -> C | AG6: =IF(AND(AE6="C",AF6="C"),"UTILIZOU O PDA CORRETAMENTE",IF(AND(AE6="C",AF6="NC"),"UTILIZOU O PDA CORRETAMENTE. NÃO HÁ FOTOS DE TODAS AS ETAPAS",IF(AND(AE6="NC",AF6="NC"),"NÃO UTILIZOU O PDA",IF(AND(AE6="NA",AF6="NA"),"NÃO AVALIADO POR FALHA DE SINCRONISMO")))) -> UTILIZOU O PDA CORRETAMENTE | AH6: C | AI6: GOPOÚVA | AJ6: =E6 -> GUARULHOS | AK6: ÁGUA | AL6: -0.001 | AM6: {=IF(OR(O6<>"", SUMPRODUCT(($AN$2:$AN$5000=AN6)*($AL$2:$AL$5000<=AL6)) <= (COUNTIF($AN$2:$AN$5000,AN6)*0.5)), "SORTEADO", "-")} -> SORTEADO | AN6: 01/04/2026
A7: ONMG - DIV MANUT SERV OPE GOPOÚVA | B7: 2613596117 | C7: TRANSFORMAÇÃO LIG EXIST COM APROV RAMAL | D7: LIGAÇÃO DE ÁGUA | E7: GUARULHOS | F7: AVENIDA NOVA TABOAO | G7: 293 | H7: ANT200 C/1 | I7: JD NOVA TABOAO | J7: TRANSFORMAÇÃO LIG EXIST COM APROV RAMAL | L7: 01/04/2026 | M7: 46026.703 | N7: SANDRO DE FREITAS GALINDO | O7: C | Q7: C | S7: C | U7: C | W7: C | Y7: NA | AA7: C | AC7: C | AE7: C | AF7: =IF(AND(O7="",Q7="",S7="",U7="",W7="",Y7="",AA7="",AC7=""),"",IF(OR(AND(O7<>"NA",O7<>"C",O7<>"NC",O7<>"SF",O7<>""),AND(Q7<>"NA",Q7<>"C",Q7<>"NC",Q7<>"SF",Q7<>""),AND(S7<>"NA",S7<>"C",S7<>"NC",S7<>"SF",S7<>""),AND(U7<>"NA",U7<>"C",U7<>"NC",U7<>"SF",U7<>""),AND(W7<>"NA",W7<>"C",W7<>"NC",W7<>"SF",W7<>""),AND(Y7<>"NA",Y7<>"C",Y7<>"NC",Y7<>"SF",Y7<>""),AND(AA7<>"NA",AA7<>"C",AA7<>"NC",AA7<>"SF",AA7<>""),AND(AC7<>"NA",AC7<>"C",AC7<>"NC",AC7<>"SF",AC7<>"")),"FALSO",IF(AND(O7="NA",Q7="NA",S7="NA",U7="NA",W7="NA",Y7="NA",AA7="NA",AC7="NA"),"NA",IF(OR(O7="NC",Q7="NC",S7="NC",U7="NC",W7="NC",Y7="NC",AA7="NC",AC7="NC",O7="SF",Q7="SF",S7="SF",U7="SF",W7="SF",Y7="SF",AA7="SF",AC7="SF"),"NC",IF(OR(O7="C",Q7="C",S7="C",U7="C",W7="C",Y7="C",AA7="C",AC7="C"),"C",""))))) -> C | AG7: =IF(AND(AE7="C",AF7="C"),"UTILIZOU O PDA CORRETAMENTE",IF(AND(AE7="C",AF7="NC"),"UTILIZOU O PDA CORRETAMENTE. NÃO HÁ FOTOS DE TODAS AS ETAPAS",IF(AND(AE7="NC",AF7="NC"),"NÃO UTILIZOU O PDA",IF(AND(AE7="NA",AF7="NA"),"NÃO AVALIADO POR FALHA DE SINCRONISMO")))) -> UTILIZOU O PDA CORRETAMENTE | AH7: C | AI7: GOPOÚVA | AJ7: =E7 -> GUARULHOS | AK7: ÁGUA | AL7: -0.0012 | AM7: {=IF(OR(O7<>"", SUMPRODUCT(($AN$2:$AN$5000=AN7)*($AL$2:$AL$5000<=AL7)) <= (COUNTIF($AN$2:$AN$5000,AN7)*0.5)), "SORTEADO", "-")} -> SORTEADO | AN7: 01/04/2026
A8: ONMG - DIV MANUT SERV OPE GOPOÚVA | B8: 2613698364 | C8: VAZAMENTO DE ÁGUA NÃO VISÍVEL REDE | D8: VAZAMENTO DE ÁGUA | E8: GUARULHOS | F8: RUA DO ROSARIO | G8: 313 | I8: V CAMARGO | J8: REPARO DE REDE DE AGUA NÃO VISIVEL | K8: SEM FOTOS DEVIDO ERRO DE PLANEJAMENTO | L8: 01/04/2026 | M8: 46026.604 | N8: CLAUDIO JOSE SILVA SANTOS | AF8: =IF(AND(O8="",Q8="",S8="",U8="",W8="",Y8="",AA8="",AC8=""),"",IF(OR(AND(O8<>"NA",O8<>"C",O8<>"NC",O8<>"SF",O8<>""),AND(Q8<>"NA",Q8<>"C",Q8<>"NC",Q8<>"SF",Q8<>""),AND(S8<>"NA",S8<>"C",S8<>"NC",S8<>"SF",S8<>""),AND(U8<>"NA",U8<>"C",U8<>"NC",U8<>"SF",U8<>""),AND(W8<>"NA",W8<>"C",W8<>"NC",W8<>"SF",W8<>""),AND(Y8<>"NA",Y8<>"C",Y8<>"NC",Y8<>"SF",Y8<>""),AND(AA8<>"NA",AA8<>"C",AA8<>"NC",AA8<>"SF",AA8<>""),AND(AC8<>"NA",AC8<>"C",AC8<>"NC",AC8<>"SF",AC8<>"")),"FALSO",IF(AND(O8="NA",Q8="NA",S8="NA",U8="NA",W8="NA",Y8="NA",AA8="NA",AC8="NA"),"NA",IF(OR(O8="NC",Q8="NC",S8="NC",U8="NC",W8="NC",Y8="NC",AA8="NC",AC8="NC",O8="SF",Q8="SF",S8="SF",U8="SF",W8="SF",Y8="SF",AA8="SF",AC8="SF"),"NC",IF(OR(O8="C",Q8="C",S8="C",U8="C",W8="C",Y8="C",AA8="C",AC8="C"),"C",""))))) | AG8: =IF(AND(AE8="C",AF8="C"),"UTILIZOU O PDA CORRETAMENTE",IF(AND(AE8="C",AF8="NC"),"UTILIZOU O PDA CORRETAMENTE. NÃO HÁ FOTOS DE TODAS AS ETAPAS",IF(AND(AE8="NC",AF8="NC"),"NÃO UTILIZOU O PDA",IF(AND(AE8="NA",AF8="NA"),"NÃO AVALIADO POR FALHA DE SINCRONISMO")))) -> FALSE | AI8: GOPOÚVA | AJ8: =E8 -> GUARULHOS | AK8: ÁGUA | AL8: 0.71543241 | AM8: {=IF(OR(O8<>"", SUMPRODUCT(($AN$2:$AN$5000=AN8)*($AL$2:$AL$5000<=AL8)) <= (COUNTIF($AN$2:$AN$5000,AN8)*0.5)), "SORTEADO", "-")} -> - | AN8: 01/04/2026
A9: ONMG - DIV MANUT SERV OPE GOPOÚVA | B9: 2613700387 | C9: LIGAÇÃO DE ÁGUA EM CAVALETE MULTIPLO | D9: LIGAÇÃO DE ÁGUA | E9: GUARULHOS | F9: RUA SAO JOAO | G9: 11 | H9: C/2 | I9: JD IRENE | J9: LIGAÇÃO DE AGUA EM CAVALETE MÚLTIPLO | K9: 2613700313 | L9: 01/04/2026 | M9: 46026.706 | N9: RENATO RAMOS MANCCINI | O9: C | Q9: C | S9: C | U9: C | W9: C | Y9: C | AA9: C | AC9: C | AE9: C | AF9: =IF(AND(O9="",Q9="",S9="",U9="",W9="",Y9="",AA9="",AC9=""),"",IF(OR(AND(O9<>"NA",O9<>"C",O9<>"NC",O9<>"SF",O9<>""),AND(Q9<>"NA",Q9<>"C",Q9<>"NC",Q9<>"SF",Q9<>""),AND(S9<>"NA",S9<>"C",S9<>"NC",S9<>"SF",S9<>""),AND(U9<>"NA",U9<>"C",U9<>"NC",U9<>"SF",U9<>""),AND(W9<>"NA",W9<>"C",W9<>"NC",W9<>"SF",W9<>""),AND(Y9<>"NA",Y9<>"C",Y9<>"NC",Y9<>"SF",Y9<>""),AND(AA9<>"NA",AA9<>"C",AA9<>"NC",AA9<>"SF",AA9<>""),AND(AC9<>"NA",AC9<>"C",AC9<>"NC",AC9<>"SF",AC9<>"")),"FALSO",IF(AND(O9="NA",Q9="NA",S9="NA",U9="NA",W9="NA",Y9="NA",AA9="NA",AC9="NA"),"NA",IF(OR(O9="NC",Q9="NC",S9="NC",U9="NC",W9="NC",Y9="NC",AA9="NC",AC9="NC",O9="SF",Q9="SF",S9="SF",U9="SF",W9="SF",Y9="SF",AA9="SF",AC9="SF"),"NC",IF(OR(O9="C",Q9="C",S9="C",U9="C",W9="C",Y9="C",AA9="C",AC9="C"),"C",""))))) -> C | AG9: =IF(AND(AE9="C",AF9="C"),"UTILIZOU O PDA CORRETAMENTE",IF(AND(AE9="C",AF9="NC"),"UTILIZOU O PDA CORRETAMENTE. NÃO HÁ FOTOS DE TODAS AS ETAPAS",IF(AND(AE9="NC",AF9="NC"),"NÃO UTILIZOU O PDA",IF(AND(AE9="NA",AF9="NA"),"NÃO AVALIADO POR FALHA DE SINCRONISMO")))) -> UTILIZOU O PDA CORRETAMENTE | AH9: C | AI9: GOPOÚVA | AJ9: =E9 -> GUARULHOS | AK9: ÁGUA | AL9: -0.0016 | AM9: {=IF(OR(O9<>"", SUMPRODUCT(($AN$2:$AN$5000=AN9)*($AL$2:$AL$5000<=AL9)) <= (COUNTIF($AN$2:$AN$5000,AN9)*0.5)), "SORTEADO", "-")} -> SORTEADO | AN9: 01/04/2026
A10: ONMG - DIV MANUT SERV OPE GOPOÚVA | B10: 2613700313 | C10: LIGAÇÃO DE ÁGUA EM CAVALETE MULTIPLO | D10: LIGAÇÃO DE ÁGUA | E10: GUARULHOS | F10: RUA SAO JOAO | G10: 11 | H10: C/1 | I10: JD IRENE | J10: LIGAÇÃO DE AGUA EM CAVALETE MÚLTIPLO | K10: rua estreita | L10: 01/04/2026 | M10: 46026.706 | N10: RENATO RAMOS MANCCINI | O10: C | Q10: C | S10: C | U10: C | W10: C | Y10: C | AA10: C | AC10: C | AE10: C | AF10: =IF(AND(O10="",Q10="",S10="",U10="",W10="",Y10="",AA10="",AC10=""),"",IF(OR(AND(O10<>"NA",O10<>"C",O10<>"NC",O10<>"SF",O10<>""),AND(Q10<>"NA",Q10<>"C",Q10<>"NC",Q10<>"SF",Q10<>""),AND(S10<>"NA",S10<>"C",S10<>"NC",S10<>"SF",S10<>""),AND(U10<>"NA",U10<>"C",U10<>"NC",U10<>"SF",U10<>""),AND(W10<>"NA",W10<>"C",W10<>"NC",W10<>"SF",W10<>""),AND(Y10<>"NA",Y10<>"C",Y10<>"NC",Y10<>"SF",Y10<>""),AND(AA10<>"NA",AA10<>"C",AA10<>"NC",AA10<>"SF",AA10<>""),AND(AC10<>"NA",AC10<>"C",AC10<>"NC",AC10<>"SF",AC10<>"")),"FALSO",IF(AND(O10="NA",Q10="NA",S10="NA",U10="NA",W10="NA",Y10="NA",AA10="NA",AC10="NA"),"NA",IF(OR(O10="NC",Q10="NC",S10="NC",U10="NC",W10="NC",Y10="NC",AA10="NC",AC10="NC",O10="SF",Q10="SF",S10="SF",U10="SF",W10="SF",Y10="SF",AA10="SF",AC10="SF"),"NC",IF(OR(O10="C",Q10="C",S10="C",U10="C",W10="C",Y10="C",AA10="C",AC10="C"),"C",""))))) -> C | AG10: =IF(AND(AE10="C",AF10="C"),"UTILIZOU O PDA CORRETAMENTE",IF(AND(AE10="C",AF10="NC"),"UTILIZOU O PDA CORRETAMENTE. NÃO HÁ FOTOS DE TODAS AS ETAPAS",IF(AND(AE10="NC",AF10="NC"),"NÃO UTILIZOU O PDA",IF(AND(AE10="NA",AF10="NA"),"NÃO AVALIADO POR FALHA DE SINCRONISMO")))) -> UTILIZOU O PDA CORRETAMENTE | AH10: C | AI10: GOPOÚVA | AJ10: =E10 -> GUARULHOS | AK10: ÁGUA | AL10: -0.0018 | AM10: {=IF(OR(O10<>"", SUMPRODUCT(($AN$2:$AN$5000=AN10)*($AL$2:$AL$5000<=AL10)) <= (COUNTIF($AN$2:$AN$5000,AN10)*0.5)), "SORTEADO", "-")} -> SORTEADO | AN10: 01/04/2026
A11: ONMG - DIV MANUT SERV OPE GOPOÚVA | B11: 2613726127 | C11: VAZAMENTO DE ÁGUA NÃO VISÍVEL REDE | D11: VAZAMENTO DE ÁGUA | E11: GUARULHOS | F11: RUA GUARACY | G11: 417 | H11: CASA 02 | I11: JD PAULISTA | J11: REPARO DE REDE DE AGUA NÃO VISIVEL | L11: 01/04/2026 | M11: 46026.412 | N11: ADEMAR JOSE VIANA | AF11: =IF(AND(O11="",Q11="",S11="",U11="",W11="",Y11="",AA11="",AC11=""),"",IF(OR(AND(O11<>"NA",O11<>"C",O11<>"NC",O11<>"SF",O11<>""),AND(Q11<>"NA",Q11<>"C",Q11<>"NC",Q11<>"SF",Q11<>""),AND(S11<>"NA",S11<>"C",S11<>"NC",S11<>"SF",S11<>""),AND(U11<>"NA",U11<>"C",U11<>"NC",U11<>"SF",U11<>""),AND(W11<>"NA",W11<>"C",W11<>"NC",W11<>"SF",W11<>""),AND(Y11<>"NA",Y11<>"C",Y11<>"NC",Y11<>"SF",Y11<>""),AND(AA11<>"NA",AA11<>"C",AA11<>"NC",AA11<>"SF",AA11<>""),AND(AC11<>"NA",AC11<>"C",AC11<>"NC",AC11<>"SF",AC11<>"")),"FALSO",IF(AND(O11="NA",Q11="NA",S11="NA",U11="NA",W11="NA",Y11="NA",AA11="NA",AC11="NA"),"NA",IF(OR(O11="NC",Q11="NC",S11="NC",U11="NC",W11="NC",Y11="NC",AA11="NC",AC11="NC",O11="SF",Q11="SF",S11="SF",U11="SF",W11="SF",Y11="SF",AA11="SF",AC11="SF"),"NC",IF(OR(O11="C",Q11="C",S11="C",U11="C",W11="C",Y11="C",AA11="C",AC11="C"),"C",""))))) | AG11: =IF(AND(AE11="C",AF11="C"),"UTILIZOU O PDA CORRETAMENTE",IF(AND(AE11="C",AF11="NC"),"UTILIZOU O PDA CORRETAMENTE. NÃO HÁ FOTOS DE TODAS AS ETAPAS",IF(AND(AE11="NC",AF11="NC"),"NÃO UTILIZOU O PDA",IF(AND(AE11="NA",AF11="NA"),"NÃO AVALIADO POR FALHA DE SINCRONISMO")))) -> FALSE | AI11: GOPOÚVA | AJ11: =E11 -> GUARULHOS | AK11: ÁGUA | AL11: 0.96952517 | AM11: {=IF(OR(O11<>"", SUMPRODUCT(($AN$2:$AN$5000=AN11)*($AL$2:$AL$5000<=AL11)) <= (COUNTIF($AN$2:$AN$5000,AN11)*0.5)), "SORTEADO", "-")} -> - | AN11: 01/04/2026
A12: ONMG - DIV MANUT SERV OPE GOPOÚVA | B12: 2613740920 | C12: VAZAMENTO DE ÁGUA NÃO VISÍVEL REDE | D12: VAZAMENTO DE ÁGUA | E12: GUARULHOS | F12: AVENIDA EMILIO RIBAS | G12: 432 | H12: ANT. 420 | I12: V TIJUCO | J12: REPARO DE REDE DE AGUA NÃO VISIVEL | L12: 01/04/2026 | M12: 46026.668 | N12: JOSE LIMA SILVA | AF12: =IF(AND(O12="",Q12="",S12="",U12="",W12="",Y12="",AA12="",AC12=""),"",IF(OR(AND(O12<>"NA",O12<>"C",O12<>"NC",O12<>"SF",O12<>""),AND(Q12<>"NA",Q12<>"C",Q12<>"NC",Q12<>"SF",Q12<>""),AND(S12<>"NA",S12<>"C",S12<>"NC",S12<>"SF",S12<>""),AND(U12<>"NA",U12<>"C",U12<>"NC",U12<>"SF",U12<>""),AND(W12<>"NA",W12<>"C",W12<>"NC",W12<>"SF",W12<>""),AND(Y12<>"NA",Y12<>"C",Y12<>"NC",Y12<>"SF",Y12<>""),AND(AA12<>"NA",AA12<>"C",AA12<>"NC",AA12<>"SF",AA12<>""),AND(AC12<>"NA",AC12<>"C",AC12<>"NC",AC12<>"SF",AC12<>"")),"FALSO",IF(AND(O12="NA",Q12="NA",S12="NA",U12="NA",W12="NA",Y12="NA",AA12="NA",AC12="NA"),"NA",IF(OR(O12="NC",Q12="NC",S12="NC",U12="NC",W12="NC",Y12="NC",AA12="NC",AC12="NC",O12="SF",Q12="SF",S12="SF",U12="SF",W12="SF",Y12="SF",AA12="SF",AC12="SF"),"NC",IF(OR(O12="C",Q12="C",S12="C",U12="C",W12="C",Y12="C",AA12="C",AC12="C"),"C",""))))) | AG12: =IF(AND(AE12="C",AF12="C"),"UTILIZOU O PDA CORRETAMENTE",IF(AND(AE12="C",AF12="NC"),"UTILIZOU O PDA CORRETAMENTE. NÃO HÁ FOTOS DE TODAS AS ETAPAS",IF(AND(AE12="NC",AF12="NC"),"NÃO UTILIZOU O PDA",IF(AND(AE12="NA",AF12="NA"),"NÃO AVALIADO POR FALHA DE SINCRONISMO")))) -> FALSE | AI12: GOPOÚVA | AJ12: =E12 -> GUARULHOS | AK12: ÁGUA | AL12: 0.45180346 | AM12: {=IF(OR(O12<>"", SUMPRODUCT(($AN$2:$AN$5000=AN12)*($AL$2:$AL$5000<=AL12)) <= (COUNTIF($AN$2:$AN$5000,AN12)*0.5)), "SORTEADO", "-")} -> - | AN12: 01/04/2026
A13: ONMG - DIV MANUT SERV OPE GOPOÚVA | B13: 2613726216 | C13: VAZAMENTO DE ÁGUA NÃO VISÍVEL REDE | D13: VAZAMENTO DE ÁGUA | E13: GUARULHOS | F13: RUA TERRA BOA | G13: 158 | I13: CABUCU | J13: REPARO DE REDE DE AGUA NÃO VISIVEL | L13: 01/04/2026 | M13: 46026.596 | N13: ADIMILSON SOUZA OLIVEIRA | AF13: =IF(AND(O13="",Q13="",S13="",U13="",W13="",Y13="",AA13="",AC13=""),"",IF(OR(AND(O13<>"NA",O13<>"C",O13<>"NC",O13<>"SF",O13<>""),AND(Q13<>"NA",Q13<>"C",Q13<>"NC",Q13<>"SF",Q13<>""),AND(S13<>"NA",S13<>"C",S13<>"NC",S13<>"SF",S13<>""),AND(U13<>"NA",U13<>"C",U13<>"NC",U13<>"SF",U13<>""),AND(W13<>"NA",W13<>"C",W13<>"NC",W13<>"SF",W13<>""),AND(Y13<>"NA",Y13<>"C",Y13<>"NC",Y13<>"SF",Y13<>""),AND(AA13<>"NA",AA13<>"C",AA13<>"NC",AA13<>"SF",AA13<>""),AND(AC13<>"NA",AC13<>"C",AC13<>"NC",AC13<>"SF",AC13<>"")),"FALSO",IF(AND(O13="NA",Q13="NA",S13="NA",U13="NA",W13="NA",Y13="NA",AA13="NA",AC13="NA"),"NA",IF(OR(O13="NC",Q13="NC",S13="NC",U13="NC",W13="NC",Y13="NC",AA13="NC",AC13="NC",O13="SF",Q13="SF",S13="SF",U13="SF",W13="SF",Y13="SF",AA13="SF",AC13="SF"),"NC",IF(OR(O13="C",Q13="C",S13="C",U13="C",W13="C",Y13="C",AA13="C",AC13="C"),"C",""))))) | AG13: =IF(AND(AE13="C",AF13="C"),"UTILIZOU O PDA CORRETAMENTE",IF(AND(AE13="C",AF13="NC"),"UTILIZOU O PDA CORRETAMENTE. NÃO HÁ FOTOS DE TODAS AS ETAPAS",IF(AND(AE13="NC",AF13="NC"),"NÃO UTILIZOU O PDA",IF(AND(AE13="NA",AF13="NA"),"NÃO AVALIADO POR FALHA DE SINCRONISMO")))) -> FALSE | AI13: GOPOÚVA | AJ13: =E13 -> GUARULHOS | AK13: ÁGUA | AL13: 0.49334933 | AM13: {=IF(OR(O13<>"", SUMPRODUCT(($AN$2:$AN$5000=AN13)*($AL$2:$AL$5000<=AL13)) <= (COUNTIF($AN$2:$AN$5000,AN13)*0.5)), "SORTEADO", "-")} -> - | AN13: 01/04/2026
A14: ONMG - DIV MANUT SERV OPE GOPOÚVA | B14: 2613767287 | C14: TROCAR RAMAL DE ÁGUA PREVENTIVA | D14: RAMAL DE ÁGUA | E14: GUARULHOS | F14: RUA CORREGO DO BOM JESUS | G14: 223 | H14: CASA 1 | I14: TABOAO | J14: TROCA DE RAMAL DE AGUA PREVENTIVA | K14: nao foi possivel sequencia fotos correto devido estreitamento de pistar | L14: 01/04/2026 | M14: 46026.616 | N14: EDSON COUTINHO DOS SANTOS | AF14: =IF(AND(O14="",Q14="",S14="",U14="",W14="",Y14="",AA14="",AC14=""),"",IF(OR(AND(O14<>"NA",O14<>"C",O14<>"NC",O14<>"SF",O14<>""),AND(Q14<>"NA",Q14<>"C",Q14<>"NC",Q14<>"SF",Q14<>""),AND(S14<>"NA",S14<>"C",S14<>"NC",S14<>"SF",S14<>""),AND(U14<>"NA",U14<>"C",U14<>"NC",U14<>"SF",U14<>""),AND(W14<>"NA",W14<>"C",W14<>"NC",W14<>"SF",W14<>""),AND(Y14<>"NA",Y14<>"C",Y14<>"NC",Y14<>"SF",Y14<>""),AND(AA14<>"NA",AA14<>"C",AA14<>"NC",AA14<>"SF",AA14<>""),AND(AC14<>"NA",AC14<>"C",AC14<>"NC",AC14<>"SF",AC14<>"")),"FALSO",IF(AND(O14="NA",Q14="NA",S14="NA",U14="NA",W14="NA",Y14="NA",AA14="NA",AC14="NA"),"NA",IF(OR(O14="NC",Q14="NC",S14="NC",U14="NC",W14="NC",Y14="NC",AA14="NC",AC14="NC",O14="SF",Q14="SF",S14="SF",U14="SF",W14="SF",Y14="SF",AA14="SF",AC14="SF"),"NC",IF(OR(O14="C",Q14="C",S14="C",U14="C",W14="C",Y14="C",AA14="C",AC14="C"),"C",""))))) | AG14: =IF(AND(AE14="C",AF14="C"),"UTILIZOU O PDA CORRETAMENTE",IF(AND(AE14="C",AF14="NC"),"UTILIZOU O PDA CORRETAMENTE. NÃO HÁ FOTOS DE TODAS AS ETAPAS",IF(AND(AE14="NC",AF14="NC"),"NÃO UTILIZOU O PDA",IF(AND(AE14="NA",AF14="NA"),"NÃO AVALIADO POR FALHA DE SINCRONISMO")))) -> FALSE | AI14: GOPOÚVA | AJ14: =E14 -> GUARULHOS | AK14: ÁGUA | AL14: 0.56816256 | AM14: {=IF(OR(O14<>"", SUMPRODUCT(($AN$2:$AN$5000=AN14)*($AL$2:$AL$5000<=AL14)) <= (COUNTIF($AN$2:$AN$5000,AN14)*0.5)), "SORTEADO", "-")} -> - | AN14: 01/04/2026
A15: ONMG - DIV MANUT SERV OPE GOPOÚVA | B15: 2613767096 | C15: VAZAMENTO DE ÁGUA NÃO VISÍVEL REDE | D15: VAZAMENTO DE ÁGUA | E15: GUARULHOS | F15: RUA METEORITO | G15: 5 | H15: CASA 03 | I15: PQ PRIMAVERA | J15: SONDAGEM DE REDE DE AGUA NÃO VISIVEL | K15: nao foi possivel tira sequencia de fotos correto porem estreitamento de pistar | L15: 01/04/2026 | M15: 46026.674 | N15: EDSON COUTINHO DOS SANTOS | AF15: =IF(AND(O15="",Q15="",S15="",U15="",W15="",Y15="",AA15="",AC15=""),"",IF(OR(AND(O15<>"NA",O15<>"C",O15<>"NC",O15<>"SF",O15<>""),AND(Q15<>"NA",Q15<>"C",Q15<>"NC",Q15<>"SF",Q15<>""),AND(S15<>"NA",S15<>"C",S15<>"NC",S15<>"SF",S15<>""),AND(U15<>"NA",U15<>"C",U15<>"NC",U15<>"SF",U15<>""),AND(W15<>"NA",W15<>"C",W15<>"NC",W15<>"SF",W15<>""),AND(Y15<>"NA",Y15<>"C",Y15<>"NC",Y15<>"SF",Y15<>""),AND(AA15<>"NA",AA15<>"C",AA15<>"NC",AA15<>"SF",AA15<>""),AND(AC15<>"NA",AC15<>"C",AC15<>"NC",AC15<>"SF",AC15<>"")),"FALSO",IF(AND(O15="NA",Q15="NA",S15="NA",U15="NA",W15="NA",Y15="NA",AA15="NA",AC15="NA"),"NA",IF(OR(O15="NC",Q15="NC",S15="NC",U15="NC",W15="NC",Y15="NC",AA15="NC",AC15="NC",O15="SF",Q15="SF",S15="SF",U15="SF",W15="SF",Y15="SF",AA15="SF",AC15="SF"),"NC",IF(OR(O15="C",Q15="C",S15="C",U15="C",W15="C",Y15="C",AA15="C",AC15="C"),"C",""))))) | AG15: =IF(AND(AE15="C",AF15="C"),"UTILIZOU O PDA CORRETAMENTE",IF(AND(AE15="C",AF15="NC"),"UTILIZOU O PDA CORRETAMENTE. NÃO HÁ FOTOS DE TODAS AS ETAPAS",IF(AND(AE15="NC",AF15="NC"),"NÃO UTILIZOU O PDA",IF(AND(AE15="NA",AF15="NA"),"NÃO AVALIADO POR FALHA DE SINCRONISMO")))) -> FALSE | AI15: GOPOÚVA | AJ15: =E15 -> GUARULHOS | AK15: ÁGUA | AL15: 0.49981207 | AM15: {=IF(OR(O15<>"", SUMPRODUCT(($AN$2:$AN$5000=AN15)*($AL$2:$AL$5000<=AL15)) <= (COUNTIF($AN$2:$AN$5000,AN15)*0.5)), "SORTEADO", "-")} -> - | AN15: 01/04/2026
A16: ONMG - DIV MANUT SERV OPE GOPOÚVA | B16: 2613728020 | C16: VAZAMENTO DE ÁGUA NO PASSEIO | D16: VAZAMENTO DE ÁGUA | E16: GUARULHOS | F16: RUA ALEGRE | G16: 26 | H16: ANT. 35 | I16: V SAO RAFAEL | J16: SUPRIMIDO RAMAL DE AGUA ABANDONADO | L16: 01/04/2026 | M16: 46026.383 | N16: JOAO MANOEL PEREIRA DOS SANTOS | AF16: =IF(AND(O16="",Q16="",S16="",U16="",W16="",Y16="",AA16="",AC16=""),"",IF(OR(AND(O16<>"NA",O16<>"C",O16<>"NC",O16<>"SF",O16<>""),AND(Q16<>"NA",Q16<>"C",Q16<>"NC",Q16<>"SF",Q16<>""),AND(S16<>"NA",S16<>"C",S16<>"NC",S16<>"SF",S16<>""),AND(U16<>"NA",U16<>"C",U16<>"NC",U16<>"SF",U16<>""),AND(W16<>"NA",W16<>"C",W16<>"NC",W16<>"SF",W16<>""),AND(Y16<>"NA",Y16<>"C",Y16<>"NC",Y16<>"SF",Y16<>""),AND(AA16<>"NA",AA16<>"C",AA16<>"NC",AA16<>"SF",AA16<>""),AND(AC16<>"NA",AC16<>"C",AC16<>"NC",AC16<>"SF",AC16<>"")),"FALSO",IF(AND(O16="NA",Q16="NA",S16="NA",U16="NA",W16="NA",Y16="NA",AA16="NA",AC16="NA"),"NA",IF(OR(O16="NC",Q16="NC",S16="NC",U16="NC",W16="NC",Y16="NC",AA16="NC",AC16="NC",O16="SF",Q16="SF",S16="SF",U16="SF",W16="SF",Y16="SF",AA16="SF",AC16="SF"),"NC",IF(OR(O16="C",Q16="C",S16="C",U16="C",W16="C",Y16="C",AA16="C",AC16="C"),"C",""))))) | AG16: =IF(AND(AE16="C",AF16="C"),"UTILIZOU O PDA CORRETAMENTE",IF(AND(AE16="C",AF16="NC"),"UTILIZOU O PDA CORRETAMENTE. NÃO HÁ FOTOS DE TODAS AS ETAPAS",IF(AND(AE16="NC",AF16="NC"),"NÃO UTILIZOU O PDA",IF(AND(AE16="NA",AF16="NA"),"NÃO AVALIADO POR FALHA DE SINCRONISMO")))) -> FALSE | AI16: GOPOÚVA | AJ16: =E16 -> GUARULHOS | AK16: ÁGUA | AL16: 0.75813073 | AM16: {=IF(OR(O16<>"", SUMPRODUCT(($AN$2:$AN$5000=AN16)*($AL$2:$AL$5000<=AL16)) <= (COUNTIF($AN$2:$AN$5000,AN16)*0.5)), "SORTEADO", "-")} -> - | AN16: 01/04/2026
A17: ONMG - DIV MANUT SERV OPE GOPOÚVA | B17: 2613754890 | C17: TROCAR RAMAL DE ÁGUA PREVENTIVA | D17: RAMAL DE ÁGUA | E17: GUARULHOS | F17: RUA TAILANDIA | G17: 182 | I17: JD SANTA CECILIA | J17: TROCA DE RAMAL DE AGUA PREVENTIVA | L17: 01/04/2026 | M17: 46026.458 | N17: EDILSON BARRETO DA SILVA | O17: C | Q17: C | S17: C | U17: C | W17: C | Y17: C | AA17: C | AC17: NC | AD17: FALTA CARIMBO | AE17: C | AF17: =IF(AND(O17="",Q17="",S17="",U17="",W17="",Y17="",AA17="",AC17=""),"",IF(OR(AND(O17<>"NA",O17<>"C",O17<>"NC",O17<>"SF",O17<>""),AND(Q17<>"NA",Q17<>"C",Q17<>"NC",Q17<>"SF",Q17<>""),AND(S17<>"NA",S17<>"C",S17<>"NC",S17<>"SF",S17<>""),AND(U17<>"NA",U17<>"C",U17<>"NC",U17<>"SF",U17<>""),AND(W17<>"NA",W17<>"C",W17<>"NC",W17<>"SF",W17<>""),AND(Y17<>"NA",Y17<>"C",Y17<>"NC",Y17<>"SF",Y17<>""),AND(AA17<>"NA",AA17<>"C",AA17<>"NC",AA17<>"SF",AA17<>""),AND(AC17<>"NA",AC17<>"C",AC17<>"NC",AC17<>"SF",AC17<>"")),"FALSO",IF(AND(O17="NA",Q17="NA",S17="NA",U17="NA",W17="NA",Y17="NA",AA17="NA",AC17="NA"),"NA",IF(OR(O17="NC",Q17="NC",S17="NC",U17="NC",W17="NC",Y17="NC",AA17="NC",AC17="NC",O17="SF",Q17="SF",S17="SF",U17="SF",W17="SF",Y17="SF",AA17="SF",AC17="SF"),"NC",IF(OR(O17="C",Q17="C",S17="C",U17="C",W17="C",Y17="C",AA17="C",AC17="C"),"C",""))))) -> NC | AG17: =IF(AND(AE17="C",AF17="C"),"UTILIZOU O PDA CORRETAMENTE",IF(AND(AE17="C",AF17="NC"),"UTILIZOU O PDA CORRETAMENTE. NÃO HÁ FOTOS DE TODAS AS ETAPAS",IF(AND(AE17="NC",AF17="NC"),"NÃO UTILIZOU O PDA",IF(AND(AE17="NA",AF17="NA"),"NÃO AVALIADO POR FALHA DE SINCRONISMO")))) -> UTILIZOU O PDA CORRETAMENTE. NÃO HÁ FOTOS DE TODAS AS ETAPAS | AH17: C | AI17: GOPOÚVA | AJ17: =E17 -> GUARULHOS | AK17: ÁGUA | AL17: -0.0032 | AM17: {=IF(OR(O17<>"", SUMPRODUCT(($AN$2:$AN$5000=AN17)*($AL$2:$AL$5000<=AL17)) <= (COUNTIF($AN$2:$AN$5000,AN17)*0.5)), "SORTEADO", "-")} -> SORTEADO | AN17: 01/04/2026
A18: ONMG - DIV MANUT SERV OPE GOPOÚVA | B18: 2613754423 | C18: TROCAR RAMAL DE ÁGUA PREVENTIVA | D18: RAMAL DE ÁGUA | E18: GUARULHOS | F18: RUA TAILANDIA | G18: 186 | H18: ANT180,C/1 | I18: JD SANTA CECILIA | J18: TROCA DE RAMAL DE AGUA PREVENTIVA | K18: não consigo tira todas as fotos porque a rua esta fresado prá colocar asfalto novo .e esta interditado | L18: 01/04/2026 | M18: 46026.642 | N18: EDILSON BARRETO DA SILVA | O18: C | Q18: C | S18: C | U18: C | W18: C | Y18: C | AA18: C | AC18: NC | AD18: FALTA CARIMBO | AE18: C | AF18: =IF(AND(O18="",Q18="",S18="",U18="",W18="",Y18="",AA18="",AC18=""),"",IF(OR(AND(O18<>"NA",O18<>"C",O18<>"NC",O18<>"SF",O18<>""),AND(Q18<>"NA",Q18<>"C",Q18<>"NC",Q18<>"SF",Q18<>""),AND(S18<>"NA",S18<>"C",S18<>"NC",S18<>"SF",S18<>""),AND(U18<>"NA",U18<>"C",U18<>"NC",U18<>"SF",U18<>""),AND(W18<>"NA",W18<>"C",W18<>"NC",W18<>"SF",W18<>""),AND(Y18<>"NA",Y18<>"C",Y18<>"NC",Y18<>"SF",Y18<>""),AND(AA18<>"NA",AA18<>"C",AA18<>"NC",AA18<>"SF",AA18<>""),AND(AC18<>"NA",AC18<>"C",AC18<>"NC",AC18<>"SF",AC18<>"")),"FALSO",IF(AND(O18="NA",Q18="NA",S18="NA",U18="NA",W18="NA",Y18="NA",AA18="NA",AC18="NA"),"NA",IF(OR(O18="NC",Q18="NC",S18="NC",U18="NC",W18="NC",Y18="NC",AA18="NC",AC18="NC",O18="SF",Q18="SF",S18="SF",U18="SF",W18="SF",Y18="SF",AA18="SF",AC18="SF"),"NC",IF(OR(O18="C",Q18="C",S18="C",U18="C",W18="C",Y18="C",AA18="C",AC18="C"),"C",""))))) -> NC | AG18: =IF(AND(AE18="C",AF18="C"),"UTILIZOU O PDA CORRETAMENTE",IF(AND(AE18="C",AF18="NC"),"UTILIZOU O PDA CORRETAMENTE. NÃO HÁ FOTOS DE TODAS AS ETAPAS",IF(AND(AE18="NC",AF18="NC"),"NÃO UTILIZOU O PDA",IF(AND(AE18="NA",AF18="NA"),"NÃO AVALIADO POR FALHA DE SINCRONISMO")))) -> UTILIZOU O PDA CORRETAMENTE. NÃO HÁ FOTOS DE TODAS AS ETAPAS | AH18: C | AI18: GOPOÚVA | AJ18: =E18 -> GUARULHOS | AK18: ÁGUA | AL18: -0.0034 | AM18: {=IF(OR(O18<>"", SUMPRODUCT(($AN$2:$AN$5000=AN18)*($AL$2:$AL$5000<=AL18)) <= (COUNTIF($AN$2:$AN$5000,AN18)*0.5)), "SORTEADO", "-")} -> SORTEADO | AN18: 01/04/2026
A19: ONMG - DIV MANUT SERV OPE GOPOÚVA | B19: 2689310773 | C19: VAZAMENTO DE ÁGUA NO PASSEIO | D19: VAZAMENTO DE ÁGUA | E19: GUARULHOS | F19: RUA VIVENCIA ESPIRITO SANTO | G19: 210 | H19: APTO 3 | I19: JD PALMIRA | J19: REPARO DE REDE DE AGUA | L19: 01/04/2026 | M19: 46026.415 | N19: HENRIQUE ANDRADE PEREIRA | O19: C | Q19: C | S19: C | U19: C | W19: C | Y19: NA | AA19: C | AC19: C | AE19: C | AF19: =IF(AND(O19="",Q19="",S19="",U19="",W19="",Y19="",AA19="",AC19=""),"",IF(OR(AND(O19<>"NA",O19<>"C",O19<>"NC",O19<>"SF",O19<>""),AND(Q19<>"NA",Q19<>"C",Q19<>"NC",Q19<>"SF",Q19<>""),AND(S19<>"NA",S19<>"C",S19<>"NC",S19<>"SF",S19<>""),AND(U19<>"NA",U19<>"C",U19<>"NC",U19<>"SF",U19<>""),AND(W19<>"NA",W19<>"C",W19<>"NC",W19<>"SF",W19<>""),AND(Y19<>"NA",Y19<>"C",Y19<>"NC",Y19<>"SF",Y19<>""),AND(AA19<>"NA",AA19<>"C",AA19<>"NC",AA19<>"SF",AA19<>""),AND(AC19<>"NA",AC19<>"C",AC19<>"NC",AC19<>"SF",AC19<>"")),"FALSO",IF(AND(O19="NA",Q19="NA",S19="NA",U19="NA",W19="NA",Y19="NA",AA19="NA",AC19="NA"),"NA",IF(OR(O19="NC",Q19="NC",S19="NC",U19="NC",W19="NC",Y19="NC",AA19="NC",AC19="NC",O19="SF",Q19="SF",S19="SF",U19="SF",W19="SF",Y19="SF",AA19="SF",AC19="SF"),"NC",IF(OR(O19="C",Q19="C",S19="C",U19="C",W19="C",Y19="C",AA19="C",AC19="C"),"C",""))))) -> C | AG19: =IF(AND(AE19="C",AF19="C"),"UTILIZOU O PDA CORRETAMENTE",IF(AND(AE19="C",AF19="NC"),"UTILIZOU O PDA CORRETAMENTE. NÃO HÁ FOTOS DE TODAS AS ETAPAS",IF(AND(AE19="NC",AF19="NC"),"NÃO UTILIZOU O PDA",IF(AND(AE19="NA",AF19="NA"),"NÃO AVALIADO POR FALHA DE SINCRONISMO")))) -> UTILIZOU O PDA CORRETAMENTE | AH19: C | AI19: GOPOÚVA | AJ19: =E19 -> GUARULHOS | AK19: ÁGUA | AL19: 0.15534462 | AM19: {=IF(OR(O19<>"", SUMPRODUCT(($AN$2:$AN$5000=AN19)*($AL$2:$AL$5000<=AL19)) <= (COUNTIF($AN$2:$AN$5000,AN19)*0.5)), "SORTEADO", "-")} -> SORTEADO | AN19: 01/04/2026
A20: ONMG - DIV MANUT SERV OPE GOPOÚVA | B20: 2689382014 | C20: VAZAMENTO DE ÁGUA NO PASSEIO | D20: VAZAMENTO DE ÁGUA | E20: GUARULHOS | F20: RUA VIVENCIA ESPIRITO SANTO | G20: 210 | H20: APTO 1 | I20: JD PALMIRA | J20: SUPRIMIDO RAMAL DE AGUA ABANDONADO | K20: as fotos e reposicao estao na os 2689310773 | L20: 01/04/2026 | M20: 46026.495 | N20: HENRIQUE ANDRADE PEREIRA | AF20: =IF(AND(O20="",Q20="",S20="",U20="",W20="",Y20="",AA20="",AC20=""),"",IF(OR(AND(O20<>"NA",O20<>"C",O20<>"NC",O20<>"SF",O20<>""),AND(Q20<>"NA",Q20<>"C",Q20<>"NC",Q20<>"SF",Q20<>""),AND(S20<>"NA",S20<>"C",S20<>"NC",S20<>"SF",S20<>""),AND(U20<>"NA",U20<>"C",U20<>"NC",U20<>"SF",U20<>""),AND(W20<>"NA",W20<>"C",W20<>"NC",W20<>"SF",W20<>""),AND(Y20<>"NA",Y20<>"C",Y20<>"NC",Y20<>"SF",Y20<>""),AND(AA20<>"NA",AA20<>"C",AA20<>"NC",AA20<>"SF",AA20<>""),AND(AC20<>"NA",AC20<>"C",AC20<>"NC",AC20<>"SF",AC20<>"")),"FALSO",IF(AND(O20="NA",Q20="NA",S20="NA",U20="NA",W20="NA",Y20="NA",AA20="NA",AC20="NA"),"NA",IF(OR(O20="NC",Q20="NC",S20="NC",U20="NC",W20="NC",Y20="NC",AA20="NC",AC20="NC",O20="SF",Q20="SF",S20="SF",U20="SF",W20="SF",Y20="SF",AA20="SF",AC20="SF"),"NC",IF(OR(O20="C",Q20="C",S20="C",U20="C",W20="C",Y20="C",AA20="C",AC20="C"),"C",""))))) | AG20: =IF(AND(AE20="C",AF20="C"),"UTILIZOU O PDA CORRETAMENTE",IF(AND(AE20="C",AF20="NC"),"UTILIZOU O PDA CORRETAMENTE. NÃO HÁ FOTOS DE TODAS AS ETAPAS",IF(AND(AE20="NC",AF20="NC"),"NÃO UTILIZOU O PDA",IF(AND(AE20="NA",AF20="NA"),"NÃO AVALIADO POR FALHA DE SINCRONISMO")))) -> FALSE | AI20: GOPOÚVA | AJ20: =E20 -> GUARULHOS | AK20: ÁGUA | AL20: 0.92273796 | AM20: {=IF(OR(O20<>"", SUMPRODUCT(($AN$2:$AN$5000=AN20)*($AL$2:$AL$5000<=AL20)) <= (COUNTIF($AN$2:$AN$5000,AN20)*0.5)), "SORTEADO", "-")} -> - | AN20: 01/04/2026
A21: ONMG - DIV MANUT SERV OPE GOPOÚVA | B21: 2613840742 | C21: VAZAMENTO DE ÁGUA NÃO VISÍVEL REDE | D21: VAZAMENTO DE ÁGUA | E21: GUARULHOS | F21: RUA GUARACY | G21: 405 | I21: JD PAULISTA | J21: REPARO DE REDE DE AGUA NÃO VISIVEL | K21: sem foto porque o servico foi aberto depois do executado | L21: 01/04/2026 | M21: 46026.447 | N21: ADEMAR JOSE VIANA | O21: C | Q21: C | S21: C | U21: C | W21: C | Y21: NA | AA21: C | AC21: C | AE21: C | AF21: =IF(AND(O21="",Q21="",S21="",U21="",W21="",Y21="",AA21="",AC21=""),"",IF(OR(AND(O21<>"NA",O21<>"C",O21<>"NC",O21<>"SF",O21<>""),AND(Q21<>"NA",Q21<>"C",Q21<>"NC",Q21<>"SF",Q21<>""),AND(S21<>"NA",S21<>"C",S21<>"NC",S21<>"SF",S21<>""),AND(U21<>"NA",U21<>"C",U21<>"NC",U21<>"SF",U21<>""),AND(W21<>"NA",W21<>"C",W21<>"NC",W21<>"SF",W21<>""),AND(Y21<>"NA",Y21<>"C",Y21<>"NC",Y21<>"SF",Y21<>""),AND(AA21<>"NA",AA21<>"C",AA21<>"NC",AA21<>"SF",AA21<>""),AND(AC21<>"NA",AC21<>"C",AC21<>"NC",AC21<>"SF",AC21<>"")),"FALSO",IF(AND(O21="NA",Q21="NA",S21="NA",U21="NA",W21="NA",Y21="NA",AA21="NA",AC21="NA"),"NA",IF(OR(O21="NC",Q21="NC",S21="NC",U21="NC",W21="NC",Y21="NC",AA21="NC",AC21="NC",O21="SF",Q21="SF",S21="SF",U21="SF",W21="SF",Y21="SF",AA21="SF",AC21="SF"),"NC",IF(OR(O21="C",Q21="C",S21="C",U21="C",W21="C",Y21="C",AA21="C",AC21="C"),"C",""))))) -> C | AG21: =IF(AND(AE21="C",AF21="C"),"UTILIZOU O PDA CORRETAMENTE",IF(AND(AE21="C",AF21="NC"),"UTILIZOU O PDA CORRETAMENTE. NÃO HÁ FOTOS DE TODAS AS ETAPAS",IF(AND(AE21="NC",AF21="NC"),"NÃO UTILIZOU O PDA",IF(AND(AE21="NA",AF21="NA"),"NÃO AVALIADO POR FALHA DE SINCRONISMO")))) -> UTILIZOU O PDA CORRETAMENTE | AH21: C | AI21: GOPOÚVA | AJ21: =E21 -> GUARULHOS | AK21: ÁGUA | AL21: 0.25695336 | AM21: {=IF(OR(O21<>"", SUMPRODUCT(($AN$2:$AN$5000=AN21)*($AL$2:$AL$5000<=AL21)) <= (COUNTIF($AN$2:$AN$5000,AN21)*0.5)), "SORTEADO", "-")} -> SORTEADO | AN21: 01/04/2026
A22: ONMG - DIV MANUT SERV OPE GOPOÚVA | B22: 2613859002 | C22: VAZAMENTO DE ÁGUA NÃO VISÍVEL REDE | D22: VAZAMENTO DE ÁGUA | E22: GUARULHOS | F22: RUA CURIO | G22: 221 | H22: CASA 01 | I22: JD VALERIA | J22: SUPRIMIDO RAMAL AGUA ABAND NÃO VISIVEL | L22: 01/04/2026 | M22: 46026.653 | N22: ADEMAR JOSE VIANA | AF22: =IF(AND(O22="",Q22="",S22="",U22="",W22="",Y22="",AA22="",AC22=""),"",IF(OR(AND(O22<>"NA",O22<>"C",O22<>"NC",O22<>"SF",O22<>""),AND(Q22<>"NA",Q22<>"C",Q22<>"NC",Q22<>"SF",Q22<>""),AND(S22<>"NA",S22<>"C",S22<>"NC",S22<>"SF",S22<>""),AND(U22<>"NA",U22<>"C",U22<>"NC",U22<>"SF",U22<>""),AND(W22<>"NA",W22<>"C",W22<>"NC",W22<>"SF",W22<>""),AND(Y22<>"NA",Y22<>"C",Y22<>"NC",Y22<>"SF",Y22<>""),AND(AA22<>"NA",AA22<>"C",AA22<>"NC",AA22<>"SF",AA22<>""),AND(AC22<>"NA",AC22<>"C",AC22<>"NC",AC22<>"SF",AC22<>"")),"FALSO",IF(AND(O22="NA",Q22="NA",S22="NA",U22="NA",W22="NA",Y22="NA",AA22="NA",AC22="NA"),"NA",IF(OR(O22="NC",Q22="NC",S22="NC",U22="NC",W22="NC",Y22="NC",AA22="NC",AC22="NC",O22="SF",Q22="SF",S22="SF",U22="SF",W22="SF",Y22="SF",AA22="SF",AC22="SF"),"NC",IF(OR(O22="C",Q22="C",S22="C",U22="C",W22="C",Y22="C",AA22="C",AC22="C"),"C",""))))) | AG22: =IF(AND(AE22="C",AF22="C"),"UTILIZOU O PDA CORRETAMENTE",IF(AND(AE22="C",AF22="NC"),"UTILIZOU O PDA CORRETAMENTE. NÃO HÁ FOTOS DE TODAS AS ETAPAS",IF(AND(AE22="NC",AF22="NC"),"NÃO UTILIZOU O PDA",IF(AND(AE22="NA",AF22="NA"),"NÃO AVALIADO POR FALHA DE SINCRONISMO")))) -> FALSE | AI22: GOPOÚVA | AJ22: =E22 -> GUARULHOS | AK22: ÁGUA | AL22: 0.60916212 | AM22: {=IF(OR(O22<>"", SUMPRODUCT(($AN$2:$AN$5000=AN22)*($AL$2:$AL$5000<=AL22)) <= (COUNTIF($AN$2:$AN$5000,AN22)*0.5)), "SORTEADO", "-")} -> - | AN22: 01/04/2026
A23: ONMG - DIV MANUT SERV OPE GOPOÚVA | B23: 2613863178 | C23: VAZAMENTO DE ÁGUA LEITO TERRA | D23: VAZAMENTO DE ÁGUA | E23: GUARULHOS | F23: RUA PADRE CELESTINO | G23: 579 | H23: ANTIGO 585 | I23: CENTRO | J23: REPARO DE REDE DE AGUA | K23: não tem reposição obra no local material utilizado 1 m de tubo de PVC de 75 | L23: 01/04/2026 | M23: 46026.646 | N23: JOAO MANOEL PEREIRA DOS SANTOS | AF23: =IF(AND(O23="",Q23="",S23="",U23="",W23="",Y23="",AA23="",AC23=""),"",IF(OR(AND(O23<>"NA",O23<>"C",O23<>"NC",O23<>"SF",O23<>""),AND(Q23<>"NA",Q23<>"C",Q23<>"NC",Q23<>"SF",Q23<>""),AND(S23<>"NA",S23<>"C",S23<>"NC",S23<>"SF",S23<>""),AND(U23<>"NA",U23<>"C",U23<>"NC",U23<>"SF",U23<>""),AND(W23<>"NA",W23<>"C",W23<>"NC",W23<>"SF",W23<>""),AND(Y23<>"NA",Y23<>"C",Y23<>"NC",Y23<>"SF",Y23<>""),AND(AA23<>"NA",AA23<>"C",AA23<>"NC",AA23<>"SF",AA23<>""),AND(AC23<>"NA",AC23<>"C",AC23<>"NC",AC23<>"SF",AC23<>"")),"FALSO",IF(AND(O23="NA",Q23="NA",S23="NA",U23="NA",W23="NA",Y23="NA",AA23="NA",AC23="NA"),"NA",IF(OR(O23="NC",Q23="NC",S23="NC",U23="NC",W23="NC",Y23="NC",AA23="NC",AC23="NC",O23="SF",Q23="SF",S23="SF",U23="SF",W23="SF",Y23="SF",AA23="SF",AC23="SF"),"NC",IF(OR(O23="C",Q23="C",S23="C",U23="C",W23="C",Y23="C",AA23="C",AC23="C"),"C",""))))) | AG23: =IF(AND(AE23="C",AF23="C"),"UTILIZOU O PDA CORRETAMENTE",IF(AND(AE23="C",AF23="NC"),"UTILIZOU O PDA CORRETAMENTE. NÃO HÁ FOTOS DE TODAS AS ETAPAS",IF(AND(AE23="NC",AF23="NC"),"NÃO UTILIZOU O PDA",IF(AND(AE23="NA",AF23="NA"),"NÃO AVALIADO POR FALHA DE SINCRONISMO")))) -> FALSE | AI23: GOPOÚVA | AJ23: =E23 -> GUARULHOS | AK23: ÁGUA | AL23: 0.87909279 | AM23: {=IF(OR(O23<>"", SUMPRODUCT(($AN$2:$AN$5000=AN23)*($AL$2:$AL$5000<=AL23)) <= (COUNTIF($AN$2:$AN$5000,AN23)*0.5)), "SORTEADO", "-")} -> - | AN23: 01/04/2026
A24: ONMG - DIV MANUT SERV OPE GOPOÚVA | B24: 2613866326 | C24: TROCAR RAMAL DE ÁGUA PREVENTIVA | D24: RAMAL DE ÁGUA | E24: GUARULHOS | F24: RUA MONTE CARLO | G24: 34 | H24: ANT 51D | I24: BELA VISTA | J24: TROCA DE RAMAL DE AGUA PREVENTIVA | K24: Serviço executado sem fotos devido os aberta após execução do serviço e dentro da vala do INTEGRA TIETÊ com o acompanhamento do fiscal Elvis | L24: 01/04/2026 | M24: 46026.542 | N24: JOSE PETRUCIO SANTOS FILHO | AF24: =IF(AND(O24="",Q24="",S24="",U24="",W24="",Y24="",AA24="",AC24=""),"",IF(OR(AND(O24<>"NA",O24<>"C",O24<>"NC",O24<>"SF",O24<>""),AND(Q24<>"NA",Q24<>"C",Q24<>"NC",Q24<>"SF",Q24<>""),AND(S24<>"NA",S24<>"C",S24<>"NC",S24<>"SF",S24<>""),AND(U24<>"NA",U24<>"C",U24<>"NC",U24<>"SF",U24<>""),AND(W24<>"NA",W24<>"C",W24<>"NC",W24<>"SF",W24<>""),AND(Y24<>"NA",Y24<>"C",Y24<>"NC",Y24<>"SF",Y24<>""),AND(AA24<>"NA",AA24<>"C",AA24<>"NC",AA24<>"SF",AA24<>""),AND(AC24<>"NA",AC24<>"C",AC24<>"NC",AC24<>"SF",AC24<>"")),"FALSO",IF(AND(O24="NA",Q24="NA",S24="NA",U24="NA",W24="NA",Y24="NA",AA24="NA",AC24="NA"),"NA",IF(OR(O24="NC",Q24="NC",S24="NC",U24="NC",W24="NC",Y24="NC",AA24="NC",AC24="NC",O24="SF",Q24="SF",S24="SF",U24="SF",W24="SF",Y24="SF",AA24="SF",AC24="SF"),"NC",IF(OR(O24="C",Q24="C",S24="C",U24="C",W24="C",Y24="C",AA24="C",AC24="C"),"C",""))))) | AG24: =IF(AND(AE24="C",AF24="C"),"UTILIZOU O PDA CORRETAMENTE",IF(AND(AE24="C",AF24="NC"),"UTILIZOU O PDA CORRETAMENTE. NÃO HÁ FOTOS DE TODAS AS ETAPAS",IF(AND(AE24="NC",AF24="NC"),"NÃO UTILIZOU O PDA",IF(AND(AE24="NA",AF24="NA"),"NÃO AVALIADO POR FALHA DE SINCRONISMO")))) -> FALSE | AI24: GOPOÚVA | AJ24: =E24 -> GUARULHOS | AK24: ÁGUA | AL24: 0.45038989 | AM24: {=IF(OR(O24<>"", SUMPRODUCT(($AN$2:$AN$5000=AN24)*($AL$2:$AL$5000<=AL24)) <= (COUNTIF($AN$2:$AN$5000,AN24)*0.5)), "SORTEADO", "-")} -> - | AN24: 01/04/2026
A25: ONMG - DIV MANUT SERV OPE GOPOÚVA | B25: 2613866966 | C25: TROCAR RAMAL DE ÁGUA PREVENTIVA | D25: RAMAL DE ÁGUA | E25: GUARULHOS | F25: RUA MONTE CARLO | G25: 42 | H25: ANT. 52 | I25: BELA VISTA | J25: TROCA DE RAMAL DE AGUA PREVENTIVA | K25: Serviço executado sem fotos devido os aberta após execução do serviço e dentro da vala do INTEGRA TIETÊ com o acompanhamento do fiscal Elvi | L25: 01/04/2026 | M25: 46026.54 | N25: JOSE PETRUCIO SANTOS FILHO | O25: NA | Q25: NA | S25: NA | U25: NA | W25: NA | Y25: NA | AA25: NA | AC25: NA | AE25: NA | AF25: =IF(AND(O25="",Q25="",S25="",U25="",W25="",Y25="",AA25="",AC25=""),"",IF(OR(AND(O25<>"NA",O25<>"C",O25<>"NC",O25<>"SF",O25<>""),AND(Q25<>"NA",Q25<>"C",Q25<>"NC",Q25<>"SF",Q25<>""),AND(S25<>"NA",S25<>"C",S25<>"NC",S25<>"SF",S25<>""),AND(U25<>"NA",U25<>"C",U25<>"NC",U25<>"SF",U25<>""),AND(W25<>"NA",W25<>"C",W25<>"NC",W25<>"SF",W25<>""),AND(Y25<>"NA",Y25<>"C",Y25<>"NC",Y25<>"SF",Y25<>""),AND(AA25<>"NA",AA25<>"C",AA25<>"NC",AA25<>"SF",AA25<>""),AND(AC25<>"NA",AC25<>"C",AC25<>"NC",AC25<>"SF",AC25<>"")),"FALSO",IF(AND(O25="NA",Q25="NA",S25="NA",U25="NA",W25="NA",Y25="NA",AA25="NA",AC25="NA"),"NA",IF(OR(O25="NC",Q25="NC",S25="NC",U25="NC",W25="NC",Y25="NC",AA25="NC",AC25="NC",O25="SF",Q25="SF",S25="SF",U25="SF",W25="SF",Y25="SF",AA25="SF",AC25="SF"),"NC",IF(OR(O25="C",Q25="C",S25="C",U25="C",W25="C",Y25="C",AA25="C",AC25="C"),"C",""))))) -> NA | AG25: =IF(AND(AE25="C",AF25="C"),"UTILIZOU O PDA CORRETAMENTE",IF(AND(AE25="C",AF25="NC"),"UTILIZOU O PDA CORRETAMENTE. NÃO HÁ FOTOS DE TODAS AS ETAPAS",IF(AND(AE25="NC",AF25="NC"),"NÃO UTILIZOU O PDA",IF(AND(AE25="NA",AF25="NA"),"NÃO AVALIADO POR FALHA DE SINCRONISMO")))) -> NÃO AVALIADO POR FALHA DE SINCRONISMO | AH25: C | AI25: GOPOÚVA | AJ25: =E25 -> GUARULHOS | AK25: ÁGUA | AL25: 0.12234832 | AM25: {=IF(OR(O25<>"", SUMPRODUCT(($AN$2:$AN$5000=AN25)*($AL$2:$AL$5000<=AL25)) <= (COUNTIF($AN$2:$AN$5000,AN25)*0.5)), "SORTEADO", "-")} -> SORTEADO | AN25: 01/04/2026
A26: ONMG - DIV MANUT SERV OPE GOPOÚVA | B26: 2613870340 | C26: SUBSTITUIR TAMPA DE CAIXA UMA | D26: OUTROS SERVIÇOS DE ÁGUA | E26: GUARULHOS | F26: RUA EUSONIA | G26: 402 | I26: JD EUSONIA | J26: SUBSTITUIDA TAMPA DE CAIXA UMA | K26: fotos encaminhadas no WhatsApp | L26: 01/04/2026 | M26: 46026.527 | N26: MURILO ALVES ROCHA | AF26: =IF(AND(O26="",Q26="",S26="",U26="",W26="",Y26="",AA26="",AC26=""),"",IF(OR(AND(O26<>"NA",O26<>"C",O26<>"NC",O26<>"SF",O26<>""),AND(Q26<>"NA",Q26<>"C",Q26<>"NC",Q26<>"SF",Q26<>""),AND(S26<>"NA",S26<>"C",S26<>"NC",S26<>"SF",S26<>""),AND(U26<>"NA",U26<>"C",U26<>"NC",U26<>"SF",U26<>""),AND(W26<>"NA",W26<>"C",W26<>"NC",W26<>"SF",W26<>""),AND(Y26<>"NA",Y26<>"C",Y26<>"NC",Y26<>"SF",Y26<>""),AND(AA26<>"NA",AA26<>"C",AA26<>"NC",AA26<>"SF",AA26<>""),AND(AC26<>"NA",AC26<>"C",AC26<>"NC",AC26<>"SF",AC26<>"")),"FALSO",IF(AND(O26="NA",Q26="NA",S26="NA",U26="NA",W26="NA",Y26="NA",AA26="NA",AC26="NA"),"NA",IF(OR(O26="NC",Q26="NC",S26="NC",U26="NC",W26="NC",Y26="NC",AA26="NC",AC26="NC",O26="SF",Q26="SF",S26="SF",U26="SF",W26="SF",Y26="SF",AA26="SF",AC26="SF"),"NC",IF(OR(O26="C",Q26="C",S26="C",U26="C",W26="C",Y26="C",AA26="C",AC26="C"),"C",""))))) | AG26: =IF(AND(AE26="C",AF26="C"),"UTILIZOU O PDA CORRETAMENTE",IF(AND(AE26="C",AF26="NC"),"UTILIZOU O PDA CORRETAMENTE. NÃO HÁ FOTOS DE TODAS AS ETAPAS",IF(AND(AE26="NC",AF26="NC"),"NÃO UTILIZOU O PDA",IF(AND(AE26="NA",AF26="NA"),"NÃO AVALIADO POR FALHA DE SINCRONISMO")))) -> FALSE | AI26: GOPOÚVA | AJ26: =E26 -> GUARULHOS | AK26: ÁGUA | AL26: 0.62306272 | AM26: {=IF(OR(O26<>"", SUMPRODUCT(($AN$2:$AN$5000=AN26)*($AL$2:$AL$5000<=AL26)) <= (COUNTIF($AN$2:$AN$5000,AN26)*0.5)), "SORTEADO", "-")} -> - | AN26: 01/04/2026
A27: ONMG - DIV MANUT SERV OPE GOPOÚVA | B27: 2689271856 | C27: TROCAR RAMAL DE ÁGUA | D27: VAZAMENTO DE ÁGUA | E27: GUARULHOS | F27: RUA SOLDADO ARLINDO SARDANHA | G27: 28 | H27: ANT. 18 | I27: CENTRO | J27: TROCA DE RAMAL DE AGUA | K27: nao foi possivel sequencia de fotos correta devido local estreito e nao foi possível fotos de estanquiedade devido pé de cavalete ser de uma polegada | L27: 01/04/2026 | M27: 46026.512 | N27: JOSE LIMA SILVA | AF27: =IF(AND(O27="",Q27="",S27="",U27="",W27="",Y27="",AA27="",AC27=""),"",IF(OR(AND(O27<>"NA",O27<>"C",O27<>"NC",O27<>"SF",O27<>""),AND(Q27<>"NA",Q27<>"C",Q27<>"NC",Q27<>"SF",Q27<>""),AND(S27<>"NA",S27<>"C",S27<>"NC",S27<>"SF",S27<>""),AND(U27<>"NA",U27<>"C",U27<>"NC",U27<>"SF",U27<>""),AND(W27<>"NA",W27<>"C",W27<>"NC",W27<>"SF",W27<>""),AND(Y27<>"NA",Y27<>"C",Y27<>"NC",Y27<>"SF",Y27<>""),AND(AA27<>"NA",AA27<>"C",AA27<>"NC",AA27<>"SF",AA27<>""),AND(AC27<>"NA",AC27<>"C",AC27<>"NC",AC27<>"SF",AC27<>"")),"FALSO",IF(AND(O27="NA",Q27="NA",S27="NA",U27="NA",W27="NA",Y27="NA",AA27="NA",AC27="NA"),"NA",IF(OR(O27="NC",Q27="NC",S27="NC",U27="NC",W27="NC",Y27="NC",AA27="NC",AC27="NC",O27="SF",Q27="SF",S27="SF",U27="SF",W27="SF",Y27="SF",AA27="SF",AC27="SF"),"NC",IF(OR(O27="C",Q27="C",S27="C",U27="C",W27="C",Y27="C",AA27="C",AC27="C"),"C",""))))) | AG27: =IF(AND(AE27="C",AF27="C"),"UTILIZOU O PDA CORRETAMENTE",IF(AND(AE27="C",AF27="NC"),"UTILIZOU O PDA CORRETAMENTE. NÃO HÁ FOTOS DE TODAS AS ETAPAS",IF(AND(AE27="NC",AF27="NC"),"NÃO UTILIZOU O PDA",IF(AND(AE27="NA",AF27="NA"),"NÃO AVALIADO POR FALHA DE SINCRONISMO")))) -> FALSE | AI27: GOPOÚVA | AJ27: =E27 -> GUARULHOS | AK27: ÁGUA | AL27: 0.70743787 | AM27: {=IF(OR(O27<>"", SUMPRODUCT(($AN$2:$AN$5000=AN27)*($AL$2:$AL$5000<=AL27)) <= (COUNTIF($AN$2:$AN$5000,AN27)*0.5)), "SORTEADO", "-")} -> - | AN27: 01/04/2026
A28: ONMG - DIV MANUT SERV OPE GOPOÚVA | B28: 2613872040 | C28: VAZAMENTO DE ÁGUA NÃO VISÍVEL REDE | D28: VAZAMENTO DE ÁGUA | E28: GUARULHOS | F28: RUA CONEGO VALADAO | G28: 125 | H28: ANT. 1834 | I28: GOPOUVA | J28: REPARO DE REDE DE AGUA NÃO VISIVEL | K28: todas as fotos estao na os 2613872040 | L28: 01/04/2026 | M28: 46026.676 | N28: EDILSON DA SILVA DE ALMEIDA | AF28: =IF(AND(O28="",Q28="",S28="",U28="",W28="",Y28="",AA28="",AC28=""),"",IF(OR(AND(O28<>"NA",O28<>"C",O28<>"NC",O28<>"SF",O28<>""),AND(Q28<>"NA",Q28<>"C",Q28<>"NC",Q28<>"SF",Q28<>""),AND(S28<>"NA",S28<>"C",S28<>"NC",S28<>"SF",S28<>""),AND(U28<>"NA",U28<>"C",U28<>"NC",U28<>"SF",U28<>""),AND(W28<>"NA",W28<>"C",W28<>"NC",W28<>"SF",W28<>""),AND(Y28<>"NA",Y28<>"C",Y28<>"NC",Y28<>"SF",Y28<>""),AND(AA28<>"NA",AA28<>"C",AA28<>"NC",AA28<>"SF",AA28<>""),AND(AC28<>"NA",AC28<>"C",AC28<>"NC",AC28<>"SF",AC28<>"")),"FALSO",IF(AND(O28="NA",Q28="NA",S28="NA",U28="NA",W28="NA",Y28="NA",AA28="NA",AC28="NA"),"NA",IF(OR(O28="NC",Q28="NC",S28="NC",U28="NC",W28="NC",Y28="NC",AA28="NC",AC28="NC",O28="SF",Q28="SF",S28="SF",U28="SF",W28="SF",Y28="SF",AA28="SF",AC28="SF"),"NC",IF(OR(O28="C",Q28="C",S28="C",U28="C",W28="C",Y28="C",AA28="C",AC28="C"),"C",""))))) | AG28: =IF(AND(AE28="C",AF28="C"),"UTILIZOU O PDA CORRETAMENTE",IF(AND(AE28="C",AF28="NC"),"UTILIZOU O PDA CORRETAMENTE. NÃO HÁ FOTOS DE TODAS AS ETAPAS",IF(AND(AE28="NC",AF28="NC"),"NÃO UTILIZOU O PDA",IF(AND(AE28="NA",AF28="NA"),"NÃO AVALIADO POR FALHA DE SINCRONISMO")))) -> FALSE | AI28: GOPOÚVA | AJ28: =E28 -> GUARULHOS | AK28: ÁGUA | AL28: 0.49141178 | AM28: {=IF(OR(O28<>"", SUMPRODUCT(($AN$2:$AN$5000=AN28)*($AL$2:$AL$5000<=AL28)) <= (COUNTIF($AN$2:$AN$5000,AN28)*0.5)), "SORTEADO", "-")} -> - | AN28: 01/04/2026
A29: ONMG - DIV MANUT SERV OPE GOPOÚVA | B29: 2613872051 | C29: TROCAR RAMAL DE ÁGUA - VAZ NÃO VISIVEL | D29: VAZAMENTO DE ÁGUA | E29: GUARULHOS | F29: RUA TAILANDIA | G29: 174 | H29: ANT. 5 C/1 | I29: JD SANTA CECILIA | J29: TROCA DE RAMAL DE AGUA NÃO VISIVEL | K29: serviço executado sem abertura do os tirar as fotos no particular | L29: 01/04/2026 | M29: 46026.674 | N29: EDILSON BARRETO DA SILVA | O29: NA | Q29: NA | S29: NA | U29: NA | W29: NA | Y29: NA | AA29: NA | AC29: NA | AE29: NA | AF29: =IF(AND(O29="",Q29="",S29="",U29="",W29="",Y29="",AA29="",AC29=""),"",IF(OR(AND(O29<>"NA",O29<>"C",O29<>"NC",O29<>"SF",O29<>""),AND(Q29<>"NA",Q29<>"C",Q29<>"NC",Q29<>"SF",Q29<>""),AND(S29<>"NA",S29<>"C",S29<>"NC",S29<>"SF",S29<>""),AND(U29<>"NA",U29<>"C",U29<>"NC",U29<>"SF",U29<>""),AND(W29<>"NA",W29<>"C",W29<>"NC",W29<>"SF",W29<>""),AND(Y29<>"NA",Y29<>"C",Y29<>"NC",Y29<>"SF",Y29<>""),AND(AA29<>"NA",AA29<>"C",AA29<>"NC",AA29<>"SF",AA29<>""),AND(AC29<>"NA",AC29<>"C",AC29<>"NC",AC29<>"SF",AC29<>"")),"FALSO",IF(AND(O29="NA",Q29="NA",S29="NA",U29="NA",W29="NA",Y29="NA",AA29="NA",AC29="NA"),"NA",IF(OR(O29="NC",Q29="NC",S29="NC",U29="NC",W29="NC",Y29="NC",AA29="NC",AC29="NC",O29="SF",Q29="SF",S29="SF",U29="SF",W29="SF",Y29="SF",AA29="SF",AC29="SF"),"NC",IF(OR(O29="C",Q29="C",S29="C",U29="C",W29="C",Y29="C",AA29="C",AC29="C"),"C",""))))) -> NA | AG29: OS ABERTA POSTERIROMENTE A EXECUÇÃO DO SERVIÇO | AH29: C | AI29: GOPOÚVA | AJ29: =E29 -> GUARULHOS | AK29: ÁGUA | AL29: -0.0056 | AM29: {=IF(OR(O29<>"", SUMPRODUCT(($AN$2:$AN$5000=AN29)*($AL$2:$AL$5000<=AL29)) <= (COUNTIF($AN$2:$AN$5000,AN29)*0.5)), "SORTEADO", "-")} -> SORTEADO | AN29: 01/04/2026
A30: ONMG - DIV MANUT SERV OPE GOPOÚVA | B30: 2613878731 | C30: VAZAMENTO DE ÁGUA NÃO VISÍVEL REDE | D30: VAZAMENTO DE ÁGUA | E30: GUARULHOS | F30: RUA HUGO ZILLER | G30: 426 | H30: ANT. 3 | I30: JD SANTA CECILIA | J30: REPARO DE REDE DE AGUA NÃO VISIVEL | K30: nao foi possivel fotos devido OS ser aberta posteriormente, prioridade da sabesp, sem pavimento obras de esgoto no local | L30: 01/04/2026 | M30: 46026.605 | N30: JOSE LIMA SILVA | O30: NA | Q30: NA | S30: NA | U30: NA | W30: NA | Y30: NA | AA30: NA | AC30: NA | AE30: NA | AF30: =IF(AND(O30="",Q30="",S30="",U30="",W30="",Y30="",AA30="",AC30=""),"",IF(OR(AND(O30<>"NA",O30<>"C",O30<>"NC",O30<>"SF",O30<>""),AND(Q30<>"NA",Q30<>"C",Q30<>"NC",Q30<>"SF",Q30<>""),AND(S30<>"NA",S30<>"C",S30<>"NC",S30<>"SF",S30<>""),AND(U30<>"NA",U30<>"C",U30<>"NC",U30<>"SF",U30<>""),AND(W30<>"NA",W30<>"C",W30<>"NC",W30<>"SF",W30<>""),AND(Y30<>"NA",Y30<>"C",Y30<>"NC",Y30<>"SF",Y30<>""),AND(AA30<>"NA",AA30<>"C",AA30<>"NC",AA30<>"SF",AA30<>""),AND(AC30<>"NA",AC30<>"C",AC30<>"NC",AC30<>"SF",AC30<>"")),"FALSO",IF(AND(O30="NA",Q30="NA",S30="NA",U30="NA",W30="NA",Y30="NA",AA30="NA",AC30="NA"),"NA",IF(OR(O30="NC",Q30="NC",S30="NC",U30="NC",W30="NC",Y30="NC",AA30="NC",AC30="NC",O30="SF",Q30="SF",S30="SF",U30="SF",W30="SF",Y30="SF",AA30="SF",AC30="SF"),"NC",IF(OR(O30="C",Q30="C",S30="C",U30="C",W30="C",Y30="C",AA30="C",AC30="C"),"C",""))))) -> NA | AG30: OS ABERTA POSTERIORMENTE A EXECUÇÃO DO SERVIÇO | AH30: C | AI30: GOPOÚVA | AJ30: =E30 -> GUARULHOS | AK30: ÁGUA | AL30: -0.0058 | AM30: {=IF(OR(O30<>"", SUMPRODUCT(($AN$2:$AN$5000=AN30)*($AL$2:$AL$5000<=AL30)) <= (COUNTIF($AN$2:$AN$5000,AN30)*0.5)), "SORTEADO", "-")} -> SORTEADO | AN30: 01/04/2026
A31: ONMG - DIV MANUT SERV OPE GOPOÚVA | B31: 2613879704 | C31: TROCAR RAMAL DE ÁGUA PREVENTIVA | D31: RAMAL DE ÁGUA | E31: GUARULHOS | F31: RUA HUGO ZILLER | G31: 429 | I31: JD SANTA CECILIA | J31: TROCA DE RAMAL DE AGUA PREVENTIVA | K31: nao foi possivel fotos devido OS ser aberta posteriormente, prioridade sabesp , sem reposição obras de esgoto no local | L31: 01/04/2026 | M31: 46026.603 | N31: JOSE LIMA SILVA | O31: NA | Q31: NA | S31: NA | U31: NA | W31: NA | Y31: NA | AA31: NA | AC31: NA | AE31: NA | AF31: =IF(AND(O31="",Q31="",S31="",U31="",W31="",Y31="",AA31="",AC31=""),"",IF(OR(AND(O31<>"NA",O31<>"C",O31<>"NC",O31<>"SF",O31<>""),AND(Q31<>"NA",Q31<>"C",Q31<>"NC",Q31<>"SF",Q31<>""),AND(S31<>"NA",S31<>"C",S31<>"NC",S31<>"SF",S31<>""),AND(U31<>"NA",U31<>"C",U31<>"NC",U31<>"SF",U31<>""),AND(W31<>"NA",W31<>"C",W31<>"NC",W31<>"SF",W31<>""),AND(Y31<>"NA",Y31<>"C",Y31<>"NC",Y31<>"SF",Y31<>""),AND(AA31<>"NA",AA31<>"C",AA31<>"NC",AA31<>"SF",AA31<>""),AND(AC31<>"NA",AC31<>"C",AC31<>"NC",AC31<>"SF",AC31<>"")),"FALSO",IF(AND(O31="NA",Q31="NA",S31="NA",U31="NA",W31="NA",Y31="NA",AA31="NA",AC31="NA"),"NA",IF(OR(O31="NC",Q31="NC",S31="NC",U31="NC",W31="NC",Y31="NC",AA31="NC",AC31="NC",O31="SF",Q31="SF",S31="SF",U31="SF",W31="SF",Y31="SF",AA31="SF",AC31="SF"),"NC",IF(OR(O31="C",Q31="C",S31="C",U31="C",W31="C",Y31="C",AA31="C",AC31="C"),"C",""))))) -> NA | AG31: OS ABERTA POSTERIORMENTE A EXECUÇÃO DO SERVIÇO | AH31: C | AI31: GOPOÚVA | AJ31: =E31 -> GUARULHOS | AK31: ÁGUA | AL31: -0.006 | AM31: {=IF(OR(O31<>"", SUMPRODUCT(($AN$2:$AN$5000=AN31)*($AL$2:$AL$5000<=AL31)) <= (COUNTIF($AN$2:$AN$5000,AN31)*0.5)), "SORTEADO", "-")} -> SORTEADO | AN31: 01/04/2026
A32: ONMG - DIV MANUT SERV OPE GOPOÚVA | B32: 2689282000 | C32: VAZAMENTO DE ÁGUA LEITO PAVIMENTADO | D32: VAZAMENTO DE ÁGUA | E32: GUARULHOS | F32: RUA JAIME TAVARES | G32: 238 | H32: ANT.17 C/3 | I32: PQ MIKAIL I | J32: REPARO DE REDE DE AGUA | K32: o restante das fotos do reparo de rede vai estar na etapa do asfalto frio foi usado 1 luva de 75 de correr PVC | L32: 01/04/2026 | M32: 46026.607 | N32: FABIO SANTOS | AF32: =IF(AND(O32="",Q32="",S32="",U32="",W32="",Y32="",AA32="",AC32=""),"",IF(OR(AND(O32<>"NA",O32<>"C",O32<>"NC",O32<>"SF",O32<>""),AND(Q32<>"NA",Q32<>"C",Q32<>"NC",Q32<>"SF",Q32<>""),AND(S32<>"NA",S32<>"C",S32<>"NC",S32<>"SF",S32<>""),AND(U32<>"NA",U32<>"C",U32<>"NC",U32<>"SF",U32<>""),AND(W32<>"NA",W32<>"C",W32<>"NC",W32<>"SF",W32<>""),AND(Y32<>"NA",Y32<>"C",Y32<>"NC",Y32<>"SF",Y32<>""),AND(AA32<>"NA",AA32<>"C",AA32<>"NC",AA32<>"SF",AA32<>""),AND(AC32<>"NA",AC32<>"C",AC32<>"NC",AC32<>"SF",AC32<>"")),"FALSO",IF(AND(O32="NA",Q32="NA",S32="NA",U32="NA",W32="NA",Y32="NA",AA32="NA",AC32="NA"),"NA",IF(OR(O32="NC",Q32="NC",S32="NC",U32="NC",W32="NC",Y32="NC",AA32="NC",AC32="NC",O32="SF",Q32="SF",S32="SF",U32="SF",W32="SF",Y32="SF",AA32="SF",AC32="SF"),"NC",IF(OR(O32="C",Q32="C",S32="C",U32="C",W32="C",Y32="C",AA32="C",AC32="C"),"C",""))))) | AG32: =IF(AND(AE32="C",AF32="C"),"UTILIZOU O PDA CORRETAMENTE",IF(AND(AE32="C",AF32="NC"),"UTILIZOU O PDA CORRETAMENTE. NÃO HÁ FOTOS DE TODAS AS ETAPAS",IF(AND(AE32="NC",AF32="NC"),"NÃO UTILIZOU O PDA",IF(AND(AE32="NA",AF32="NA"),"NÃO AVALIADO POR FALHA DE SINCRONISMO")))) -> FALSE | AI32: GOPOÚVA | AJ32: =E32 -> GUARULHOS | AK32: ÁGUA | AL32: 0.87371311 | AM32: {=IF(OR(O32<>"", SUMPRODUCT(($AN$2:$AN$5000=AN32)*($AL$2:$AL$5000<=AL32)) <= (COUNTIF($AN$2:$AN$5000,AN32)*0.5)), "SORTEADO", "-")} -> - | AN32: 01/04/2026
A33: ONMG - DIV MANUT SERV OPE GOPOÚVA | B33: 2613885198 | C33: TROCAR RAMAL DE ÁGUA | D33: VAZAMENTO DE ÁGUA | E33: GUARULHOS | F33: RUA SOLDADO ARLINDO SARDANHA | G33: 32 | I33: CENTRO | J33: TROCA DE RAMAL DE AGUA | K33: trocado ramal de agua , as fotos estão na OS 2689271871 mesma valas da OS | L33: 01/04/2026 | M33: 46026.602 | N33: JOSE LIMA SILVA | AF33: =IF(AND(O33="",Q33="",S33="",U33="",W33="",Y33="",AA33="",AC33=""),"",IF(OR(AND(O33<>"NA",O33<>"C",O33<>"NC",O33<>"SF",O33<>""),AND(Q33<>"NA",Q33<>"C",Q33<>"NC",Q33<>"SF",Q33<>""),AND(S33<>"NA",S33<>"C",S33<>"NC",S33<>"SF",S33<>""),AND(U33<>"NA",U33<>"C",U33<>"NC",U33<>"SF",U33<>""),AND(W33<>"NA",W33<>"C",W33<>"NC",W33<>"SF",W33<>""),AND(Y33<>"NA",Y33<>"C",Y33<>"NC",Y33<>"SF",Y33<>""),AND(AA33<>"NA",AA33<>"C",AA33<>"NC",AA33<>"SF",AA33<>""),AND(AC33<>"NA",AC33<>"C",AC33<>"NC",AC33<>"SF",AC33<>"")),"FALSO",IF(AND(O33="NA",Q33="NA",S33="NA",U33="NA",W33="NA",Y33="NA",AA33="NA",AC33="NA"),"NA",IF(OR(O33="NC",Q33="NC",S33="NC",U33="NC",W33="NC",Y33="NC",AA33="NC",AC33="NC",O33="SF",Q33="SF",S33="SF",U33="SF",W33="SF",Y33="SF",AA33="SF",AC33="SF"),"NC",IF(OR(O33="C",Q33="C",S33="C",U33="C",W33="C",Y33="C",AA33="C",AC33="C"),"C",""))))) | AG33: =IF(AND(AE33="C",AF33="C"),"UTILIZOU O PDA CORRETAMENTE",IF(AND(AE33="C",AF33="NC"),"UTILIZOU O PDA CORRETAMENTE. NÃO HÁ FOTOS DE TODAS AS ETAPAS",IF(AND(AE33="NC",AF33="NC"),"NÃO UTILIZOU O PDA",IF(AND(AE33="NA",AF33="NA"),"NÃO AVALIADO POR FALHA DE SINCRONISMO")))) -> FALSE | AI33: GOPOÚVA | AJ33: =E33 -> GUARULHOS | AK33: ÁGUA | AL33: 0.49800798 | AM33: {=IF(OR(O33<>"", SUMPRODUCT(($AN$2:$AN$5000=AN33)*($AL$2:$AL$5000<=AL33)) <= (COUNTIF($AN$2:$AN$5000,AN33)*0.5)), "SORTEADO", "-")} -> - | AN33: 01/04/2026
A34: ONMG - DIV MANUT SERV OPE GOPOÚVA | B34: 2689425926 | C34: TROCAR RAMAL DE ÁGUA | D34: VAZAMENTO DE ÁGUA | E34: GUARULHOS | F34: RUA SAO DOMINGOS | G34: 60 | H34: C/1 | I34: JD CRISTIN ALICE | J34: TROCA DE RAMAL DE AGUA | K34: fotos na os anterior | L34: 01/04/2026 | M34: 46026.68 | N34: ROMARIO MARINHO SANTOS | AF34: =IF(AND(O34="",Q34="",S34="",U34="",W34="",Y34="",AA34="",AC34=""),"",IF(OR(AND(O34<>"NA",O34<>"C",O34<>"NC",O34<>"SF",O34<>""),AND(Q34<>"NA",Q34<>"C",Q34<>"NC",Q34<>"SF",Q34<>""),AND(S34<>"NA",S34<>"C",S34<>"NC",S34<>"SF",S34<>""),AND(U34<>"NA",U34<>"C",U34<>"NC",U34<>"SF",U34<>""),AND(W34<>"NA",W34<>"C",W34<>"NC",W34<>"SF",W34<>""),AND(Y34<>"NA",Y34<>"C",Y34<>"NC",Y34<>"SF",Y34<>""),AND(AA34<>"NA",AA34<>"C",AA34<>"NC",AA34<>"SF",AA34<>""),AND(AC34<>"NA",AC34<>"C",AC34<>"NC",AC34<>"SF",AC34<>"")),"FALSO",IF(AND(O34="NA",Q34="NA",S34="NA",U34="NA",W34="NA",Y34="NA",AA34="NA",AC34="NA"),"NA",IF(OR(O34="NC",Q34="NC",S34="NC",U34="NC",W34="NC",Y34="NC",AA34="NC",AC34="NC",O34="SF",Q34="SF",S34="SF",U34="SF",W34="SF",Y34="SF",AA34="SF",AC34="SF"),"NC",IF(OR(O34="C",Q34="C",S34="C",U34="C",W34="C",Y34="C",AA34="C",AC34="C"),"C",""))))) | AG34: =IF(AND(AE34="C",AF34="C"),"UTILIZOU O PDA CORRETAMENTE",IF(AND(AE34="C",AF34="NC"),"UTILIZOU O PDA CORRETAMENTE. NÃO HÁ FOTOS DE TODAS AS ETAPAS",IF(AND(AE34="NC",AF34="NC"),"NÃO UTILIZOU O PDA",IF(AND(AE34="NA",AF34="NA"),"NÃO AVALIADO POR FALHA DE SINCRONISMO")))) -> FALSE | AI34: GOPOÚVA | AJ34: =E34 -> GUARULHOS | AK34: ÁGUA | AL34: 0.26710526 | AM34: {=IF(OR(O34<>"", SUMPRODUCT(($AN$2:$AN$5000=AN34)*($AL$2:$AL$5000<=AL34)) <= (COUNTIF($AN$2:$AN$5000,AN34)*0.5)), "SORTEADO", "-")} -> - | AN34: 01/04/2026
A35: ONMG - DIV MANUT SERV OPE GOPOÚVA | B35: 2613892109 | C35: TROCAR RAMAL DE ÁGUA PREVENTIVA | D35: RAMAL DE ÁGUA | E35: GUARULHOS | F35: RUA TERRA BOA | G35: 158 | I35: CABUCU | J35: TROCA DE RAMAL DE AGUA PREVENTIVA | K35: sem fotos O.S.aberta posteriormente | L35: 01/04/2026 | M35: 46026.758 | N35: ADIMILSON SOUZA OLIVEIRA | AF35: =IF(AND(O35="",Q35="",S35="",U35="",W35="",Y35="",AA35="",AC35=""),"",IF(OR(AND(O35<>"NA",O35<>"C",O35<>"NC",O35<>"SF",O35<>""),AND(Q35<>"NA",Q35<>"C",Q35<>"NC",Q35<>"SF",Q35<>""),AND(S35<>"NA",S35<>"C",S35<>"NC",S35<>"SF",S35<>""),AND(U35<>"NA",U35<>"C",U35<>"NC",U35<>"SF",U35<>""),AND(W35<>"NA",W35<>"C",W35<>"NC",W35<>"SF",W35<>""),AND(Y35<>"NA",Y35<>"C",Y35<>"NC",Y35<>"SF",Y35<>""),AND(AA35<>"NA",AA35<>"C",AA35<>"NC",AA35<>"SF",AA35<>""),AND(AC35<>"NA",AC35<>"C",AC35<>"NC",AC35<>"SF",AC35<>"")),"FALSO",IF(AND(O35="NA",Q35="NA",S35="NA",U35="NA",W35="NA",Y35="NA",AA35="NA",AC35="NA"),"NA",IF(OR(O35="NC",Q35="NC",S35="NC",U35="NC",W35="NC",Y35="NC",AA35="NC",AC35="NC",O35="SF",Q35="SF",S35="SF",U35="SF",W35="SF",Y35="SF",AA35="SF",AC35="SF"),"NC",IF(OR(O35="C",Q35="C",S35="C",U35="C",W35="C",Y35="C",AA35="C",AC35="C"),"C",""))))) | AG35: =IF(AND(AE35="C",AF35="C"),"UTILIZOU O PDA CORRETAMENTE",IF(AND(AE35="C",AF35="NC"),"UTILIZOU O PDA CORRETAMENTE. NÃO HÁ FOTOS DE TODAS AS ETAPAS",IF(AND(AE35="NC",AF35="NC"),"NÃO UTILIZOU O PDA",IF(AND(AE35="NA",AF35="NA"),"NÃO AVALIADO POR FALHA DE SINCRONISMO")))) -> FALSE | AI35: GOPOÚVA | AJ35: =E35 -> GUARULHOS | AK35: ÁGUA | AL35: 0.65162417 | AM35: {=IF(OR(O35<>"", SUMPRODUCT(($AN$2:$AN$5000=AN35)*($AL$2:$AL$5000<=AL35)) <= (COUNTIF($AN$2:$AN$5000,AN35)*0.5)), "SORTEADO", "-")} -> - | AN35: 01/04/2026
A36: ONMG - DIV MANUT SERV OPE GOPOÚVA | B36: 2613596154 | C36: TRANSFORMAÇÃO LIG NOVA COM APROV RAMAL | D36: LIGAÇÃO DE ÁGUA | E36: GUARULHOS | F36: AVENIDA NOVA TABOAO | G36: 293 | H36: ANT200 C/2 | I36: JD NOVA TABOAO | J36: TRANSFORMAÇÃO LIG NOVA COM APROV RAMAL | K36: fotos na OS principal | L36: 01/04/2026 | M36: 46026.703 | N36: SANDRO DE FREITAS GALINDO | O36: C | Q36: C | S36: C | U36: C | W36: C | Y36: NA | AA36: C | AC36: C | AE36: C | AF36: =IF(AND(O36="",Q36="",S36="",U36="",W36="",Y36="",AA36="",AC36=""),"",IF(OR(AND(O36<>"NA",O36<>"C",O36<>"NC",O36<>"SF",O36<>""),AND(Q36<>"NA",Q36<>"C",Q36<>"NC",Q36<>"SF",Q36<>""),AND(S36<>"NA",S36<>"C",S36<>"NC",S36<>"SF",S36<>""),AND(U36<>"NA",U36<>"C",U36<>"NC",U36<>"SF",U36<>""),AND(W36<>"NA",W36<>"C",W36<>"NC",W36<>"SF",W36<>""),AND(Y36<>"NA",Y36<>"C",Y36<>"NC",Y36<>"SF",Y36<>""),AND(AA36<>"NA",AA36<>"C",AA36<>"NC",AA36<>"SF",AA36<>""),AND(AC36<>"NA",AC36<>"C",AC36<>"NC",AC36<>"SF",AC36<>"")),"FALSO",IF(AND(O36="NA",Q36="NA",S36="NA",U36="NA",W36="NA",Y36="NA",AA36="NA",AC36="NA"),"NA",IF(OR(O36="NC",Q36="NC",S36="NC",U36="NC",W36="NC",Y36="NC",AA36="NC",AC36="NC",O36="SF",Q36="SF",S36="SF",U36="SF",W36="SF",Y36="SF",AA36="SF",AC36="SF"),"NC",IF(OR(O36="C",Q36="C",S36="C",U36="C",W36="C",Y36="C",AA36="C",AC36="C"),"C",""))))) -> C | AG36: =IF(AND(AE36="C",AF36="C"),"UTILIZOU O PDA CORRETAMENTE",IF(AND(AE36="C",AF36="NC"),"UTILIZOU O PDA CORRETAMENTE. NÃO HÁ FOTOS DE TODAS AS ETAPAS",IF(AND(AE36="NC",AF36="NC"),"NÃO UTILIZOU O PDA",IF(AND(AE36="NA",AF36="NA"),"NÃO AVALIADO POR FALHA DE SINCRONISMO")))) -> UTILIZOU O PDA CORRETAMENTE | AH36: C | AI36: GOPOÚVA | AJ36: =E36 -> GUARULHOS | AK36: ÁGUA | AL36: -0.007 | AM36: {=IF(OR(O36<>"", SUMPRODUCT(($AN$2:$AN$5000=AN36)*($AL$2:$AL$5000<=AL36)) <= (COUNTIF($AN$2:$AN$5000,AN36)*0.5)), "SORTEADO", "-")} -> SORTEADO | AN36: 01/04/2026
A37: ONMG - DIV MANUT SERV OPE GOPOÚVA | B37: 2613868634 | C37: TROCAR RAMAL DE ÁGUA | D37: VAZAMENTO DE ÁGUA | E37: GUARULHOS | F37: RUA PALOMA | G37: 69 | I37: PQ CONTINENTAL IV | J37: TROCA DE RAMAL DE AGUA | K37: nao a fotos devudo a chuva,imovel em obra nao a reposicao nao fazer dcp devido a rede raza | L37: 01/04/2026 | M37: 46026.663 | N37: HENRIQUE ANDRADE PEREIRA | O37: SF | Q37: SF | S37: SF | U37: SF | W37: SF | Y37: SF | AA37: SF | AC37: SF | AE37: NC | AF37: =IF(AND(O37="",Q37="",S37="",U37="",W37="",Y37="",AA37="",AC37=""),"",IF(OR(AND(O37<>"NA",O37<>"C",O37<>"NC",O37<>"SF",O37<>""),AND(Q37<>"NA",Q37<>"C",Q37<>"NC",Q37<>"SF",Q37<>""),AND(S37<>"NA",S37<>"C",S37<>"NC",S37<>"SF",S37<>""),AND(U37<>"NA",U37<>"C",U37<>"NC",U37<>"SF",U37<>""),AND(W37<>"NA",W37<>"C",W37<>"NC",W37<>"SF",W37<>""),AND(Y37<>"NA",Y37<>"C",Y37<>"NC",Y37<>"SF",Y37<>""),AND(AA37<>"NA",AA37<>"C",AA37<>"NC",AA37<>"SF",AA37<>""),AND(AC37<>"NA",AC37<>"C",AC37<>"NC",AC37<>"SF",AC37<>"")),"FALSO",IF(AND(O37="NA",Q37="NA",S37="NA",U37="NA",W37="NA",Y37="NA",AA37="NA",AC37="NA"),"NA",IF(OR(O37="NC",Q37="NC",S37="NC",U37="NC",W37="NC",Y37="NC",AA37="NC",AC37="NC",O37="SF",Q37="SF",S37="SF",U37="SF",W37="SF",Y37="SF",AA37="SF",AC37="SF"),"NC",IF(OR(O37="C",Q37="C",S37="C",U37="C",W37="C",Y37="C",AA37="C",AC37="C"),"C",""))))) -> NC | AG37: =IF(AND(AE37="C",AF37="C"),"UTILIZOU O PDA CORRETAMENTE",IF(AND(AE37="C",AF37="NC"),"UTILIZOU O PDA CORRETAMENTE. NÃO HÁ FOTOS DE TODAS AS ETAPAS",IF(AND(AE37="NC",AF37="NC"),"NÃO UTILIZOU O PDA",IF(AND(AE37="NA",AF37="NA"),"NÃO AVALIADO POR FALHA DE SINCRONISMO")))) -> NÃO UTILIZOU O PDA | AH37: C | AI37: GOPOÚVA | AJ37: =E37 -> GUARULHOS | AK37: ÁGUA | AL37: 0.14320572 | AM37: {=IF(OR(O37<>"", SUMPRODUCT(($AN$2:$AN$5000=AN37)*($AL$2:$AL$5000<=AL37)) <= (COUNTIF($AN$2:$AN$5000,AN37)*0.5)), "SORTEADO", "-")} -> SORTEADO | AN37: 01/04/2026
A38: ONMG - DIV MANUT SERV OPE GOPOÚVA | B38: 2689442209 | C38: VAZAMENTO DE ÁGUA NO PASSEIO | D38: VAZAMENTO DE ÁGUA | E38: GUARULHOS | F38: AVENIDA AMALIA GOLLIN PAGNONCELLI | G38: 121 | H38: ANT. 9B | I38: JD ROSA DE FRANCA | J38: SUPRIMIDO RAMAL DE AGUA ABANDONADO | L38: 02/04/2026 | M38: 46057.472 | N38: JOSE LIMA SILVA | AF38: =IF(AND(O38="",Q38="",S38="",U38="",W38="",Y38="",AA38="",AC38=""),"",IF(OR(AND(O38<>"NA",O38<>"C",O38<>"NC",O38<>"SF",O38<>""),AND(Q38<>"NA",Q38<>"C",Q38<>"NC",Q38<>"SF",Q38<>""),AND(S38<>"NA",S38<>"C",S38<>"NC",S38<>"SF",S38<>""),AND(U38<>"NA",U38<>"C",U38<>"NC",U38<>"SF",U38<>""),AND(W38<>"NA",W38<>"C",W38<>"NC",W38<>"SF",W38<>""),AND(Y38<>"NA",Y38<>"C",Y38<>"NC",Y38<>"SF",Y38<>""),AND(AA38<>"NA",AA38<>"C",AA38<>"NC",AA38<>"SF",AA38<>""),AND(AC38<>"NA",AC38<>"C",AC38<>"NC",AC38<>"SF",AC38<>"")),"FALSO",IF(AND(O38="NA",Q38="NA",S38="NA",U38="NA",W38="NA",Y38="NA",AA38="NA",AC38="NA"),"NA",IF(OR(O38="NC",Q38="NC",S38="NC",U38="NC",W38="NC",Y38="NC",AA38="NC",AC38="NC",O38="SF",Q38="SF",S38="SF",U38="SF",W38="SF",Y38="SF",AA38="SF",AC38="SF"),"NC",IF(OR(O38="C",Q38="C",S38="C",U38="C",W38="C",Y38="C",AA38="C",AC38="C"),"C",""))))) | AG38: =IF(AND(AE38="C",AF38="C"),"UTILIZOU O PDA CORRETAMENTE",IF(AND(AE38="C",AF38="NC"),"UTILIZOU O PDA CORRETAMENTE. NÃO HÁ FOTOS DE TODAS AS ETAPAS",IF(AND(AE38="NC",AF38="NC"),"NÃO UTILIZOU O PDA",IF(AND(AE38="NA",AF38="NA"),"NÃO AVALIADO POR FALHA DE SINCRONISMO")))) -> FALSE | AI38: GOPOÚVA | AJ38: =E38 -> GUARULHOS | AK38: ÁGUA | AL38: 0.59080309 | AM38: {=IF(OR(O38<>"", SUMPRODUCT(($AN$2:$AN$5000=AN38)*($AL$2:$AL$5000<=AL38)) <= (COUNTIF($AN$2:$AN$5000,AN38)*0.5)), "SORTEADO", "-")} -> - | AN38: 02/04/2026
A39: ONMG - DIV MANUT SERV OPE GOPOÚVA | B39: 2613597177 | C39: LIGAÇÃO DE ÁGUA EM CAVALETE MULTIPLO | D39: LIGAÇÃO DE ÁGUA | E39: GUARULHOS | F39: RUA GUARUMOMIS | G39: 100 | H39: A C/2 | I39: JD PARAISO | J39: LIGAÇÃO DE AGUA EM CAVALETE MÚLTIPLO | K39: REPOSIÇÃO CONCRETO PASSEIO ADAJACNETE 1X1 REPOSIÇÃO CONCRETO TERÇO OPOSTO 1X1 FOTOS NA REDE | L39: 02/04/2026 | M39: 46057.292 | N39: CICERO XAVIER DA SILVA | O39: NA | Q39: NA | S39: NA | U39: NA | W39: NA | Y39: NA | AA39: NA | AC39: NA | AE39: NA | AF39: =IF(AND(O39="",Q39="",S39="",U39="",W39="",Y39="",AA39="",AC39=""),"",IF(OR(AND(O39<>"NA",O39<>"C",O39<>"NC",O39<>"SF",O39<>""),AND(Q39<>"NA",Q39<>"C",Q39<>"NC",Q39<>"SF",Q39<>""),AND(S39<>"NA",S39<>"C",S39<>"NC",S39<>"SF",S39<>""),AND(U39<>"NA",U39<>"C",U39<>"NC",U39<>"SF",U39<>""),AND(W39<>"NA",W39<>"C",W39<>"NC",W39<>"SF",W39<>""),AND(Y39<>"NA",Y39<>"C",Y39<>"NC",Y39<>"SF",Y39<>""),AND(AA39<>"NA",AA39<>"C",AA39<>"NC",AA39<>"SF",AA39<>""),AND(AC39<>"NA",AC39<>"C",AC39<>"NC",AC39<>"SF",AC39<>"")),"FALSO",IF(AND(O39="NA",Q39="NA",S39="NA",U39="NA",W39="NA",Y39="NA",AA39="NA",AC39="NA"),"NA",IF(OR(O39="NC",Q39="NC",S39="NC",U39="NC",W39="NC",Y39="NC",AA39="NC",AC39="NC",O39="SF",Q39="SF",S39="SF",U39="SF",W39="SF",Y39="SF",AA39="SF",AC39="SF"),"NC",IF(OR(O39="C",Q39="C",S39="C",U39="C",W39="C",Y39="C",AA39="C",AC39="C"),"C",""))))) -> NA | AG39: =IF(AND(AE39="C",AF39="C"),"UTILIZOU O PDA CORRETAMENTE",IF(AND(AE39="C",AF39="NC"),"UTILIZOU O PDA CORRETAMENTE. NÃO HÁ FOTOS DE TODAS AS ETAPAS",IF(AND(AE39="NC",AF39="NC"),"NÃO UTILIZOU O PDA",IF(AND(AE39="NA",AF39="NA"),"NÃO AVALIADO POR FALHA DE SINCRONISMO")))) -> NÃO AVALIADO POR FALHA DE SINCRONISMO | AH39: C | AI39: GOPOÚVA | AJ39: =E39 -> GUARULHOS | AK39: ÁGUA | AL39: -0.0076 | AM39: {=IF(OR(O39<>"", SUMPRODUCT(($AN$2:$AN$5000=AN39)*($AL$2:$AL$5000<=AL39)) <= (COUNTIF($AN$2:$AN$5000,AN39)*0.5)), "SORTEADO", "-")} -> SORTEADO | AN39: 02/04/2026
A40: ONMG - DIV MANUT SERV OPE GOPOÚVA | B40: 2613597155 | C40: LIGAÇÃO DE ÁGUA EM CAVALETE MULTIPLO | D40: LIGAÇÃO DE ÁGUA | E40: GUARULHOS | F40: RUA GUARUMOMIS | G40: 100 | H40: A C/1 | I40: JD PARAISO | J40: LIGAÇÃO DE AGUA EM CAVALETE MÚLTIPLO | K40: REPOSIÇÃO CONCRETO PASSEIO ADAJACNETE 1X1 REPOSIÇÃO CONCRETO TERÇO OPOSTO 1X1 FOTOS NA REDE | L40: 02/04/2026 | M40: 46057.292 | N40: CICERO XAVIER DA SILVA | O40: NA | Q40: NA | S40: NA | U40: NA | W40: NA | Y40: NA | AA40: NA | AC40: NA | AE40: NA | AF40: =IF(AND(O40="",Q40="",S40="",U40="",W40="",Y40="",AA40="",AC40=""),"",IF(OR(AND(O40<>"NA",O40<>"C",O40<>"NC",O40<>"SF",O40<>""),AND(Q40<>"NA",Q40<>"C",Q40<>"NC",Q40<>"SF",Q40<>""),AND(S40<>"NA",S40<>"C",S40<>"NC",S40<>"SF",S40<>""),AND(U40<>"NA",U40<>"C",U40<>"NC",U40<>"SF",U40<>""),AND(W40<>"NA",W40<>"C",W40<>"NC",W40<>"SF",W40<>""),AND(Y40<>"NA",Y40<>"C",Y40<>"NC",Y40<>"SF",Y40<>""),AND(AA40<>"NA",AA40<>"C",AA40<>"NC",AA40<>"SF",AA40<>""),AND(AC40<>"NA",AC40<>"C",AC40<>"NC",AC40<>"SF",AC40<>"")),"FALSO",IF(AND(O40="NA",Q40="NA",S40="NA",U40="NA",W40="NA",Y40="NA",AA40="NA",AC40="NA"),"NA",IF(OR(O40="NC",Q40="NC",S40="NC",U40="NC",W40="NC",Y40="NC",AA40="NC",AC40="NC",O40="SF",Q40="SF",S40="SF",U40="SF",W40="SF",Y40="SF",AA40="SF",AC40="SF"),"NC",IF(OR(O40="C",Q40="C",S40="C",U40="C",W40="C",Y40="C",AA40="C",AC40="C"),"C",""))))) -> NA | AG40: =IF(AND(AE40="C",AF40="C"),"UTILIZOU O PDA CORRETAMENTE",IF(AND(AE40="C",AF40="NC"),"UTILIZOU O PDA CORRETAMENTE. NÃO HÁ FOTOS DE TODAS AS ETAPAS",IF(AND(AE40="NC",AF40="NC"),"NÃO UTILIZOU O PDA",IF(AND(AE40="NA",AF40="NA"),"NÃO AVALIADO POR FALHA DE SINCRONISMO")))) -> NÃO AVALIADO POR FALHA DE SINCRONISMO | AH40: C | AI40: GOPOÚVA | AJ40: =E40 -> GUARULHOS | AK40: ÁGUA | AL40: -0.0078 | AM40: {=IF(OR(O40<>"", SUMPRODUCT(($AN$2:$AN$5000=AN40)*($AL$2:$AL$5000<=AL40)) <= (COUNTIF($AN$2:$AN$5000,AN40)*0.5)), "SORTEADO", "-")} -> SORTEADO | AN40: 02/04/2026
A41: ONMG - DIV MANUT SERV OPE GOPOÚVA | B41: 2613597181 | C41: LIGAÇÃO DE ÁGUA EM CAVALETE MULTIPLO | D41: LIGAÇÃO DE ÁGUA | E41: GUARULHOS | F41: RUA GUARUMOMIS | G41: 100 | H41: A C/3 | I41: JD PARAISO | J41: LIGAÇÃO DE AGUA EM CAVALETE MÚLTIPLO | K41: REPOSIÇÃO CONCRETO PASSEIO ADAJACNETE 1X1 REPOSIÇÃO CONCRETO TERÇO OPOSTO 1X1 FOTOS NA REDE | L41: 02/04/2026 | M41: 46057.292 | N41: CICERO XAVIER DA SILVA | O41: NA | Q41: NA | S41: NA | U41: NA | W41: NA | Y41: NA | AA41: NA | AC41: NA | AE41: NA | AF41: =IF(AND(O41="",Q41="",S41="",U41="",W41="",Y41="",AA41="",AC41=""),"",IF(OR(AND(O41<>"NA",O41<>"C",O41<>"NC",O41<>"SF",O41<>""),AND(Q41<>"NA",Q41<>"C",Q41<>"NC",Q41<>"SF",Q41<>""),AND(S41<>"NA",S41<>"C",S41<>"NC",S41<>"SF",S41<>""),AND(U41<>"NA",U41<>"C",U41<>"NC",U41<>"SF",U41<>""),AND(W41<>"NA",W41<>"C",W41<>"NC",W41<>"SF",W41<>""),AND(Y41<>"NA",Y41<>"C",Y41<>"NC",Y41<>"SF",Y41<>""),AND(AA41<>"NA",AA41<>"C",AA41<>"NC",AA41<>"SF",AA41<>""),AND(AC41<>"NA",AC41<>"C",AC41<>"NC",AC41<>"SF",AC41<>"")),"FALSO",IF(AND(O41="NA",Q41="NA",S41="NA",U41="NA",W41="NA",Y41="NA",AA41="NA",AC41="NA"),"NA",IF(OR(O41="NC",Q41="NC",S41="NC",U41="NC",W41="NC",Y41="NC",AA41="NC",AC41="NC",O41="SF",Q41="SF",S41="SF",U41="SF",W41="SF",Y41="SF",AA41="SF",AC41="SF"),"NC",IF(OR(O41="C",Q41="C",S41="C",U41="C",W41="C",Y41="C",AA41="C",AC41="C"),"C",""))))) -> NA | AG41: =IF(AND(AE41="C",AF41="C"),"UTILIZOU O PDA CORRETAMENTE",IF(AND(AE41="C",AF41="NC"),"UTILIZOU O PDA CORRETAMENTE. NÃO HÁ FOTOS DE TODAS AS ETAPAS",IF(AND(AE41="NC",AF41="NC"),"NÃO UTILIZOU O PDA",IF(AND(AE41="NA",AF41="NA"),"NÃO AVALIADO POR FALHA DE SINCRONISMO")))) -> NÃO AVALIADO POR FALHA DE SINCRONISMO | AH41: C | AI41: GOPOÚVA | AJ41: =E41 -> GUARULHOS | AK41: ÁGUA | AL41: -0.008 | AM41: {=IF(OR(O41<>"", SUMPRODUCT(($AN$2:$AN$5000=AN41)*($AL$2:$AL$5000<=AL41)) <= (COUNTIF($AN$2:$AN$5000,AN41)*0.5)), "SORTEADO", "-")} -> SORTEADO | AN41: 02/04/2026
A42: ONMG - DIV MANUT SERV OPE GOPOÚVA | B42: 2613599104 | C42: LIGAÇÃO DE ÁGUA S/V | D42: LIGAÇÃO DE ÁGUA | E42: GUARULHOS | F42: RUA ODORICO JOSE DE BIM | G42: 148 | I42: PQ CONTINENTAL IV | J42: LIGAÇÃO DE ÁGUA S/V | K42: obs : a vala ficou muito grande por isso nao colocamos asfalto frio mas carimbamos nas laterais da vala alertando que é provisorio . | L42: 02/04/2026 | M42: 46057.5 | N42: RENATO RAMOS MANCCINI | O42: C | Q42: C | S42: C | U42: C | W42: C | Y42: C | AA42: C | AC42: C | AE42: C | AF42: =IF(AND(O42="",Q42="",S42="",U42="",W42="",Y42="",AA42="",AC42=""),"",IF(OR(AND(O42<>"NA",O42<>"C",O42<>"NC",O42<>"SF",O42<>""),AND(Q42<>"NA",Q42<>"C",Q42<>"NC",Q42<>"SF",Q42<>""),AND(S42<>"NA",S42<>"C",S42<>"NC",S42<>"SF",S42<>""),AND(U42<>"NA",U42<>"C",U42<>"NC",U42<>"SF",U42<>""),AND(W42<>"NA",W42<>"C",W42<>"NC",W42<>"SF",W42<>""),AND(Y42<>"NA",Y42<>"C",Y42<>"NC",Y42<>"SF",Y42<>""),AND(AA42<>"NA",AA42<>"C",AA42<>"NC",AA42<>"SF",AA42<>""),AND(AC42<>"NA",AC42<>"C",AC42<>"NC",AC42<>"SF",AC42<>"")),"FALSO",IF(AND(O42="NA",Q42="NA",S42="NA",U42="NA",W42="NA",Y42="NA",AA42="NA",AC42="NA"),"NA",IF(OR(O42="NC",Q42="NC",S42="NC",U42="NC",W42="NC",Y42="NC",AA42="NC",AC42="NC",O42="SF",Q42="SF",S42="SF",U42="SF",W42="SF",Y42="SF",AA42="SF",AC42="SF"),"NC",IF(OR(O42="C",Q42="C",S42="C",U42="C",W42="C",Y42="C",AA42="C",AC42="C"),"C",""))))) -> C | AG42: =IF(AND(AE42="C",AF42="C"),"UTILIZOU O PDA CORRETAMENTE",IF(AND(AE42="C",AF42="NC"),"UTILIZOU O PDA CORRETAMENTE. NÃO HÁ FOTOS DE TODAS AS ETAPAS",IF(AND(AE42="NC",AF42="NC"),"NÃO UTILIZOU O PDA",IF(AND(AE42="NA",AF42="NA"),"NÃO AVALIADO POR FALHA DE SINCRONISMO")))) -> UTILIZOU O PDA CORRETAMENTE | AH42: C | AI42: GOPOÚVA | AJ42: =E42 -> GUARULHOS | AK42: ÁGUA | AL42: -0.0082 | AM42: {=IF(OR(O42<>"", SUMPRODUCT(($AN$2:$AN$5000=AN42)*($AL$2:$AL$5000<=AL42)) <= (COUNTIF($AN$2:$AN$5000,AN42)*0.5)), "SORTEADO", "-")} -> SORTEADO | AN42: 02/04/2026
A43: ONMG - DIV MANUT SERV OPE GOPOÚVA | B43: 2613681820 | C43: LIGAÇÃO DE ÁGUA S/V | D43: LIGAÇÃO DE ÁGUA | E43: GUARULHOS | F43: RUA LOURDES AGOSTINHO | G43: 44 | I43: JD PAULISTA | J43: LIGAÇÃO DE ÁGUA S/V | K43: rua sem saida | L43: 02/04/2026 | M43: 46057.724 | N43: RENATO RAMOS MANCCINI | O43: C | Q43: C | S43: C | U43: C | W43: C | Y43: C | AA43: C | AC43: C | AE43: C | AF43: =IF(AND(O43="",Q43="",S43="",U43="",W43="",Y43="",AA43="",AC43=""),"",IF(OR(AND(O43<>"NA",O43<>"C",O43<>"NC",O43<>"SF",O43<>""),AND(Q43<>"NA",Q43<>"C",Q43<>"NC",Q43<>"SF",Q43<>""),AND(S43<>"NA",S43<>"C",S43<>"NC",S43<>"SF",S43<>""),AND(U43<>"NA",U43<>"C",U43<>"NC",U43<>"SF",U43<>""),AND(W43<>"NA",W43<>"C",W43<>"NC",W43<>"SF",W43<>""),AND(Y43<>"NA",Y43<>"C",Y43<>"NC",Y43<>"SF",Y43<>""),AND(AA43<>"NA",AA43<>"C",AA43<>"NC",AA43<>"SF",AA43<>""),AND(AC43<>"NA",AC43<>"C",AC43<>"NC",AC43<>"SF",AC43<>"")),"FALSO",IF(AND(O43="NA",Q43="NA",S43="NA",U43="NA",W43="NA",Y43="NA",AA43="NA",AC43="NA"),"NA",IF(OR(O43="NC",Q43="NC",S43="NC",U43="NC",W43="NC",Y43="NC",AA43="NC",AC43="NC",O43="SF",Q43="SF",S43="SF",U43="SF",W43="SF",Y43="SF",AA43="SF",AC43="SF"),"NC",IF(OR(O43="C",Q43="C",S43="C",U43="C",W43="C",Y43="C",AA43="C",AC43="C"),"C",""))))) -> C | AG43: =IF(AND(AE43="C",AF43="C"),"UTILIZOU O PDA CORRETAMENTE",IF(AND(AE43="C",AF43="NC"),"UTILIZOU O PDA CORRETAMENTE. NÃO HÁ FOTOS DE TODAS AS ETAPAS",IF(AND(AE43="NC",AF43="NC"),"NÃO UTILIZOU O PDA",IF(AND(AE43="NA",AF43="NA"),"NÃO AVALIADO POR FALHA DE SINCRONISMO")))) -> UTILIZOU O PDA CORRETAMENTE | AH43: C | AI43: GOPOÚVA | AJ43: =E43 -> GUARULHOS | AK43: ÁGUA | AL43: -0.0084 | AM43: {=IF(OR(O43<>"", SUMPRODUCT(($AN$2:$AN$5000=AN43)*($AL$2:$AL$5000<=AL43)) <= (COUNTIF($AN$2:$AN$5000,AN43)*0.5)), "SORTEADO", "-")} -> SORTEADO | AN43: 02/04/2026
A44: ONMG - DIV MANUT SERV OPE GOPOÚVA | B44: 2613885376 | C44: SONDAR REDE DE ÁGUA | D44: OUTROS SERVIÇOS DE ÁGUA | E44: GUARULHOS | F44: RUA CONCEICAO DO RIO VERDE | G44: 551 | H44: ANT . 55 | I44: V SITIO DOS MORROS | J44: SONDAGEM DE REDE DE AGUA | K44: baixando sem fotos devido chuvas fortes. programação ciente | L44: 02/04/2026 | M44: 46057.319 | N44: ALISSON ARAUJO DA SILVA | AF44: =IF(AND(O44="",Q44="",S44="",U44="",W44="",Y44="",AA44="",AC44=""),"",IF(OR(AND(O44<>"NA",O44<>"C",O44<>"NC",O44<>"SF",O44<>""),AND(Q44<>"NA",Q44<>"C",Q44<>"NC",Q44<>"SF",Q44<>""),AND(S44<>"NA",S44<>"C",S44<>"NC",S44<>"SF",S44<>""),AND(U44<>"NA",U44<>"C",U44<>"NC",U44<>"SF",U44<>""),AND(W44<>"NA",W44<>"C",W44<>"NC",W44<>"SF",W44<>""),AND(Y44<>"NA",Y44<>"C",Y44<>"NC",Y44<>"SF",Y44<>""),AND(AA44<>"NA",AA44<>"C",AA44<>"NC",AA44<>"SF",AA44<>""),AND(AC44<>"NA",AC44<>"C",AC44<>"NC",AC44<>"SF",AC44<>"")),"FALSO",IF(AND(O44="NA",Q44="NA",S44="NA",U44="NA",W44="NA",Y44="NA",AA44="NA",AC44="NA"),"NA",IF(OR(O44="NC",Q44="NC",S44="NC",U44="NC",W44="NC",Y44="NC",AA44="NC",AC44="NC",O44="SF",Q44="SF",S44="SF",U44="SF",W44="SF",Y44="SF",AA44="SF",AC44="SF"),"NC",IF(OR(O44="C",Q44="C",S44="C",U44="C",W44="C",Y44="C",AA44="C",AC44="C"),"C",""))))) | AG44: =IF(AND(AE44="C",AF44="C"),"UTILIZOU O PDA CORRETAMENTE",IF(AND(AE44="C",AF44="NC"),"UTILIZOU O PDA CORRETAMENTE. NÃO HÁ FOTOS DE TODAS AS ETAPAS",IF(AND(AE44="NC",AF44="NC"),"NÃO UTILIZOU O PDA",IF(AND(AE44="NA",AF44="NA"),"NÃO AVALIADO POR FALHA DE SINCRONISMO")))) -> FALSE | AI44: GOPOÚVA | AJ44: =E44 -> GUARULHOS | AK44: ÁGUA | AL44: 0.48687535 | AM44: {=IF(OR(O44<>"", SUMPRODUCT(($AN$2:$AN$5000=AN44)*($AL$2:$AL$5000<=AL44)) <= (COUNTIF($AN$2:$AN$5000,AN44)*0.5)), "SORTEADO", "-")} -> - | AN44: 02/04/2026
A45: ONMG - DIV MANUT SERV OPE GOPOÚVA | B45: 2613942909 | C45: SONDAR REDE DE ÁGUA | D45: OUTROS SERVIÇOS DE ÁGUA | E45: GUARULHOS | F45: RUA CONCEICAO DO RIO VERDE | G45: 478 | H45: CASA 01 | I45: V SITIO DOS MORROS | J45: SONDAGEM DE REDE DE AGUA | K45: fotos via wattsap, número 556 | L45: 02/04/2026 | M45: 46057.642 | N45: ALISSON ARAUJO DA SILVA | AF45: =IF(AND(O45="",Q45="",S45="",U45="",W45="",Y45="",AA45="",AC45=""),"",IF(OR(AND(O45<>"NA",O45<>"C",O45<>"NC",O45<>"SF",O45<>""),AND(Q45<>"NA",Q45<>"C",Q45<>"NC",Q45<>"SF",Q45<>""),AND(S45<>"NA",S45<>"C",S45<>"NC",S45<>"SF",S45<>""),AND(U45<>"NA",U45<>"C",U45<>"NC",U45<>"SF",U45<>""),AND(W45<>"NA",W45<>"C",W45<>"NC",W45<>"SF",W45<>""),AND(Y45<>"NA",Y45<>"C",Y45<>"NC",Y45<>"SF",Y45<>""),AND(AA45<>"NA",AA45<>"C",AA45<>"NC",AA45<>"SF",AA45<>""),AND(AC45<>"NA",AC45<>"C",AC45<>"NC",AC45<>"SF",AC45<>"")),"FALSO",IF(AND(O45="NA",Q45="NA",S45="NA",U45="NA",W45="NA",Y45="NA",AA45="NA",AC45="NA"),"NA",IF(OR(O45="NC",Q45="NC",S45="NC",U45="NC",W45="NC",Y45="NC",AA45="NC",AC45="NC",O45="SF",Q45="SF",S45="SF",U45="SF",W45="SF",Y45="SF",AA45="SF",AC45="SF"),"NC",IF(OR(O45="C",Q45="C",S45="C",U45="C",W45="C",Y45="C",AA45="C",AC45="C"),"C",""))))) | AG45: =IF(AND(AE45="C",AF45="C"),"UTILIZOU O PDA CORRETAMENTE",IF(AND(AE45="C",AF45="NC"),"UTILIZOU O PDA CORRETAMENTE. NÃO HÁ FOTOS DE TODAS AS ETAPAS",IF(AND(AE45="NC",AF45="NC"),"NÃO UTILIZOU O PDA",IF(AND(AE45="NA",AF45="NA"),"NÃO AVALIADO POR FALHA DE SINCRONISMO")))) -> FALSE | AI45: GOPOÚVA | AJ45: =E45 -> GUARULHOS | AK45: ÁGUA | AL45: 0.83451318 | AM45: {=IF(OR(O45<>"", SUMPRODUCT(($AN$2:$AN$5000=AN45)*($AL$2:$AL$5000<=AL45)) <= (COUNTIF($AN$2:$AN$5000,AN45)*0.5)), "SORTEADO", "-")} -> - | AN45: 02/04/2026
A46: ONMG - DIV MANUT SERV OPE GOPOÚVA | B46: 2613907612 | C46: VAZAMENTO DE ÁGUA NÃO VISÍVEL REDE | D46: VAZAMENTO DE ÁGUA | E46: GUARULHOS | F46: RUA CONCEICAO DO RIO VERDE | G46: 559 | H46: ANT . 57 | I46: V SITIO DOS MORROS | J46: REPARO DE REDE DE AGUA NÃO VISIVEL | K46: material usado tripartida de 200 , 1 metro de tubo 200 , 2 luvas pvc 4 metros de tubo pvc 75 , anexos faltando devido escuro | L46: 02/04/2026 | M46: 46057.953 | N46: ALISSON ARAUJO DA SILVA | AF46: =IF(AND(O46="",Q46="",S46="",U46="",W46="",Y46="",AA46="",AC46=""),"",IF(OR(AND(O46<>"NA",O46<>"C",O46<>"NC",O46<>"SF",O46<>""),AND(Q46<>"NA",Q46<>"C",Q46<>"NC",Q46<>"SF",Q46<>""),AND(S46<>"NA",S46<>"C",S46<>"NC",S46<>"SF",S46<>""),AND(U46<>"NA",U46<>"C",U46<>"NC",U46<>"SF",U46<>""),AND(W46<>"NA",W46<>"C",W46<>"NC",W46<>"SF",W46<>""),AND(Y46<>"NA",Y46<>"C",Y46<>"NC",Y46<>"SF",Y46<>""),AND(AA46<>"NA",AA46<>"C",AA46<>"NC",AA46<>"SF",AA46<>""),AND(AC46<>"NA",AC46<>"C",AC46<>"NC",AC46<>"SF",AC46<>"")),"FALSO",IF(AND(O46="NA",Q46="NA",S46="NA",U46="NA",W46="NA",Y46="NA",AA46="NA",AC46="NA"),"NA",IF(OR(O46="NC",Q46="NC",S46="NC",U46="NC",W46="NC",Y46="NC",AA46="NC",AC46="NC",O46="SF",Q46="SF",S46="SF",U46="SF",W46="SF",Y46="SF",AA46="SF",AC46="SF"),"NC",IF(OR(O46="C",Q46="C",S46="C",U46="C",W46="C",Y46="C",AA46="C",AC46="C"),"C",""))))) | AG46: =IF(AND(AE46="C",AF46="C"),"UTILIZOU O PDA CORRETAMENTE",IF(AND(AE46="C",AF46="NC"),"UTILIZOU O PDA CORRETAMENTE. NÃO HÁ FOTOS DE TODAS AS ETAPAS",IF(AND(AE46="NC",AF46="NC"),"NÃO UTILIZOU O PDA",IF(AND(AE46="NA",AF46="NA"),"NÃO AVALIADO POR FALHA DE SINCRONISMO")))) -> FALSE | AI46: GOPOÚVA | AJ46: =E46 -> GUARULHOS | AK46: ÁGUA | AL46: 0.83851375 | AM46: {=IF(OR(O46<>"", SUMPRODUCT(($AN$2:$AN$5000=AN46)*($AL$2:$AL$5000<=AL46)) <= (COUNTIF($AN$2:$AN$5000,AN46)*0.5)), "SORTEADO", "-")} -> - | AN46: 02/04/2026
A47: ONMG - DIV MANUT SERV OPE GOPOÚVA | B47: 2613899889 | C47: VAZAMENTO DE ÁGUA LEITO PAVIMENTADO | D47: VAZAMENTO DE ÁGUA | E47: GUARULHOS | F47: RUA RIBEIRAO DO SUL | G47: 99 | I47: RECREIO SAO JORGE | J47: REPARO DE REDE DE AGUA | L47: 02/04/2026 | M47: 46057.54 | N47: ADIMILSON SOUZA OLIVEIRA | O47: C | Q47: C | S47: C | U47: C | W47: C | Y47: NA | AA47: C | AC47: C | AE47: C | AF47: =IF(AND(O47="",Q47="",S47="",U47="",W47="",Y47="",AA47="",AC47=""),"",IF(OR(AND(O47<>"NA",O47<>"C",O47<>"NC",O47<>"SF",O47<>""),AND(Q47<>"NA",Q47<>"C",Q47<>"NC",Q47<>"SF",Q47<>""),AND(S47<>"NA",S47<>"C",S47<>"NC",S47<>"SF",S47<>""),AND(U47<>"NA",U47<>"C",U47<>"NC",U47<>"SF",U47<>""),AND(W47<>"NA",W47<>"C",W47<>"NC",W47<>"SF",W47<>""),AND(Y47<>"NA",Y47<>"C",Y47<>"NC",Y47<>"SF",Y47<>""),AND(AA47<>"NA",AA47<>"C",AA47<>"NC",AA47<>"SF",AA47<>""),AND(AC47<>"NA",AC47<>"C",AC47<>"NC",AC47<>"SF",AC47<>"")),"FALSO",IF(AND(O47="NA",Q47="NA",S47="NA",U47="NA",W47="NA",Y47="NA",AA47="NA",AC47="NA"),"NA",IF(OR(O47="NC",Q47="NC",S47="NC",U47="NC",W47="NC",Y47="NC",AA47="NC",AC47="NC",O47="SF",Q47="SF",S47="SF",U47="SF",W47="SF",Y47="SF",AA47="SF",AC47="SF"),"NC",IF(OR(O47="C",Q47="C",S47="C",U47="C",W47="C",Y47="C",AA47="C",AC47="C"),"C",""))))) -> C | AG47: =IF(AND(AE47="C",AF47="C"),"UTILIZOU O PDA CORRETAMENTE",IF(AND(AE47="C",AF47="NC"),"UTILIZOU O PDA CORRETAMENTE. NÃO HÁ FOTOS DE TODAS AS ETAPAS",IF(AND(AE47="NC",AF47="NC"),"NÃO UTILIZOU O PDA",IF(AND(AE47="NA",AF47="NA"),"NÃO AVALIADO POR FALHA DE SINCRONISMO")))) -> UTILIZOU O PDA CORRETAMENTE | AH47: C | AI47: GOPOÚVA | AJ47: =E47 -> GUARULHOS | AK47: ÁGUA | AL47: 0.22195018 | AM47: {=IF(OR(O47<>"", SUMPRODUCT(($AN$2:$AN$5000=AN47)*($AL$2:$AL$5000<=AL47)) <= (COUNTIF($AN$2:$AN$5000,AN47)*0.5)), "SORTEADO", "-")} -> SORTEADO | AN47: 02/04/2026
A48: ONMG - DIV MANUT SERV OPE GOPOÚVA | B48: 2613903810 | C48: VAZAMENTO DE ÁGUA NÃO VISÍVEL REDE | D48: VAZAMENTO DE ÁGUA | E48: GUARULHOS | F48: RUA ALEGRE | G48: 791 | H48: . | I48: V SAO RAFAEL | J48: REPARO DE REDE DE AGUA NÃO VISIVEL | K48: nao fazer dcp rede raza ,nao a reposicao devido asfalto esta marcado pra frezar | L48: 02/04/2026 | M48: 46057.424 | N48: HENRIQUE ANDRADE PEREIRA | O48: C | Q48: C | S48: C | U48: C | W48: C | Y48: NA | AA48: C | AC48: C | AE48: C | AF48: =IF(AND(O48="",Q48="",S48="",U48="",W48="",Y48="",AA48="",AC48=""),"",IF(OR(AND(O48<>"NA",O48<>"C",O48<>"NC",O48<>"SF",O48<>""),AND(Q48<>"NA",Q48<>"C",Q48<>"NC",Q48<>"SF",Q48<>""),AND(S48<>"NA",S48<>"C",S48<>"NC",S48<>"SF",S48<>""),AND(U48<>"NA",U48<>"C",U48<>"NC",U48<>"SF",U48<>""),AND(W48<>"NA",W48<>"C",W48<>"NC",W48<>"SF",W48<>""),AND(Y48<>"NA",Y48<>"C",Y48<>"NC",Y48<>"SF",Y48<>""),AND(AA48<>"NA",AA48<>"C",AA48<>"NC",AA48<>"SF",AA48<>""),AND(AC48<>"NA",AC48<>"C",AC48<>"NC",AC48<>"SF",AC48<>"")),"FALSO",IF(AND(O48="NA",Q48="NA",S48="NA",U48="NA",W48="NA",Y48="NA",AA48="NA",AC48="NA"),"NA",IF(OR(O48="NC",Q48="NC",S48="NC",U48="NC",W48="NC",Y48="NC",AA48="NC",AC48="NC",O48="SF",Q48="SF",S48="SF",U48="SF",W48="SF",Y48="SF",AA48="SF",AC48="SF"),"NC",IF(OR(O48="C",Q48="C",S48="C",U48="C",W48="C",Y48="C",AA48="C",AC48="C"),"C",""))))) -> C | AG48: =IF(AND(AE48="C",AF48="C"),"UTILIZOU O PDA CORRETAMENTE",IF(AND(AE48="C",AF48="NC"),"UTILIZOU O PDA CORRETAMENTE. NÃO HÁ FOTOS DE TODAS AS ETAPAS",IF(AND(AE48="NC",AF48="NC"),"NÃO UTILIZOU O PDA",IF(AND(AE48="NA",AF48="NA"),"NÃO AVALIADO POR FALHA DE SINCRONISMO")))) -> UTILIZOU O PDA CORRETAMENTE | AH48: C | AI48: GOPOÚVA | AJ48: =E48 -> GUARULHOS | AK48: ÁGUA | AL48: 0.35424415 | AM48: {=IF(OR(O48<>"", SUMPRODUCT(($AN$2:$AN$5000=AN48)*($AL$2:$AL$5000<=AL48)) <= (COUNTIF($AN$2:$AN$5000,AN48)*0.5)), "SORTEADO", "-")} -> SORTEADO | AN48: 02/04/2026
A49: ONMG - DIV MANUT SERV OPE GOPOÚVA | B49: 2613867309 | C49: TROCAR RAMAL DE ÁGUA PREVENTIVA | D49: RAMAL DE ÁGUA | E49: GUARULHOS | F49: RUA MARQUES DE BECARIA CESARE BONESANA | G49: 153 | I49: MONTE CARMELO | J49: TROCA DE RAMAL DE AGUA PREVENTIVA | K49: todas as fotos estao na os 2613867309,,, TRA ATE O PE DO CAVALETE | L49: 02/04/2026 | M49: 46057.623 | N49: EDILSON DA SILVA DE ALMEIDA | AF49: =IF(AND(O49="",Q49="",S49="",U49="",W49="",Y49="",AA49="",AC49=""),"",IF(OR(AND(O49<>"NA",O49<>"C",O49<>"NC",O49<>"SF",O49<>""),AND(Q49<>"NA",Q49<>"C",Q49<>"NC",Q49<>"SF",Q49<>""),AND(S49<>"NA",S49<>"C",S49<>"NC",S49<>"SF",S49<>""),AND(U49<>"NA",U49<>"C",U49<>"NC",U49<>"SF",U49<>""),AND(W49<>"NA",W49<>"C",W49<>"NC",W49<>"SF",W49<>""),AND(Y49<>"NA",Y49<>"C",Y49<>"NC",Y49<>"SF",Y49<>""),AND(AA49<>"NA",AA49<>"C",AA49<>"NC",AA49<>"SF",AA49<>""),AND(AC49<>"NA",AC49<>"C",AC49<>"NC",AC49<>"SF",AC49<>"")),"FALSO",IF(AND(O49="NA",Q49="NA",S49="NA",U49="NA",W49="NA",Y49="NA",AA49="NA",AC49="NA"),"NA",IF(OR(O49="NC",Q49="NC",S49="NC",U49="NC",W49="NC",Y49="NC",AA49="NC",AC49="NC",O49="SF",Q49="SF",S49="SF",U49="SF",W49="SF",Y49="SF",AA49="SF",AC49="SF"),"NC",IF(OR(O49="C",Q49="C",S49="C",U49="C",W49="C",Y49="C",AA49="C",AC49="C"),"C",""))))) | AG49: =IF(AND(AE49="C",AF49="C"),"UTILIZOU O PDA CORRETAMENTE",IF(AND(AE49="C",AF49="NC"),"UTILIZOU O PDA CORRETAMENTE. NÃO HÁ FOTOS DE TODAS AS ETAPAS",IF(AND(AE49="NC",AF49="NC"),"NÃO UTILIZOU O PDA",IF(AND(AE49="NA",AF49="NA"),"NÃO AVALIADO POR FALHA DE SINCRONISMO")))) -> FALSE | AI49: GOPOÚVA | AJ49: =E49 -> GUARULHOS | AK49: ÁGUA | AL49: 0.73296846 | AM49: {=IF(OR(O49<>"", SUMPRODUCT(($AN$2:$AN$5000=AN49)*($AL$2:$AL$5000<=AL49)) <= (COUNTIF($AN$2:$AN$5000,AN49)*0.5)), "SORTEADO", "-")} -> - | AN49: 02/04/2026
A50: ONMG - DIV MANUT SERV OPE GOPOÚVA | B50: 2613876929 | C50: VAZAMENTO DE ÁGUA LEITO PAVIMENTADO | D50: VAZAMENTO DE ÁGUA | E50: GUARULHOS | F50: AVENIDA NOVA AMERICA | G50: 1244 | H50: ANT 1342 | I50: JD SANTA CECILIA | J50: REPARO DE REDE DE AGUA | K50: DEMAIS FOTOS NA ETAPA DO ASFALTO FRIO | L50: 02/04/2026 | M50: 46057.434 | N50: EDILSON BARRETO DA SILVA | AF50: =IF(AND(O50="",Q50="",S50="",U50="",W50="",Y50="",AA50="",AC50=""),"",IF(OR(AND(O50<>"NA",O50<>"C",O50<>"NC",O50<>"SF",O50<>""),AND(Q50<>"NA",Q50<>"C",Q50<>"NC",Q50<>"SF",Q50<>""),AND(S50<>"NA",S50<>"C",S50<>"NC",S50<>"SF",S50<>""),AND(U50<>"NA",U50<>"C",U50<>"NC",U50<>"SF",U50<>""),AND(W50<>"NA",W50<>"C",W50<>"NC",W50<>"SF",W50<>""),AND(Y50<>"NA",Y50<>"C",Y50<>"NC",Y50<>"SF",Y50<>""),AND(AA50<>"NA",AA50<>"C",AA50<>"NC",AA50<>"SF",AA50<>""),AND(AC50<>"NA",AC50<>"C",AC50<>"NC",AC50<>"SF",AC50<>"")),"FALSO",IF(AND(O50="NA",Q50="NA",S50="NA",U50="NA",W50="NA",Y50="NA",AA50="NA",AC50="NA"),"NA",IF(OR(O50="NC",Q50="NC",S50="NC",U50="NC",W50="NC",Y50="NC",AA50="NC",AC50="NC",O50="SF",Q50="SF",S50="SF",U50="SF",W50="SF",Y50="SF",AA50="SF",AC50="SF"),"NC",IF(OR(O50="C",Q50="C",S50="C",U50="C",W50="C",Y50="C",AA50="C",AC50="C"),"C",""))))) | AG50: =IF(AND(AE50="C",AF50="C"),"UTILIZOU O PDA CORRETAMENTE",IF(AND(AE50="C",AF50="NC"),"UTILIZOU O PDA CORRETAMENTE. NÃO HÁ FOTOS DE TODAS AS ETAPAS",IF(AND(AE50="NC",AF50="NC"),"NÃO UTILIZOU O PDA",IF(AND(AE50="NA",AF50="NA"),"NÃO AVALIADO POR FALHA DE SINCRONISMO")))) -> FALSE | AI50: GOPOÚVA | AJ50: =E50 -> GUARULHOS | AK50: ÁGUA | AL50: 0.87295674 | AM50: {=IF(OR(O50<>"", SUMPRODUCT(($AN$2:$AN$5000=AN50)*($AL$2:$AL$5000<=AL50)) <= (COUNTIF($AN$2:$AN$5000,AN50)*0.5)), "SORTEADO", "-")} -> - | AN50: 02/04/2026
A51: ONMG - DIV MANUT SERV OPE GOPOÚVA | B51: 2613563442 | C51: LIGAÇÃO DE ÁGUA S/V | D51: LIGAÇÃO DE ÁGUA | E51: GUARULHOS | F51: RUA DAS PAINEIRAS | G51: 36 | H51: A | I51: JD SANTA EDWIRGES | J51: LIGAÇÃO DE ÁGUA S/V | K51: fotos anexadas na rede passeio e rua está em obras, sem reposição | L51: 02/04/2026 | M51: 46057.292 | N51: CICERO XAVIER DA SILVA | O51: C | Q51: C | S51: C | U51: C | W51: C | Y51: C | AA51: C | AC51: C | AE51: C | AF51: =IF(AND(O51="",Q51="",S51="",U51="",W51="",Y51="",AA51="",AC51=""),"",IF(OR(AND(O51<>"NA",O51<>"C",O51<>"NC",O51<>"SF",O51<>""),AND(Q51<>"NA",Q51<>"C",Q51<>"NC",Q51<>"SF",Q51<>""),AND(S51<>"NA",S51<>"C",S51<>"NC",S51<>"SF",S51<>""),AND(U51<>"NA",U51<>"C",U51<>"NC",U51<>"SF",U51<>""),AND(W51<>"NA",W51<>"C",W51<>"NC",W51<>"SF",W51<>""),AND(Y51<>"NA",Y51<>"C",Y51<>"NC",Y51<>"SF",Y51<>""),AND(AA51<>"NA",AA51<>"C",AA51<>"NC",AA51<>"SF",AA51<>""),AND(AC51<>"NA",AC51<>"C",AC51<>"NC",AC51<>"SF",AC51<>"")),"FALSO",IF(AND(O51="NA",Q51="NA",S51="NA",U51="NA",W51="NA",Y51="NA",AA51="NA",AC51="NA"),"NA",IF(OR(O51="NC",Q51="NC",S51="NC",U51="NC",W51="NC",Y51="NC",AA51="NC",AC51="NC",O51="SF",Q51="SF",S51="SF",U51="SF",W51="SF",Y51="SF",AA51="SF",AC51="SF"),"NC",IF(OR(O51="C",Q51="C",S51="C",U51="C",W51="C",Y51="C",AA51="C",AC51="C"),"C",""))))) -> C | AG51: =IF(AND(AE51="C",AF51="C"),"UTILIZOU O PDA CORRETAMENTE",IF(AND(AE51="C",AF51="NC"),"UTILIZOU O PDA CORRETAMENTE. NÃO HÁ FOTOS DE TODAS AS ETAPAS",IF(AND(AE51="NC",AF51="NC"),"NÃO UTILIZOU O PDA",IF(AND(AE51="NA",AF51="NA"),"NÃO AVALIADO POR FALHA DE SINCRONISMO")))) -> UTILIZOU O PDA CORRETAMENTE | AH51: C | AI51: GOPOÚVA | AJ51: =E51 -> GUARULHOS | AK51: ÁGUA | AL51: -0.01 | AM51: {=IF(OR(O51<>"", SUMPRODUCT(($AN$2:$AN$5000=AN51)*($AL$2:$AL$5000<=AL51)) <= (COUNTIF($AN$2:$AN$5000,AN51)*0.5)), "SORTEADO", "-")} -> SORTEADO | AN51: 02/04/2026
A52: ONMG - DIV MANUT SERV OPE GOPOÚVA | B52: 2613905393 | C52: VAZAMENTO DE ÁGUA LEITO PAVIMENTADO | D52: VAZAMENTO DE ÁGUA | E52: GUARULHOS | F52: RUA ARACOIABA DA SERRA | G52: 185 | H52: CASA 01 | I52: JD JOVAIA | J52: REPARO DE REDE DE AGUA | L52: 02/04/2026 | M52: 46057.515 | N52: JOSE PETRUCIO SANTOS FILHO | O52: C | Q52: C | S52: C | U52: C | W52: C | Y52: NA | AA52: C | AC52: C | AE52: C | AF52: =IF(AND(O52="",Q52="",S52="",U52="",W52="",Y52="",AA52="",AC52=""),"",IF(OR(AND(O52<>"NA",O52<>"C",O52<>"NC",O52<>"SF",O52<>""),AND(Q52<>"NA",Q52<>"C",Q52<>"NC",Q52<>"SF",Q52<>""),AND(S52<>"NA",S52<>"C",S52<>"NC",S52<>"SF",S52<>""),AND(U52<>"NA",U52<>"C",U52<>"NC",U52<>"SF",U52<>""),AND(W52<>"NA",W52<>"C",W52<>"NC",W52<>"SF",W52<>""),AND(Y52<>"NA",Y52<>"C",Y52<>"NC",Y52<>"SF",Y52<>""),AND(AA52<>"NA",AA52<>"C",AA52<>"NC",AA52<>"SF",AA52<>""),AND(AC52<>"NA",AC52<>"C",AC52<>"NC",AC52<>"SF",AC52<>"")),"FALSO",IF(AND(O52="NA",Q52="NA",S52="NA",U52="NA",W52="NA",Y52="NA",AA52="NA",AC52="NA"),"NA",IF(OR(O52="NC",Q52="NC",S52="NC",U52="NC",W52="NC",Y52="NC",AA52="NC",AC52="NC",O52="SF",Q52="SF",S52="SF",U52="SF",W52="SF",Y52="SF",AA52="SF",AC52="SF"),"NC",IF(OR(O52="C",Q52="C",S52="C",U52="C",W52="C",Y52="C",AA52="C",AC52="C"),"C",""))))) -> C | AG52: =IF(AND(AE52="C",AF52="C"),"UTILIZOU O PDA CORRETAMENTE",IF(AND(AE52="C",AF52="NC"),"UTILIZOU O PDA CORRETAMENTE. NÃO HÁ FOTOS DE TODAS AS ETAPAS",IF(AND(AE52="NC",AF52="NC"),"NÃO UTILIZOU O PDA",IF(AND(AE52="NA",AF52="NA"),"NÃO AVALIADO POR FALHA DE SINCRONISMO")))) -> UTILIZOU O PDA CORRETAMENTE | AH52: C | AI52: GOPOÚVA | AJ52: =E52 -> GUARULHOS | AK52: ÁGUA | AL52: 0.18659471 | AM52: {=IF(OR(O52<>"", SUMPRODUCT(($AN$2:$AN$5000=AN52)*($AL$2:$AL$5000<=AL52)) <= (COUNTIF($AN$2:$AN$5000,AN52)*0.5)), "SORTEADO", "-")} -> SORTEADO | AN52: 02/04/2026
A53: ONMG - DIV MANUT SERV OPE GOPOÚVA | B53: 2689494667 | C53: VAZAMENTO DE ÁGUA LEITO PAVIMENTADO | D53: VAZAMENTO DE ÁGUA | E53: GUARULHOS | F53: RUA CLEMENTE FERREIRA | G53: 155 | I53: JD V GALVAO | J53: REPARO DE REDE DE AGUA | L53: 02/04/2026 | M53: 46057.498 | N53: ADEMAR JOSE VIANA | AF53: =IF(AND(O53="",Q53="",S53="",U53="",W53="",Y53="",AA53="",AC53=""),"",IF(OR(AND(O53<>"NA",O53<>"C",O53<>"NC",O53<>"SF",O53<>""),AND(Q53<>"NA",Q53<>"C",Q53<>"NC",Q53<>"SF",Q53<>""),AND(S53<>"NA",S53<>"C",S53<>"NC",S53<>"SF",S53<>""),AND(U53<>"NA",U53<>"C",U53<>"NC",U53<>"SF",U53<>""),AND(W53<>"NA",W53<>"C",W53<>"NC",W53<>"SF",W53<>""),AND(Y53<>"NA",Y53<>"C",Y53<>"NC",Y53<>"SF",Y53<>""),AND(AA53<>"NA",AA53<>"C",AA53<>"NC",AA53<>"SF",AA53<>""),AND(AC53<>"NA",AC53<>"C",AC53<>"NC",AC53<>"SF",AC53<>"")),"FALSO",IF(AND(O53="NA",Q53="NA",S53="NA",U53="NA",W53="NA",Y53="NA",AA53="NA",AC53="NA"),"NA",IF(OR(O53="NC",Q53="NC",S53="NC",U53="NC",W53="NC",Y53="NC",AA53="NC",AC53="NC",O53="SF",Q53="SF",S53="SF",U53="SF",W53="SF",Y53="SF",AA53="SF",AC53="SF"),"NC",IF(OR(O53="C",Q53="C",S53="C",U53="C",W53="C",Y53="C",AA53="C",AC53="C"),"C",""))))) | AG53: =IF(AND(AE53="C",AF53="C"),"UTILIZOU O PDA CORRETAMENTE",IF(AND(AE53="C",AF53="NC"),"UTILIZOU O PDA CORRETAMENTE. NÃO HÁ FOTOS DE TODAS AS ETAPAS",IF(AND(AE53="NC",AF53="NC"),"NÃO UTILIZOU O PDA",IF(AND(AE53="NA",AF53="NA"),"NÃO AVALIADO POR FALHA DE SINCRONISMO")))) -> FALSE | AI53: GOPOÚVA | AJ53: =E53 -> GUARULHOS | AK53: ÁGUA | AL53: 0.77618417 | AM53: {=IF(OR(O53<>"", SUMPRODUCT(($AN$2:$AN$5000=AN53)*($AL$2:$AL$5000<=AL53)) <= (COUNTIF($AN$2:$AN$5000,AN53)*0.5)), "SORTEADO", "-")} -> - | AN53: 02/04/2026
A54: ONMG - DIV MANUT SERV OPE GOPOÚVA | B54: 2689499149 | C54: VAZAMENTO DE ÁGUA LEITO TERRA | D54: VAZAMENTO DE ÁGUA | E54: GUARULHOS | F54: RUA EXISTENTE | G54: 116 | I54: RECREIO SAO JORGE | J54: REPARO DE REDE DE AGUA | K54: sem fotos area de mata sem reposição terra | L54: 02/04/2026 | M54: 46057.694 | N54: ADIMILSON SOUZA OLIVEIRA | O54: C | Q54: C | S54: C | U54: C | W54: C | Y54: NA | AA54: C | AC54: C | AE54: C | AF54: =IF(AND(O54="",Q54="",S54="",U54="",W54="",Y54="",AA54="",AC54=""),"",IF(OR(AND(O54<>"NA",O54<>"C",O54<>"NC",O54<>"SF",O54<>""),AND(Q54<>"NA",Q54<>"C",Q54<>"NC",Q54<>"SF",Q54<>""),AND(S54<>"NA",S54<>"C",S54<>"NC",S54<>"SF",S54<>""),AND(U54<>"NA",U54<>"C",U54<>"NC",U54<>"SF",U54<>""),AND(W54<>"NA",W54<>"C",W54<>"NC",W54<>"SF",W54<>""),AND(Y54<>"NA",Y54<>"C",Y54<>"NC",Y54<>"SF",Y54<>""),AND(AA54<>"NA",AA54<>"C",AA54<>"NC",AA54<>"SF",AA54<>""),AND(AC54<>"NA",AC54<>"C",AC54<>"NC",AC54<>"SF",AC54<>"")),"FALSO",IF(AND(O54="NA",Q54="NA",S54="NA",U54="NA",W54="NA",Y54="NA",AA54="NA",AC54="NA"),"NA",IF(OR(O54="NC",Q54="NC",S54="NC",U54="NC",W54="NC",Y54="NC",AA54="NC",AC54="NC",O54="SF",Q54="SF",S54="SF",U54="SF",W54="SF",Y54="SF",AA54="SF",AC54="SF"),"NC",IF(OR(O54="C",Q54="C",S54="C",U54="C",W54="C",Y54="C",AA54="C",AC54="C"),"C",""))))) -> C | AG54: =IF(AND(AE54="C",AF54="C"),"UTILIZOU O PDA CORRETAMENTE",IF(AND(AE54="C",AF54="NC"),"UTILIZOU O PDA CORRETAMENTE. NÃO HÁ FOTOS DE TODAS AS ETAPAS",IF(AND(AE54="NC",AF54="NC"),"NÃO UTILIZOU O PDA",IF(AND(AE54="NA",AF54="NA"),"NÃO AVALIADO POR FALHA DE SINCRONISMO")))) -> UTILIZOU O PDA CORRETAMENTE | AH54: C | AI54: GOPOÚVA | AJ54: =E54 -> GUARULHOS | AK54: ÁGUA | AL54: 0.13316876 | AM54: {=IF(OR(O54<>"", SUMPRODUCT(($AN$2:$AN$5000=AN54)*($AL$2:$AL$5000<=AL54)) <= (COUNTIF($AN$2:$AN$5000,AN54)*0.5)), "SORTEADO", "-")} -> SORTEADO | AN54: 02/04/2026
A55: ONMG - DIV MANUT SERV OPE GOPOÚVA | B55: 2613852814 | C55: TROCAR RAMAL DE ÁGUA - VAZ NÃO VISIVEL | D55: VAZAMENTO DE ÁGUA | E55: GUARULHOS | F55: RUA SAPOLANDIA | G55: 42 | H55: E | I55: PQ PRIMAVERA | J55: TROCA DE RAMAL DE AGUA NÃO VISIVEL | K55: nao foi possivel sequecia de fostos correto porem area de risco viela estreita porem foi trocado ate a corrida devido cliente nao estar em casa | L55: 02/04/2026 | M55: 46057.44 | N55: EDSON COUTINHO DOS SANTOS | AF55: =IF(AND(O55="",Q55="",S55="",U55="",W55="",Y55="",AA55="",AC55=""),"",IF(OR(AND(O55<>"NA",O55<>"C",O55<>"NC",O55<>"SF",O55<>""),AND(Q55<>"NA",Q55<>"C",Q55<>"NC",Q55<>"SF",Q55<>""),AND(S55<>"NA",S55<>"C",S55<>"NC",S55<>"SF",S55<>""),AND(U55<>"NA",U55<>"C",U55<>"NC",U55<>"SF",U55<>""),AND(W55<>"NA",W55<>"C",W55<>"NC",W55<>"SF",W55<>""),AND(Y55<>"NA",Y55<>"C",Y55<>"NC",Y55<>"SF",Y55<>""),AND(AA55<>"NA",AA55<>"C",AA55<>"NC",AA55<>"SF",AA55<>""),AND(AC55<>"NA",AC55<>"C",AC55<>"NC",AC55<>"SF",AC55<>"")),"FALSO",IF(AND(O55="NA",Q55="NA",S55="NA",U55="NA",W55="NA",Y55="NA",AA55="NA",AC55="NA"),"NA",IF(OR(O55="NC",Q55="NC",S55="NC",U55="NC",W55="NC",Y55="NC",AA55="NC",AC55="NC",O55="SF",Q55="SF",S55="SF",U55="SF",W55="SF",Y55="SF",AA55="SF",AC55="SF"),"NC",IF(OR(O55="C",Q55="C",S55="C",U55="C",W55="C",Y55="C",AA55="C",AC55="C"),"C",""))))) | AG55: =IF(AND(AE55="C",AF55="C"),"UTILIZOU O PDA CORRETAMENTE",IF(AND(AE55="C",AF55="NC"),"UTILIZOU O PDA CORRETAMENTE. NÃO HÁ FOTOS DE TODAS AS ETAPAS",IF(AND(AE55="NC",AF55="NC"),"NÃO UTILIZOU O PDA",IF(AND(AE55="NA",AF55="NA"),"NÃO AVALIADO POR FALHA DE SINCRONISMO")))) -> FALSE | AI55: GOPOÚVA | AJ55: =E55 -> GUARULHOS | AK55: ÁGUA | AL55: 0.7086614 | AM55: {=IF(OR(O55<>"", SUMPRODUCT(($AN$2:$AN$5000=AN55)*($AL$2:$AL$5000<=AL55)) <= (COUNTIF($AN$2:$AN$5000,AN55)*0.5)), "SORTEADO", "-")} -> - | AN55: 02/04/2026
A56: ONMG - DIV MANUT SERV OPE GOPOÚVA | B56: 2614124300 | C56: VAZAMENTO DE ÁGUA NÃO VISÍVEL REDE | D56: VAZAMENTO DE ÁGUA | E56: GUARULHOS | F56: AVENIDA PALMIRA ROSSI | G56: 1046 | H56: COM1ANT924 | I56: RECREIO SAO JORGE | J56: SUPRIMIDO RAMAL AGUA ABAND NÃO VISIVEL | K56: nao foi possivel cocluir fotos correto devido obra da sabesp no local | L56: 02/04/2026 | M56: 46057.748 | N56: EDSON COUTINHO DOS SANTOS | AF56: =IF(AND(O56="",Q56="",S56="",U56="",W56="",Y56="",AA56="",AC56=""),"",IF(OR(AND(O56<>"NA",O56<>"C",O56<>"NC",O56<>"SF",O56<>""),AND(Q56<>"NA",Q56<>"C",Q56<>"NC",Q56<>"SF",Q56<>""),AND(S56<>"NA",S56<>"C",S56<>"NC",S56<>"SF",S56<>""),AND(U56<>"NA",U56<>"C",U56<>"NC",U56<>"SF",U56<>""),AND(W56<>"NA",W56<>"C",W56<>"NC",W56<>"SF",W56<>""),AND(Y56<>"NA",Y56<>"C",Y56<>"NC",Y56<>"SF",Y56<>""),AND(AA56<>"NA",AA56<>"C",AA56<>"NC",AA56<>"SF",AA56<>""),AND(AC56<>"NA",AC56<>"C",AC56<>"NC",AC56<>"SF",AC56<>"")),"FALSO",IF(AND(O56="NA",Q56="NA",S56="NA",U56="NA",W56="NA",Y56="NA",AA56="NA",AC56="NA"),"NA",IF(OR(O56="NC",Q56="NC",S56="NC",U56="NC",W56="NC",Y56="NC",AA56="NC",AC56="NC",O56="SF",Q56="SF",S56="SF",U56="SF",W56="SF",Y56="SF",AA56="SF",AC56="SF"),"NC",IF(OR(O56="C",Q56="C",S56="C",U56="C",W56="C",Y56="C",AA56="C",AC56="C"),"C",""))))) | AG56: =IF(AND(AE56="C",AF56="C"),"UTILIZOU O PDA CORRETAMENTE",IF(AND(AE56="C",AF56="NC"),"UTILIZOU O PDA CORRETAMENTE. NÃO HÁ FOTOS DE TODAS AS ETAPAS",IF(AND(AE56="NC",AF56="NC"),"NÃO UTILIZOU O PDA",IF(AND(AE56="NA",AF56="NA"),"NÃO AVALIADO POR FALHA DE SINCRONISMO")))) -> FALSE | AI56: GOPOÚVA | AJ56: =E56 -> GUARULHOS | AK56: ÁGUA | AL56: 0.93010823 | AM56: {=IF(OR(O56<>"", SUMPRODUCT(($AN$2:$AN$5000=AN56)*($AL$2:$AL$5000<=AL56)) <= (COUNTIF($AN$2:$AN$5000,AN56)*0.5)), "SORTEADO", "-")} -> - | AN56: 02/04/2026
A57: ONMG - DIV MANUT SERV OPE GOPOÚVA | B57: 2614128186 | C57: VAZAMENTO DE ÁGUA NÃO VISÍVEL REDE | D57: VAZAMENTO DE ÁGUA | E57: GUARULHOS | F57: RUA ABATA | G57: 286 | H57: ANT13A | I57: JD FLOR DA MONTANHA | J57: REPARO DE REDE DE AGUA NÃO VISIVEL | K57: 1-As fotos estao na OS principal | L57: 02/04/2026 | M57: 46057.699 | N57: CARLOS HENRIQUE DO AMARAL | AF57: =IF(AND(O57="",Q57="",S57="",U57="",W57="",Y57="",AA57="",AC57=""),"",IF(OR(AND(O57<>"NA",O57<>"C",O57<>"NC",O57<>"SF",O57<>""),AND(Q57<>"NA",Q57<>"C",Q57<>"NC",Q57<>"SF",Q57<>""),AND(S57<>"NA",S57<>"C",S57<>"NC",S57<>"SF",S57<>""),AND(U57<>"NA",U57<>"C",U57<>"NC",U57<>"SF",U57<>""),AND(W57<>"NA",W57<>"C",W57<>"NC",W57<>"SF",W57<>""),AND(Y57<>"NA",Y57<>"C",Y57<>"NC",Y57<>"SF",Y57<>""),AND(AA57<>"NA",AA57<>"C",AA57<>"NC",AA57<>"SF",AA57<>""),AND(AC57<>"NA",AC57<>"C",AC57<>"NC",AC57<>"SF",AC57<>"")),"FALSO",IF(AND(O57="NA",Q57="NA",S57="NA",U57="NA",W57="NA",Y57="NA",AA57="NA",AC57="NA"),"NA",IF(OR(O57="NC",Q57="NC",S57="NC",U57="NC",W57="NC",Y57="NC",AA57="NC",AC57="NC",O57="SF",Q57="SF",S57="SF",U57="SF",W57="SF",Y57="SF",AA57="SF",AC57="SF"),"NC",IF(OR(O57="C",Q57="C",S57="C",U57="C",W57="C",Y57="C",AA57="C",AC57="C"),"C",""))))) | AG57: =IF(AND(AE57="C",AF57="C"),"UTILIZOU O PDA CORRETAMENTE",IF(AND(AE57="C",AF57="NC"),"UTILIZOU O PDA CORRETAMENTE. NÃO HÁ FOTOS DE TODAS AS ETAPAS",IF(AND(AE57="NC",AF57="NC"),"NÃO UTILIZOU O PDA",IF(AND(AE57="NA",AF57="NA"),"NÃO AVALIADO POR FALHA DE SINCRONISMO")))) -> FALSE | AI57: GOPOÚVA | AJ57: =E57 -> GUARULHOS | AK57: ÁGUA | AL57: 0.37964922 | AM57: {=IF(OR(O57<>"", SUMPRODUCT(($AN$2:$AN$5000=AN57)*($AL$2:$AL$5000<=AL57)) <= (COUNTIF($AN$2:$AN$5000,AN57)*0.5)), "SORTEADO", "-")} -> - | AN57: 02/04/2026
A58: ONMG - DIV MANUT SERV OPE GOPOÚVA | B58: 2613815123 | C58: REMANEJAR REDE DE ÁGUA | D58: REDE DE ÁGUA | E58: GUARULHOS | F58: AVENIDA PEDRO DE SOUZA LOPES | G58: 4746 | H58: C/1 | I58: CABUCU | J58: REMANEJADA REDE DE AGUA | K58: serviço executado sem foto devido a os aberta após a execução do serviço foi usado 7 m de tubo de 75 PVC sem reposição devido obra do integra no local | L58: 02/04/2026 | M58: 46057.489 | N58: FABIO SANTOS | AF58: =IF(AND(O58="",Q58="",S58="",U58="",W58="",Y58="",AA58="",AC58=""),"",IF(OR(AND(O58<>"NA",O58<>"C",O58<>"NC",O58<>"SF",O58<>""),AND(Q58<>"NA",Q58<>"C",Q58<>"NC",Q58<>"SF",Q58<>""),AND(S58<>"NA",S58<>"C",S58<>"NC",S58<>"SF",S58<>""),AND(U58<>"NA",U58<>"C",U58<>"NC",U58<>"SF",U58<>""),AND(W58<>"NA",W58<>"C",W58<>"NC",W58<>"SF",W58<>""),AND(Y58<>"NA",Y58<>"C",Y58<>"NC",Y58<>"SF",Y58<>""),AND(AA58<>"NA",AA58<>"C",AA58<>"NC",AA58<>"SF",AA58<>""),AND(AC58<>"NA",AC58<>"C",AC58<>"NC",AC58<>"SF",AC58<>"")),"FALSO",IF(AND(O58="NA",Q58="NA",S58="NA",U58="NA",W58="NA",Y58="NA",AA58="NA",AC58="NA"),"NA",IF(OR(O58="NC",Q58="NC",S58="NC",U58="NC",W58="NC",Y58="NC",AA58="NC",AC58="NC",O58="SF",Q58="SF",S58="SF",U58="SF",W58="SF",Y58="SF",AA58="SF",AC58="SF"),"NC",IF(OR(O58="C",Q58="C",S58="C",U58="C",W58="C",Y58="C",AA58="C",AC58="C"),"C",""))))) | AG58: =IF(AND(AE58="C",AF58="C"),"UTILIZOU O PDA CORRETAMENTE",IF(AND(AE58="C",AF58="NC"),"UTILIZOU O PDA CORRETAMENTE. NÃO HÁ FOTOS DE TODAS AS ETAPAS",IF(AND(AE58="NC",AF58="NC"),"NÃO UTILIZOU O PDA",IF(AND(AE58="NA",AF58="NA"),"NÃO AVALIADO POR FALHA DE SINCRONISMO")))) -> FALSE | AI58: GOPOÚVA | AJ58: =E58 -> GUARULHOS | AK58: ÁGUA | AL58: 0.7317695 | AM58: {=IF(OR(O58<>"", SUMPRODUCT(($AN$2:$AN$5000=AN58)*($AL$2:$AL$5000<=AL58)) <= (COUNTIF($AN$2:$AN$5000,AN58)*0.5)), "SORTEADO", "-")} -> - | AN58: 02/04/2026
A59: ONMG - DIV MANUT SERV OPE GOPOÚVA | B59: 2614123710 | C59: VAZAMENTO DE ÁGUA NÃO VISÍVEL REDE | D59: VAZAMENTO DE ÁGUA | E59: GUARULHOS | F59: VIELA DA BARRA | G59: 109 | H59: ANT.109 | I59: JD SANTA CECILIA | J59: REPARO DE REDE DE AGUA NÃO VISIVEL | K59: rua em obra fotos de finalização pendentes devido obra do eagoto que iria finalizar a reposicao do material | L59: 02/04/2026 | M59: 46057.619 | N59: ROMARIO MARINHO SANTOS | AF59: =IF(AND(O59="",Q59="",S59="",U59="",W59="",Y59="",AA59="",AC59=""),"",IF(OR(AND(O59<>"NA",O59<>"C",O59<>"NC",O59<>"SF",O59<>""),AND(Q59<>"NA",Q59<>"C",Q59<>"NC",Q59<>"SF",Q59<>""),AND(S59<>"NA",S59<>"C",S59<>"NC",S59<>"SF",S59<>""),AND(U59<>"NA",U59<>"C",U59<>"NC",U59<>"SF",U59<>""),AND(W59<>"NA",W59<>"C",W59<>"NC",W59<>"SF",W59<>""),AND(Y59<>"NA",Y59<>"C",Y59<>"NC",Y59<>"SF",Y59<>""),AND(AA59<>"NA",AA59<>"C",AA59<>"NC",AA59<>"SF",AA59<>""),AND(AC59<>"NA",AC59<>"C",AC59<>"NC",AC59<>"SF",AC59<>"")),"FALSO",IF(AND(O59="NA",Q59="NA",S59="NA",U59="NA",W59="NA",Y59="NA",AA59="NA",AC59="NA"),"NA",IF(OR(O59="NC",Q59="NC",S59="NC",U59="NC",W59="NC",Y59="NC",AA59="NC",AC59="NC",O59="SF",Q59="SF",S59="SF",U59="SF",W59="SF",Y59="SF",AA59="SF",AC59="SF"),"NC",IF(OR(O59="C",Q59="C",S59="C",U59="C",W59="C",Y59="C",AA59="C",AC59="C"),"C",""))))) | AG59: =IF(AND(AE59="C",AF59="C"),"UTILIZOU O PDA CORRETAMENTE",IF(AND(AE59="C",AF59="NC"),"UTILIZOU O PDA CORRETAMENTE. NÃO HÁ FOTOS DE TODAS AS ETAPAS",IF(AND(AE59="NC",AF59="NC"),"NÃO UTILIZOU O PDA",IF(AND(AE59="NA",AF59="NA"),"NÃO AVALIADO POR FALHA DE SINCRONISMO")))) -> FALSE | AI59: GOPOÚVA | AJ59: =E59 -> GUARULHOS | AK59: ÁGUA | AL59: 0.89927263 | AM59: {=IF(OR(O59<>"", SUMPRODUCT(($AN$2:$AN$5000=AN59)*($AL$2:$AL$5000<=AL59)) <= (COUNTIF($AN$2:$AN$5000,AN59)*0.5)), "SORTEADO", "-")} -> - | AN59: 02/04/2026
A60: ONMG - DIV MANUT SERV OPE GOPOÚVA | B60: 2689511296 | C60: VAZAMENTO DE ÁGUA LEITO PAVIMENTADO | D60: VAZAMENTO DE ÁGUA | E60: GUARULHOS | F60: RUA INACIO BITENCOURT | G60: 233 | H60: CASA 04 | I60: TRANQUILIDADE | J60: REPARO DE REDE DE AGUA | L60: 02/04/2026 | M60: 46057.604 | N60: JOAO MANOEL PEREIRA DOS SANTOS | O60: C | Q60: C | S60: C | U60: C | W60: C | Y60: NA | AA60: C | AC60: C | AE60: C | AF60: =IF(AND(O60="",Q60="",S60="",U60="",W60="",Y60="",AA60="",AC60=""),"",IF(OR(AND(O60<>"NA",O60<>"C",O60<>"NC",O60<>"SF",O60<>""),AND(Q60<>"NA",Q60<>"C",Q60<>"NC",Q60<>"SF",Q60<>""),AND(S60<>"NA",S60<>"C",S60<>"NC",S60<>"SF",S60<>""),AND(U60<>"NA",U60<>"C",U60<>"NC",U60<>"SF",U60<>""),AND(W60<>"NA",W60<>"C",W60<>"NC",W60<>"SF",W60<>""),AND(Y60<>"NA",Y60<>"C",Y60<>"NC",Y60<>"SF",Y60<>""),AND(AA60<>"NA",AA60<>"C",AA60<>"NC",AA60<>"SF",AA60<>""),AND(AC60<>"NA",AC60<>"C",AC60<>"NC",AC60<>"SF",AC60<>"")),"FALSO",IF(AND(O60="NA",Q60="NA",S60="NA",U60="NA",W60="NA",Y60="NA",AA60="NA",AC60="NA"),"NA",IF(OR(O60="NC",Q60="NC",S60="NC",U60="NC",W60="NC",Y60="NC",AA60="NC",AC60="NC",O60="SF",Q60="SF",S60="SF",U60="SF",W60="SF",Y60="SF",AA60="SF",AC60="SF"),"NC",IF(OR(O60="C",Q60="C",S60="C",U60="C",W60="C",Y60="C",AA60="C",AC60="C"),"C",""))))) -> C | AG60: =IF(AND(AE60="C",AF60="C"),"UTILIZOU O PDA CORRETAMENTE",IF(AND(AE60="C",AF60="NC"),"UTILIZOU O PDA CORRETAMENTE. NÃO HÁ FOTOS DE TODAS AS ETAPAS",IF(AND(AE60="NC",AF60="NC"),"NÃO UTILIZOU O PDA",IF(AND(AE60="NA",AF60="NA"),"NÃO AVALIADO POR FALHA DE SINCRONISMO")))) -> UTILIZOU O PDA CORRETAMENTE | AH60: C | AI60: GOPOÚVA | AJ60: =E60 -> GUARULHOS | AK60: ÁGUA | AL60: 0.021407803 | AM60: {=IF(OR(O60<>"", SUMPRODUCT(($AN$2:$AN$5000=AN60)*($AL$2:$AL$5000<=AL60)) <= (COUNTIF($AN$2:$AN$5000,AN60)*0.5)), "SORTEADO", "-")} -> SORTEADO | AN60: 02/04/2026
A61: ONMG - DIV MANUT SERV OPE GOPOÚVA | B61: 2614147108 | C61: INTERLIGAR REDE DE ÁGUA | D61: REDE DE ÁGUA | E61: GUARULHOS | F61: AVENIDA PEDRO DE SOUZA LOPES | G61: 4746 | H61: C/1 | I61: CABUCU | J61: INTERLIGAÇÃO DE REDE DE AGUA | K61: serviço baixado sem foto devido à abertura da os após da execução do serviço foi usar dois cotovelos de 90 75 PVC sem reposição do vidro obra do integra | L61: 02/04/2026 | M61: 46057.588 | N61: FABIO SANTOS | O61: NA | Q61: NA | S61: NA | U61: NA | W61: NA | Y61: NA | AA61: NA | AC61: NA | AE61: NA | AF61: =IF(AND(O61="",Q61="",S61="",U61="",W61="",Y61="",AA61="",AC61=""),"",IF(OR(AND(O61<>"NA",O61<>"C",O61<>"NC",O61<>"SF",O61<>""),AND(Q61<>"NA",Q61<>"C",Q61<>"NC",Q61<>"SF",Q61<>""),AND(S61<>"NA",S61<>"C",S61<>"NC",S61<>"SF",S61<>""),AND(U61<>"NA",U61<>"C",U61<>"NC",U61<>"SF",U61<>""),AND(W61<>"NA",W61<>"C",W61<>"NC",W61<>"SF",W61<>""),AND(Y61<>"NA",Y61<>"C",Y61<>"NC",Y61<>"SF",Y61<>""),AND(AA61<>"NA",AA61<>"C",AA61<>"NC",AA61<>"SF",AA61<>""),AND(AC61<>"NA",AC61<>"C",AC61<>"NC",AC61<>"SF",AC61<>"")),"FALSO",IF(AND(O61="NA",Q61="NA",S61="NA",U61="NA",W61="NA",Y61="NA",AA61="NA",AC61="NA"),"NA",IF(OR(O61="NC",Q61="NC",S61="NC",U61="NC",W61="NC",Y61="NC",AA61="NC",AC61="NC",O61="SF",Q61="SF",S61="SF",U61="SF",W61="SF",Y61="SF",AA61="SF",AC61="SF"),"NC",IF(OR(O61="C",Q61="C",S61="C",U61="C",W61="C",Y61="C",AA61="C",AC61="C"),"C",""))))) -> NA | AG61: =IF(AND(AE61="C",AF61="C"),"UTILIZOU O PDA CORRETAMENTE",IF(AND(AE61="C",AF61="NC"),"UTILIZOU O PDA CORRETAMENTE. NÃO HÁ FOTOS DE TODAS AS ETAPAS",IF(AND(AE61="NC",AF61="NC"),"NÃO UTILIZOU O PDA",IF(AND(AE61="NA",AF61="NA"),"NÃO AVALIADO POR FALHA DE SINCRONISMO")))) -> NÃO AVALIADO POR FALHA DE SINCRONISMO | AH61: C | AI61: GOPOÚVA | AJ61: =E61 -> GUARULHOS | AK61: ÁGUA | AL61: -0.012 | AM61: {=IF(OR(O61<>"", SUMPRODUCT(($AN$2:$AN$5000=AN61)*($AL$2:$AL$5000<=AL61)) <= (COUNTIF($AN$2:$AN$5000,AN61)*0.5)), "SORTEADO", "-")} -> SORTEADO | AN61: 02/04/2026
A62: ONMG - DIV MANUT SERV OPE GOPOÚVA | B62: 2614146219 | C62: INTERLIGAR REDE DE ÁGUA | D62: REDE DE ÁGUA | E62: GUARULHOS | F62: AVENIDA PEDRO DE SOUZA LOPES | G62: 4752 | I62: V GALVAO | J62: INTERLIGAÇÃO DE REDE DE AGUA | K62: serviço baixado sem foto de virada abertura da os após a execução de serviço foi usado dois cotovelos de 90 de 75 para PVC sem reposição do vidro obra do entrega no local | L62: 02/04/2026 | M62: 46057.596 | N62: FABIO SANTOS | O62: NA | Q62: NA | S62: NA | U62: NA | W62: NA | Y62: NA | AA62: NA | AC62: NA | AE62: NA | AF62: =IF(AND(O62="",Q62="",S62="",U62="",W62="",Y62="",AA62="",AC62=""),"",IF(OR(AND(O62<>"NA",O62<>"C",O62<>"NC",O62<>"SF",O62<>""),AND(Q62<>"NA",Q62<>"C",Q62<>"NC",Q62<>"SF",Q62<>""),AND(S62<>"NA",S62<>"C",S62<>"NC",S62<>"SF",S62<>""),AND(U62<>"NA",U62<>"C",U62<>"NC",U62<>"SF",U62<>""),AND(W62<>"NA",W62<>"C",W62<>"NC",W62<>"SF",W62<>""),AND(Y62<>"NA",Y62<>"C",Y62<>"NC",Y62<>"SF",Y62<>""),AND(AA62<>"NA",AA62<>"C",AA62<>"NC",AA62<>"SF",AA62<>""),AND(AC62<>"NA",AC62<>"C",AC62<>"NC",AC62<>"SF",AC62<>"")),"FALSO",IF(AND(O62="NA",Q62="NA",S62="NA",U62="NA",W62="NA",Y62="NA",AA62="NA",AC62="NA"),"NA",IF(OR(O62="NC",Q62="NC",S62="NC",U62="NC",W62="NC",Y62="NC",AA62="NC",AC62="NC",O62="SF",Q62="SF",S62="SF",U62="SF",W62="SF",Y62="SF",AA62="SF",AC62="SF"),"NC",IF(OR(O62="C",Q62="C",S62="C",U62="C",W62="C",Y62="C",AA62="C",AC62="C"),"C",""))))) -> NA | AG62: =IF(AND(AE62="C",AF62="C"),"UTILIZOU O PDA CORRETAMENTE",IF(AND(AE62="C",AF62="NC"),"UTILIZOU O PDA CORRETAMENTE. NÃO HÁ FOTOS DE TODAS AS ETAPAS",IF(AND(AE62="NC",AF62="NC"),"NÃO UTILIZOU O PDA",IF(AND(AE62="NA",AF62="NA"),"NÃO AVALIADO POR FALHA DE SINCRONISMO")))) -> NÃO AVALIADO POR FALHA DE SINCRONISMO | AH62: C | AI62: GOPOÚVA | AJ62: =E62 -> GUARULHOS | AK62: ÁGUA | AL62: -0.0122 | AM62: {=IF(OR(O62<>"", SUMPRODUCT(($AN$2:$AN$5000=AN62)*($AL$2:$AL$5000<=AL62)) <= (COUNTIF($AN$2:$AN$5000,AN62)*0.5)), "SORTEADO", "-")} -> SORTEADO | AN62: 02/04/2026
A63: ONMG - DIV MANUT SERV OPE GOPOÚVA | B63: 2614142018 | C63: TROCAR RAMAL DE ÁGUA PREVENTIVA | D63: RAMAL DE ÁGUA | E63: GUARULHOS | F63: RUA RIBEIRAO DO SUL | G63: 109 | H63: C/3 | I63: RECREIO SAO JORGE | J63: TROCA DE RAMAL DE AGUA PREVENTIVA | K63: sem fotos O.S. aberta posteriormente | L63: 02/04/2026 | M63: 46057.702 | N63: ADIMILSON SOUZA OLIVEIRA | AF63: =IF(AND(O63="",Q63="",S63="",U63="",W63="",Y63="",AA63="",AC63=""),"",IF(OR(AND(O63<>"NA",O63<>"C",O63<>"NC",O63<>"SF",O63<>""),AND(Q63<>"NA",Q63<>"C",Q63<>"NC",Q63<>"SF",Q63<>""),AND(S63<>"NA",S63<>"C",S63<>"NC",S63<>"SF",S63<>""),AND(U63<>"NA",U63<>"C",U63<>"NC",U63<>"SF",U63<>""),AND(W63<>"NA",W63<>"C",W63<>"NC",W63<>"SF",W63<>""),AND(Y63<>"NA",Y63<>"C",Y63<>"NC",Y63<>"SF",Y63<>""),AND(AA63<>"NA",AA63<>"C",AA63<>"NC",AA63<>"SF",AA63<>""),AND(AC63<>"NA",AC63<>"C",AC63<>"NC",AC63<>"SF",AC63<>"")),"FALSO",IF(AND(O63="NA",Q63="NA",S63="NA",U63="NA",W63="NA",Y63="NA",AA63="NA",AC63="NA"),"NA",IF(OR(O63="NC",Q63="NC",S63="NC",U63="NC",W63="NC",Y63="NC",AA63="NC",AC63="NC",O63="SF",Q63="SF",S63="SF",U63="SF",W63="SF",Y63="SF",AA63="SF",AC63="SF"),"NC",IF(OR(O63="C",Q63="C",S63="C",U63="C",W63="C",Y63="C",AA63="C",AC63="C"),"C",""))))) | AG63: =IF(AND(AE63="C",AF63="C"),"UTILIZOU O PDA CORRETAMENTE",IF(AND(AE63="C",AF63="NC"),"UTILIZOU O PDA CORRETAMENTE. NÃO HÁ FOTOS DE TODAS AS ETAPAS",IF(AND(AE63="NC",AF63="NC"),"NÃO UTILIZOU O PDA",IF(AND(AE63="NA",AF63="NA"),"NÃO AVALIADO POR FALHA DE SINCRONISMO")))) -> FALSE | AI63: GOPOÚVA | AJ63: =E63 -> GUARULHOS | AK63: ÁGUA | AL63: 0.88319262 | AM63: {=IF(OR(O63<>"", SUMPRODUCT(($AN$2:$AN$5000=AN63)*($AL$2:$AL$5000<=AL63)) <= (COUNTIF($AN$2:$AN$5000,AN63)*0.5)), "SORTEADO", "-")} -> - | AN63: 02/04/2026
A64: ONMG - DIV MANUT SERV OPE GOPOÚVA | B64: 2689519302 | C64: VAZAMENTO DE ÁGUA NO PASSEIO | D64: VAZAMENTO DE ÁGUA | E64: GUARULHOS | F64: RUA ANA COELHO DA SILVEIRA | G64: 220 | I64: JD IPANEMA | J64: SUPRIMIDO RAMAL DE AGUA ABANDONADO | L64: 02/04/2026 | M64: 46057.658 | N64: ROMARIO MARINHO SANTOS | O64: C | Q64: C | S64: C | U64: C | W64: C | Y64: NA | AA64: C | AC64: C | AE64: C | AF64: =IF(AND(O64="",Q64="",S64="",U64="",W64="",Y64="",AA64="",AC64=""),"",IF(OR(AND(O64<>"NA",O64<>"C",O64<>"NC",O64<>"SF",O64<>""),AND(Q64<>"NA",Q64<>"C",Q64<>"NC",Q64<>"SF",Q64<>""),AND(S64<>"NA",S64<>"C",S64<>"NC",S64<>"SF",S64<>""),AND(U64<>"NA",U64<>"C",U64<>"NC",U64<>"SF",U64<>""),AND(W64<>"NA",W64<>"C",W64<>"NC",W64<>"SF",W64<>""),AND(Y64<>"NA",Y64<>"C",Y64<>"NC",Y64<>"SF",Y64<>""),AND(AA64<>"NA",AA64<>"C",AA64<>"NC",AA64<>"SF",AA64<>""),AND(AC64<>"NA",AC64<>"C",AC64<>"NC",AC64<>"SF",AC64<>"")),"FALSO",IF(AND(O64="NA",Q64="NA",S64="NA",U64="NA",W64="NA",Y64="NA",AA64="NA",AC64="NA"),"NA",IF(OR(O64="NC",Q64="NC",S64="NC",U64="NC",W64="NC",Y64="NC",AA64="NC",AC64="NC",O64="SF",Q64="SF",S64="SF",U64="SF",W64="SF",Y64="SF",AA64="SF",AC64="SF"),"NC",IF(OR(O64="C",Q64="C",S64="C",U64="C",W64="C",Y64="C",AA64="C",AC64="C"),"C",""))))) -> C | AG64: =IF(AND(AE64="C",AF64="C"),"UTILIZOU O PDA CORRETAMENTE",IF(AND(AE64="C",AF64="NC"),"UTILIZOU O PDA CORRETAMENTE. NÃO HÁ FOTOS DE TODAS AS ETAPAS",IF(AND(AE64="NC",AF64="NC"),"NÃO UTILIZOU O PDA",IF(AND(AE64="NA",AF64="NA"),"NÃO AVALIADO POR FALHA DE SINCRONISMO")))) -> UTILIZOU O PDA CORRETAMENTE | AH64: C | AI64: GOPOÚVA | AJ64: =E64 -> GUARULHOS | AK64: ÁGUA | AL64: 0.35704762 | AM64: {=IF(OR(O64<>"", SUMPRODUCT(($AN$2:$AN$5000=AN64)*($AL$2:$AL$5000<=AL64)) <= (COUNTIF($AN$2:$AN$5000,AN64)*0.5)), "SORTEADO", "-")} -> SORTEADO | AN64: 02/04/2026
A65: ONMG - DIV MANUT SERV OPE GOPOÚVA | B65: 2614159770 | C65: VAZAMENTO DE ÁGUA NÃO VISÍVEL REDE | D65: VAZAMENTO DE ÁGUA | E65: GUARULHOS | F65: RUA ANTONIO CUSTODIO CASTRO | G65: 415 | I65: V GALVAO | J65: REPARO DE REDE DE AGUA NÃO VISIVEL | K65: Não foi possível concluir sequência de foto correto devido chuva intensa no local | L65: 02/04/2026 | M65: 46057.688 | N65: JOSE PETRUCIO SANTOS FILHO | AF65: =IF(AND(O65="",Q65="",S65="",U65="",W65="",Y65="",AA65="",AC65=""),"",IF(OR(AND(O65<>"NA",O65<>"C",O65<>"NC",O65<>"SF",O65<>""),AND(Q65<>"NA",Q65<>"C",Q65<>"NC",Q65<>"SF",Q65<>""),AND(S65<>"NA",S65<>"C",S65<>"NC",S65<>"SF",S65<>""),AND(U65<>"NA",U65<>"C",U65<>"NC",U65<>"SF",U65<>""),AND(W65<>"NA",W65<>"C",W65<>"NC",W65<>"SF",W65<>""),AND(Y65<>"NA",Y65<>"C",Y65<>"NC",Y65<>"SF",Y65<>""),AND(AA65<>"NA",AA65<>"C",AA65<>"NC",AA65<>"SF",AA65<>""),AND(AC65<>"NA",AC65<>"C",AC65<>"NC",AC65<>"SF",AC65<>"")),"FALSO",IF(AND(O65="NA",Q65="NA",S65="NA",U65="NA",W65="NA",Y65="NA",AA65="NA",AC65="NA"),"NA",IF(OR(O65="NC",Q65="NC",S65="NC",U65="NC",W65="NC",Y65="NC",AA65="NC",AC65="NC",O65="SF",Q65="SF",S65="SF",U65="SF",W65="SF",Y65="SF",AA65="SF",AC65="SF"),"NC",IF(OR(O65="C",Q65="C",S65="C",U65="C",W65="C",Y65="C",AA65="C",AC65="C"),"C",""))))) | AG65: =IF(AND(AE65="C",AF65="C"),"UTILIZOU O PDA CORRETAMENTE",IF(AND(AE65="C",AF65="NC"),"UTILIZOU O PDA CORRETAMENTE. NÃO HÁ FOTOS DE TODAS AS ETAPAS",IF(AND(AE65="NC",AF65="NC"),"NÃO UTILIZOU O PDA",IF(AND(AE65="NA",AF65="NA"),"NÃO AVALIADO POR FALHA DE SINCRONISMO")))) -> FALSE | AI65: GOPOÚVA | AJ65: =E65 -> GUARULHOS | AK65: ÁGUA | AL65: 0.84991896 | AM65: {=IF(OR(O65<>"", SUMPRODUCT(($AN$2:$AN$5000=AN65)*($AL$2:$AL$5000<=AL65)) <= (COUNTIF($AN$2:$AN$5000,AN65)*0.5)), "SORTEADO", "-")} -> - | AN65: 02/04/2026
A66: ONMG - DIV MANUT SERV OPE GOPOÚVA | B66: 2689519302 | C66: SONDAR RAMAL DE ÁGUA | D66: OUTROS SERVIÇOS DE ÁGUA | E66: GUARULHOS | F66: RUA ANA COELHO DA SILVEIRA | G66: 220 | I66: JD IPANEMA | J66: SONDAGEM DE RAMAL DE AGUA | L66: 02/04/2026 | M66: 46057.685 | N66: ROMARIO MARINHO SANTOS | AF66: =IF(AND(O66="",Q66="",S66="",U66="",W66="",Y66="",AA66="",AC66=""),"",IF(OR(AND(O66<>"NA",O66<>"C",O66<>"NC",O66<>"SF",O66<>""),AND(Q66<>"NA",Q66<>"C",Q66<>"NC",Q66<>"SF",Q66<>""),AND(S66<>"NA",S66<>"C",S66<>"NC",S66<>"SF",S66<>""),AND(U66<>"NA",U66<>"C",U66<>"NC",U66<>"SF",U66<>""),AND(W66<>"NA",W66<>"C",W66<>"NC",W66<>"SF",W66<>""),AND(Y66<>"NA",Y66<>"C",Y66<>"NC",Y66<>"SF",Y66<>""),AND(AA66<>"NA",AA66<>"C",AA66<>"NC",AA66<>"SF",AA66<>""),AND(AC66<>"NA",AC66<>"C",AC66<>"NC",AC66<>"SF",AC66<>"")),"FALSO",IF(AND(O66="NA",Q66="NA",S66="NA",U66="NA",W66="NA",Y66="NA",AA66="NA",AC66="NA"),"NA",IF(OR(O66="NC",Q66="NC",S66="NC",U66="NC",W66="NC",Y66="NC",AA66="NC",AC66="NC",O66="SF",Q66="SF",S66="SF",U66="SF",W66="SF",Y66="SF",AA66="SF",AC66="SF"),"NC",IF(OR(O66="C",Q66="C",S66="C",U66="C",W66="C",Y66="C",AA66="C",AC66="C"),"C",""))))) | AG66: =IF(AND(AE66="C",AF66="C"),"UTILIZOU O PDA CORRETAMENTE",IF(AND(AE66="C",AF66="NC"),"UTILIZOU O PDA CORRETAMENTE. NÃO HÁ FOTOS DE TODAS AS ETAPAS",IF(AND(AE66="NC",AF66="NC"),"NÃO UTILIZOU O PDA",IF(AND(AE66="NA",AF66="NA"),"NÃO AVALIADO POR FALHA DE SINCRONISMO")))) -> FALSE | AI66: GOPOÚVA | AJ66: =E66 -> GUARULHOS | AK66: ÁGUA | AL66: 0.3742022 | AM66: {=IF(OR(O66<>"", SUMPRODUCT(($AN$2:$AN$5000=AN66)*($AL$2:$AL$5000<=AL66)) <= (COUNTIF($AN$2:$AN$5000,AN66)*0.5)), "SORTEADO", "-")} -> - | AN66: 02/04/2026
A67: ONMG - DIV MANUT SERV OPE GOPOÚVA | B67: 2689494720 | C67: TROCAR RAMAL DE ÁGUA | D67: VAZAMENTO DE ÁGUA | E67: GUARULHOS | F67: RUA GAGO COUTINHO | G67: 456 | I67: JD V GALVAO | J67: TROCA DE RAMAL DE AGUA | K67: trata se de troca de ramal, nao foi possivel sequencia de fotos correta devido local em obras , passeio adjacente em obras responsabilidade do cliente , interferência de comgas no passeio adjacente | L67: 02/04/2026 | M67: 46057.567 | N67: JOSE LIMA SILVA | O67: SF | Q67: SF | S67: SF | U67: SF | W67: SF | Y67: SF | AA67: SF | AC67: SF | AE67: NC | AF67: =IF(AND(O67="",Q67="",S67="",U67="",W67="",Y67="",AA67="",AC67=""),"",IF(OR(AND(O67<>"NA",O67<>"C",O67<>"NC",O67<>"SF",O67<>""),AND(Q67<>"NA",Q67<>"C",Q67<>"NC",Q67<>"SF",Q67<>""),AND(S67<>"NA",S67<>"C",S67<>"NC",S67<>"SF",S67<>""),AND(U67<>"NA",U67<>"C",U67<>"NC",U67<>"SF",U67<>""),AND(W67<>"NA",W67<>"C",W67<>"NC",W67<>"SF",W67<>""),AND(Y67<>"NA",Y67<>"C",Y67<>"NC",Y67<>"SF",Y67<>""),AND(AA67<>"NA",AA67<>"C",AA67<>"NC",AA67<>"SF",AA67<>""),AND(AC67<>"NA",AC67<>"C",AC67<>"NC",AC67<>"SF",AC67<>"")),"FALSO",IF(AND(O67="NA",Q67="NA",S67="NA",U67="NA",W67="NA",Y67="NA",AA67="NA",AC67="NA"),"NA",IF(OR(O67="NC",Q67="NC",S67="NC",U67="NC",W67="NC",Y67="NC",AA67="NC",AC67="NC",O67="SF",Q67="SF",S67="SF",U67="SF",W67="SF",Y67="SF",AA67="SF",AC67="SF"),"NC",IF(OR(O67="C",Q67="C",S67="C",U67="C",W67="C",Y67="C",AA67="C",AC67="C"),"C",""))))) -> NC | AG67: =IF(AND(AE67="C",AF67="C"),"UTILIZOU O PDA CORRETAMENTE",IF(AND(AE67="C",AF67="NC"),"UTILIZOU O PDA CORRETAMENTE. NÃO HÁ FOTOS DE TODAS AS ETAPAS",IF(AND(AE67="NC",AF67="NC"),"NÃO UTILIZOU O PDA",IF(AND(AE67="NA",AF67="NA"),"NÃO AVALIADO POR FALHA DE SINCRONISMO")))) -> NÃO UTILIZOU O PDA | AH67: C | AI67: GOPOÚVA | AJ67: =E67 -> GUARULHOS | AK67: ÁGUA | AL67: 0.11434144 | AM67: {=IF(OR(O67<>"", SUMPRODUCT(($AN$2:$AN$5000=AN67)*($AL$2:$AL$5000<=AL67)) <= (COUNTIF($AN$2:$AN$5000,AN67)*0.5)), "SORTEADO", "-")} -> SORTEADO | AN67: 02/04/2026
A68: ONMG - DIV MANUT SERV OPE GOPOÚVA | B68: 2614173410 | C68: TROCAR RAMAL DE ÁGUA PREVENTIVA | D68: RAMAL DE ÁGUA | E68: GUARULHOS | F68: RUA QUILOMBO | G68: 154 | H68: ANTIGO 162 | I68: JD SANTA CECILIA | J68: TROCA DE RAMAL DE AGUA PREVENTIVA | K68: trata se de pe de cavalete preventivo devido ramal ja ser novo | L68: 03/04/2026 | M68: 46085.425 | N68: ROBERTO APARECIDO BARBOSA SANTOS | AF68: =IF(AND(O68="",Q68="",S68="",U68="",W68="",Y68="",AA68="",AC68=""),"",IF(OR(AND(O68<>"NA",O68<>"C",O68<>"NC",O68<>"SF",O68<>""),AND(Q68<>"NA",Q68<>"C",Q68<>"NC",Q68<>"SF",Q68<>""),AND(S68<>"NA",S68<>"C",S68<>"NC",S68<>"SF",S68<>""),AND(U68<>"NA",U68<>"C",U68<>"NC",U68<>"SF",U68<>""),AND(W68<>"NA",W68<>"C",W68<>"NC",W68<>"SF",W68<>""),AND(Y68<>"NA",Y68<>"C",Y68<>"NC",Y68<>"SF",Y68<>""),AND(AA68<>"NA",AA68<>"C",AA68<>"NC",AA68<>"SF",AA68<>""),AND(AC68<>"NA",AC68<>"C",AC68<>"NC",AC68<>"SF",AC68<>"")),"FALSO",IF(AND(O68="NA",Q68="NA",S68="NA",U68="NA",W68="NA",Y68="NA",AA68="NA",AC68="NA"),"NA",IF(OR(O68="NC",Q68="NC",S68="NC",U68="NC",W68="NC",Y68="NC",AA68="NC",AC68="NC",O68="SF",Q68="SF",S68="SF",U68="SF",W68="SF",Y68="SF",AA68="SF",AC68="SF"),"NC",IF(OR(O68="C",Q68="C",S68="C",U68="C",W68="C",Y68="C",AA68="C",AC68="C"),"C",""))))) | AG68: =IF(AND(AE68="C",AF68="C"),"UTILIZOU O PDA CORRETAMENTE",IF(AND(AE68="C",AF68="NC"),"UTILIZOU O PDA CORRETAMENTE. NÃO HÁ FOTOS DE TODAS AS ETAPAS",IF(AND(AE68="NC",AF68="NC"),"NÃO UTILIZOU O PDA",IF(AND(AE68="NA",AF68="NA"),"NÃO AVALIADO POR FALHA DE SINCRONISMO")))) -> FALSE | AI68: GOPOÚVA | AJ68: =E68 -> GUARULHOS | AK68: ÁGUA | AL68: 0.95878191 | AM68: {=IF(OR(O68<>"", SUMPRODUCT(($AN$2:$AN$5000=AN68)*($AL$2:$AL$5000<=AL68)) <= (COUNTIF($AN$2:$AN$5000,AN68)*0.5)), "SORTEADO", "-")} -> - | AN68: 03/04/2026
A69: ONMG - DIV MANUT SERV OPE GOPOÚVA | B69: 2614128186 | C69: VAZAMENTO DE ÁGUA NÃO VISÍVEL RAMAL | D69: VAZAMENTO DE ÁGUA | E69: GUARULHOS | F69: RUA ABATA | G69: 286 | H69: ANT13A | I69: JD FLOR DA MONTANHA | J69: SUPRIMIDO RAMAL AGUA ABAND NÃO VISIVEL | K69: 1-As fotos estao na OS principal | L69: 02/04/2026 | M69: 46057.704 | N69: CARLOS HENRIQUE DO AMARAL | AF69: =IF(AND(O69="",Q69="",S69="",U69="",W69="",Y69="",AA69="",AC69=""),"",IF(OR(AND(O69<>"NA",O69<>"C",O69<>"NC",O69<>"SF",O69<>""),AND(Q69<>"NA",Q69<>"C",Q69<>"NC",Q69<>"SF",Q69<>""),AND(S69<>"NA",S69<>"C",S69<>"NC",S69<>"SF",S69<>""),AND(U69<>"NA",U69<>"C",U69<>"NC",U69<>"SF",U69<>""),AND(W69<>"NA",W69<>"C",W69<>"NC",W69<>"SF",W69<>""),AND(Y69<>"NA",Y69<>"C",Y69<>"NC",Y69<>"SF",Y69<>""),AND(AA69<>"NA",AA69<>"C",AA69<>"NC",AA69<>"SF",AA69<>""),AND(AC69<>"NA",AC69<>"C",AC69<>"NC",AC69<>"SF",AC69<>"")),"FALSO",IF(AND(O69="NA",Q69="NA",S69="NA",U69="NA",W69="NA",Y69="NA",AA69="NA",AC69="NA"),"NA",IF(OR(O69="NC",Q69="NC",S69="NC",U69="NC",W69="NC",Y69="NC",AA69="NC",AC69="NC",O69="SF",Q69="SF",S69="SF",U69="SF",W69="SF",Y69="SF",AA69="SF",AC69="SF"),"NC",IF(OR(O69="C",Q69="C",S69="C",U69="C",W69="C",Y69="C",AA69="C",AC69="C"),"C",""))))) | AG69: =IF(AND(AE69="C",AF69="C"),"UTILIZOU O PDA CORRETAMENTE",IF(AND(AE69="C",AF69="NC"),"UTILIZOU O PDA CORRETAMENTE. NÃO HÁ FOTOS DE TODAS AS ETAPAS",IF(AND(AE69="NC",AF69="NC"),"NÃO UTILIZOU O PDA",IF(AND(AE69="NA",AF69="NA"),"NÃO AVALIADO POR FALHA DE SINCRONISMO")))) -> FALSE | AI69: GOPOÚVA | AJ69: =E69 -> GUARULHOS | AK69: ÁGUA | AL69: 0.69102078 | AM69: {=IF(OR(O69<>"", SUMPRODUCT(($AN$2:$AN$5000=AN69)*($AL$2:$AL$5000<=AL69)) <= (COUNTIF($AN$2:$AN$5000,AN69)*0.5)), "SORTEADO", "-")} -> - | AN69: 02/04/2026
A70: ONMG - DIV MANUT SERV OPE GOPOÚVA | B70: 2614128186 | C70: SONDAR REDE DE ÁGUA | D70: OUTROS SERVIÇOS DE ÁGUA | E70: GUARULHOS | F70: RUA ABATA | G70: 286 | H70: ANT13A | I70: JD FLOR DA MONTANHA | J70: SONDAGEM DE REDE DE AGUA | K70: As fotos estao na OS principal | L70: 02/04/2026 | M70: 46057.709 | N70: CARLOS HENRIQUE DO AMARAL | O70: C | Q70: C | S70: C | U70: C | W70: C | Y70: NA | AA70: C | AC70: C | AE70: C | AF70: =IF(AND(O70="",Q70="",S70="",U70="",W70="",Y70="",AA70="",AC70=""),"",IF(OR(AND(O70<>"NA",O70<>"C",O70<>"NC",O70<>"SF",O70<>""),AND(Q70<>"NA",Q70<>"C",Q70<>"NC",Q70<>"SF",Q70<>""),AND(S70<>"NA",S70<>"C",S70<>"NC",S70<>"SF",S70<>""),AND(U70<>"NA",U70<>"C",U70<>"NC",U70<>"SF",U70<>""),AND(W70<>"NA",W70<>"C",W70<>"NC",W70<>"SF",W70<>""),AND(Y70<>"NA",Y70<>"C",Y70<>"NC",Y70<>"SF",Y70<>""),AND(AA70<>"NA",AA70<>"C",AA70<>"NC",AA70<>"SF",AA70<>""),AND(AC70<>"NA",AC70<>"C",AC70<>"NC",AC70<>"SF",AC70<>"")),"FALSO",IF(AND(O70="NA",Q70="NA",S70="NA",U70="NA",W70="NA",Y70="NA",AA70="NA",AC70="NA"),"NA",IF(OR(O70="NC",Q70="NC",S70="NC",U70="NC",W70="NC",Y70="NC",AA70="NC",AC70="NC",O70="SF",Q70="SF",S70="SF",U70="SF",W70="SF",Y70="SF",AA70="SF",AC70="SF"),"NC",IF(OR(O70="C",Q70="C",S70="C",U70="C",W70="C",Y70="C",AA70="C",AC70="C"),"C",""))))) -> C | AG70: =IF(AND(AE70="C",AF70="C"),"UTILIZOU O PDA CORRETAMENTE",IF(AND(AE70="C",AF70="NC"),"UTILIZOU O PDA CORRETAMENTE. NÃO HÁ FOTOS DE TODAS AS ETAPAS",IF(AND(AE70="NC",AF70="NC"),"NÃO UTILIZOU O PDA",IF(AND(AE70="NA",AF70="NA"),"NÃO AVALIADO POR FALHA DE SINCRONISMO")))) -> UTILIZOU O PDA CORRETAMENTE | AH70: C | AI70: GOPOÚVA | AJ70: =E70 -> GUARULHOS | AK70: ÁGUA | AL70: 0.20084179 | AM70: {=IF(OR(O70<>"", SUMPRODUCT(($AN$2:$AN$5000=AN70)*($AL$2:$AL$5000<=AL70)) <= (COUNTIF($AN$2:$AN$5000,AN70)*0.5)), "SORTEADO", "-")} -> SORTEADO | AN70: 02/04/2026
A71: ONMG - DIV MANUT SERV OPE GOPOÚVA | B71: 2689535121 | C71: VAZAMENTO DE ÁGUA NO PASSEIO | D71: VAZAMENTO DE ÁGUA | E71: GUARULHOS | F71: RUA PAULO CASTALDELLI | G71: 18 | I71: PQ CONTINENTAL I | J71: SUPRIMIDO RAMAL DE AGUA ABANDONADO | L71: 03/04/2026 | M71: 46085.376 | N71: JOSE PETRUCIO SANTOS FILHO | AF71: =IF(AND(O71="",Q71="",S71="",U71="",W71="",Y71="",AA71="",AC71=""),"",IF(OR(AND(O71<>"NA",O71<>"C",O71<>"NC",O71<>"SF",O71<>""),AND(Q71<>"NA",Q71<>"C",Q71<>"NC",Q71<>"SF",Q71<>""),AND(S71<>"NA",S71<>"C",S71<>"NC",S71<>"SF",S71<>""),AND(U71<>"NA",U71<>"C",U71<>"NC",U71<>"SF",U71<>""),AND(W71<>"NA",W71<>"C",W71<>"NC",W71<>"SF",W71<>""),AND(Y71<>"NA",Y71<>"C",Y71<>"NC",Y71<>"SF",Y71<>""),AND(AA71<>"NA",AA71<>"C",AA71<>"NC",AA71<>"SF",AA71<>""),AND(AC71<>"NA",AC71<>"C",AC71<>"NC",AC71<>"SF",AC71<>"")),"FALSO",IF(AND(O71="NA",Q71="NA",S71="NA",U71="NA",W71="NA",Y71="NA",AA71="NA",AC71="NA"),"NA",IF(OR(O71="NC",Q71="NC",S71="NC",U71="NC",W71="NC",Y71="NC",AA71="NC",AC71="NC",O71="SF",Q71="SF",S71="SF",U71="SF",W71="SF",Y71="SF",AA71="SF",AC71="SF"),"NC",IF(OR(O71="C",Q71="C",S71="C",U71="C",W71="C",Y71="C",AA71="C",AC71="C"),"C",""))))) | AG71: =IF(AND(AE71="C",AF71="C"),"UTILIZOU O PDA CORRETAMENTE",IF(AND(AE71="C",AF71="NC"),"UTILIZOU O PDA CORRETAMENTE. NÃO HÁ FOTOS DE TODAS AS ETAPAS",IF(AND(AE71="NC",AF71="NC"),"NÃO UTILIZOU O PDA",IF(AND(AE71="NA",AF71="NA"),"NÃO AVALIADO POR FALHA DE SINCRONISMO")))) -> FALSE | AI71: GOPOÚVA | AJ71: =E71 -> GUARULHOS | AK71: ÁGUA | AL71: 0.99616346 | AM71: {=IF(OR(O71<>"", SUMPRODUCT(($AN$2:$AN$5000=AN71)*($AL$2:$AL$5000<=AL71)) <= (COUNTIF($AN$2:$AN$5000,AN71)*0.5)), "SORTEADO", "-")} -> - | AN71: 03/04/2026
A72: ONMG - DIV MANUT SERV OPE GOPOÚVA | B72: 2614194300 | C72: TROCAR RAMAL DE ÁGUA PREVENTIVA | D72: RAMAL DE ÁGUA | E72: GUARULHOS | F72: VIELA DA BARRA | G72: 100 | H72: ANTIGO 134 | I72: JD SANTA CECILIA | J72: TROCA DE RAMAL DE AGUA PREVENTIVA | L72: 03/04/2026 | M72: 46085.501 | N72: ROMARIO MARINHO SANTOS | O72: NC | Q72: NC | S72: NC | U72: NC | W72: NC | Y72: NC | AA72: NC | AC72: NC | AE72: NC | AF72: =IF(AND(O72="",Q72="",S72="",U72="",W72="",Y72="",AA72="",AC72=""),"",IF(OR(AND(O72<>"NA",O72<>"C",O72<>"NC",O72<>"SF",O72<>""),AND(Q72<>"NA",Q72<>"C",Q72<>"NC",Q72<>"SF",Q72<>""),AND(S72<>"NA",S72<>"C",S72<>"NC",S72<>"SF",S72<>""),AND(U72<>"NA",U72<>"C",U72<>"NC",U72<>"SF",U72<>""),AND(W72<>"NA",W72<>"C",W72<>"NC",W72<>"SF",W72<>""),AND(Y72<>"NA",Y72<>"C",Y72<>"NC",Y72<>"SF",Y72<>""),AND(AA72<>"NA",AA72<>"C",AA72<>"NC",AA72<>"SF",AA72<>""),AND(AC72<>"NA",AC72<>"C",AC72<>"NC",AC72<>"SF",AC72<>"")),"FALSO",IF(AND(O72="NA",Q72="NA",S72="NA",U72="NA",W72="NA",Y72="NA",AA72="NA",AC72="NA"),"NA",IF(OR(O72="NC",Q72="NC",S72="NC",U72="NC",W72="NC",Y72="NC",AA72="NC",AC72="NC",O72="SF",Q72="SF",S72="SF",U72="SF",W72="SF",Y72="SF",AA72="SF",AC72="SF"),"NC",IF(OR(O72="C",Q72="C",S72="C",U72="C",W72="C",Y72="C",AA72="C",AC72="C"),"C",""))))) -> NC | AG72: FOTO DA FOTO | AH72: C | AI72: GOPOÚVA | AJ72: =E72 -> GUARULHOS | AK72: ÁGUA | AL72: 0.19619411 | AM72: {=IF(OR(O72<>"", SUMPRODUCT(($AN$2:$AN$5000=AN72)*($AL$2:$AL$5000<=AL72)) <= (COUNTIF($AN$2:$AN$5000,AN72)*0.5)), "SORTEADO", "-")} -> SORTEADO | AN72: 03/04/2026
A73: ONMG - DIV MANUT SERV OPE GOPOÚVA | B73: 2613894467 | C73: VAZAMENTO DE ÁGUA NÃO VISÍVEL REDE | D73: VAZAMENTO DE ÁGUA | E73: GUARULHOS | F73: RUA NOVA UNIAO | G73: 82 | H73: CASA-02 | I73: V UNIAO | J73: SUPRIMIDO RAMAL AGUA ABAND NÃO VISIVEL | L73: 03/04/2026 | M73: 46085.552 | N73: FABIO SANTOS | AF73: =IF(AND(O73="",Q73="",S73="",U73="",W73="",Y73="",AA73="",AC73=""),"",IF(OR(AND(O73<>"NA",O73<>"C",O73<>"NC",O73<>"SF",O73<>""),AND(Q73<>"NA",Q73<>"C",Q73<>"NC",Q73<>"SF",Q73<>""),AND(S73<>"NA",S73<>"C",S73<>"NC",S73<>"SF",S73<>""),AND(U73<>"NA",U73<>"C",U73<>"NC",U73<>"SF",U73<>""),AND(W73<>"NA",W73<>"C",W73<>"NC",W73<>"SF",W73<>""),AND(Y73<>"NA",Y73<>"C",Y73<>"NC",Y73<>"SF",Y73<>""),AND(AA73<>"NA",AA73<>"C",AA73<>"NC",AA73<>"SF",AA73<>""),AND(AC73<>"NA",AC73<>"C",AC73<>"NC",AC73<>"SF",AC73<>"")),"FALSO",IF(AND(O73="NA",Q73="NA",S73="NA",U73="NA",W73="NA",Y73="NA",AA73="NA",AC73="NA"),"NA",IF(OR(O73="NC",Q73="NC",S73="NC",U73="NC",W73="NC",Y73="NC",AA73="NC",AC73="NC",O73="SF",Q73="SF",S73="SF",U73="SF",W73="SF",Y73="SF",AA73="SF",AC73="SF"),"NC",IF(OR(O73="C",Q73="C",S73="C",U73="C",W73="C",Y73="C",AA73="C",AC73="C"),"C",""))))) | AG73: =IF(AND(AE73="C",AF73="C"),"UTILIZOU O PDA CORRETAMENTE",IF(AND(AE73="C",AF73="NC"),"UTILIZOU O PDA CORRETAMENTE. NÃO HÁ FOTOS DE TODAS AS ETAPAS",IF(AND(AE73="NC",AF73="NC"),"NÃO UTILIZOU O PDA",IF(AND(AE73="NA",AF73="NA"),"NÃO AVALIADO POR FALHA DE SINCRONISMO")))) -> FALSE | AI73: GOPOÚVA | AJ73: =E73 -> GUARULHOS | AK73: ÁGUA | AL73: 0.74875019 | AM73: {=IF(OR(O73<>"", SUMPRODUCT(($AN$2:$AN$5000=AN73)*($AL$2:$AL$5000<=AL73)) <= (COUNTIF($AN$2:$AN$5000,AN73)*0.5)), "SORTEADO", "-")} -> - | AN73: 03/04/2026
A74: ONMG - DIV MANUT SERV OPE GOPOÚVA | B74: 2613764387 | C74: TRANSFORMAÇÃO LIG EXIST COM APROV RAMAL | D74: LIGAÇÃO DE ÁGUA | E74: GUARULHOS | F74: RUA MARIA LUISA REIS MONTEIRO DOS | G74: 387 | H74: ANT.18 C/1 | I74: RECREIO SAO JORGE | J74: TRANSFORMAÇÃO LIG EXIST COM APROV RAMAL | K74: REPOSIÇÃO CIMENTADO, FOTOS NA REDE, ERRO DE SINCRONIZAÇÃO, EQUIPE SANDRO (SEBASTIÃO E MARCELO) REALIZADO TROCA DO HD | L74: 03/04/2026 | M74: 46085.292 | N74: CICERO XAVIER DA SILVA | O74: NA | Q74: NA | S74: NA | U74: NA | W74: NA | Y74: NA | AA74: NA | AC74: NA | AE74: NA | AF74: =IF(AND(O74="",Q74="",S74="",U74="",W74="",Y74="",AA74="",AC74=""),"",IF(OR(AND(O74<>"NA",O74<>"C",O74<>"NC",O74<>"SF",O74<>""),AND(Q74<>"NA",Q74<>"C",Q74<>"NC",Q74<>"SF",Q74<>""),AND(S74<>"NA",S74<>"C",S74<>"NC",S74<>"SF",S74<>""),AND(U74<>"NA",U74<>"C",U74<>"NC",U74<>"SF",U74<>""),AND(W74<>"NA",W74<>"C",W74<>"NC",W74<>"SF",W74<>""),AND(Y74<>"NA",Y74<>"C",Y74<>"NC",Y74<>"SF",Y74<>""),AND(AA74<>"NA",AA74<>"C",AA74<>"NC",AA74<>"SF",AA74<>""),AND(AC74<>"NA",AC74<>"C",AC74<>"NC",AC74<>"SF",AC74<>"")),"FALSO",IF(AND(O74="NA",Q74="NA",S74="NA",U74="NA",W74="NA",Y74="NA",AA74="NA",AC74="NA"),"NA",IF(OR(O74="NC",Q74="NC",S74="NC",U74="NC",W74="NC",Y74="NC",AA74="NC",AC74="NC",O74="SF",Q74="SF",S74="SF",U74="SF",W74="SF",Y74="SF",AA74="SF",AC74="SF"),"NC",IF(OR(O74="C",Q74="C",S74="C",U74="C",W74="C",Y74="C",AA74="C",AC74="C"),"C",""))))) -> NA | AG74: =IF(AND(AE74="C",AF74="C"),"UTILIZOU O PDA CORRETAMENTE",IF(AND(AE74="C",AF74="NC"),"UTILIZOU O PDA CORRETAMENTE. NÃO HÁ FOTOS DE TODAS AS ETAPAS",IF(AND(AE74="NC",AF74="NC"),"NÃO UTILIZOU O PDA",IF(AND(AE74="NA",AF74="NA"),"NÃO AVALIADO POR FALHA DE SINCRONISMO")))) -> NÃO AVALIADO POR FALHA DE SINCRONISMO | AH74: C | AI74: GOPOÚVA | AJ74: =E74 -> GUARULHOS | AK74: ÁGUA | AL74: -0.0146 | AM74: {=IF(OR(O74<>"", SUMPRODUCT(($AN$2:$AN$5000=AN74)*($AL$2:$AL$5000<=AL74)) <= (COUNTIF($AN$2:$AN$5000,AN74)*0.5)), "SORTEADO", "-")} -> SORTEADO | AN74: 03/04/2026
A75: ONMG - DIV MANUT SERV OPE GOPOÚVA | B75: 2613764428 | C75: TRANSFORMAÇÃO LIG NOVA COM APROV RAMAL | D75: LIGAÇÃO DE ÁGUA | E75: GUARULHOS | F75: RUA MARIA LUISA REIS MONTEIRO DOS | G75: 387 | H75: ANT.18 C/3 | I75: RECREIO SAO JORGE | J75: TRANSFORMAÇÃO LIG NOVA COM APROV RAMAL | K75: REPOSIÇÃO CIMENTADO PASSEIO, FOTOS NA REDE, EQUIPE SANDRO (SEBASTIÃO E MARCELO) | L75: 03/04/2026 | M75: 46085.292 | N75: CICERO XAVIER DA SILVA | O75: NA | Q75: NA | S75: NA | U75: NA | W75: NA | Y75: NA | AA75: NA | AC75: NA | AE75: NA | AF75: =IF(AND(O75="",Q75="",S75="",U75="",W75="",Y75="",AA75="",AC75=""),"",IF(OR(AND(O75<>"NA",O75<>"C",O75<>"NC",O75<>"SF",O75<>""),AND(Q75<>"NA",Q75<>"C",Q75<>"NC",Q75<>"SF",Q75<>""),AND(S75<>"NA",S75<>"C",S75<>"NC",S75<>"SF",S75<>""),AND(U75<>"NA",U75<>"C",U75<>"NC",U75<>"SF",U75<>""),AND(W75<>"NA",W75<>"C",W75<>"NC",W75<>"SF",W75<>""),AND(Y75<>"NA",Y75<>"C",Y75<>"NC",Y75<>"SF",Y75<>""),AND(AA75<>"NA",AA75<>"C",AA75<>"NC",AA75<>"SF",AA75<>""),AND(AC75<>"NA",AC75<>"C",AC75<>"NC",AC75<>"SF",AC75<>"")),"FALSO",IF(AND(O75="NA",Q75="NA",S75="NA",U75="NA",W75="NA",Y75="NA",AA75="NA",AC75="NA"),"NA",IF(OR(O75="NC",Q75="NC",S75="NC",U75="NC",W75="NC",Y75="NC",AA75="NC",AC75="NC",O75="SF",Q75="SF",S75="SF",U75="SF",W75="SF",Y75="SF",AA75="SF",AC75="SF"),"NC",IF(OR(O75="C",Q75="C",S75="C",U75="C",W75="C",Y75="C",AA75="C",AC75="C"),"C",""))))) -> NA | AG75: =IF(AND(AE75="C",AF75="C"),"UTILIZOU O PDA CORRETAMENTE",IF(AND(AE75="C",AF75="NC"),"UTILIZOU O PDA CORRETAMENTE. NÃO HÁ FOTOS DE TODAS AS ETAPAS",IF(AND(AE75="NC",AF75="NC"),"NÃO UTILIZOU O PDA",IF(AND(AE75="NA",AF75="NA"),"NÃO AVALIADO POR FALHA DE SINCRONISMO")))) -> NÃO AVALIADO POR FALHA DE SINCRONISMO | AH75: C | AI75: GOPOÚVA | AJ75: =E75 -> GUARULHOS | AK75: ÁGUA | AL75: -0.0148 | AM75: {=IF(OR(O75<>"", SUMPRODUCT(($AN$2:$AN$5000=AN75)*($AL$2:$AL$5000<=AL75)) <= (COUNTIF($AN$2:$AN$5000,AN75)*0.5)), "SORTEADO", "-")} -> SORTEADO | AN75: 03/04/2026
A76: ONMG - DIV MANUT SERV OPE GOPOÚVA | B76: 2613764423 | C76: TRANSFORMAÇÃO LIG NOVA COM APROV RAMAL | D76: LIGAÇÃO DE ÁGUA | E76: GUARULHOS | F76: RUA MARIA LUISA REIS MONTEIRO DOS | G76: 387 | H76: ANT.18 C/2 | I76: RECREIO SAO JORGE | J76: TRANSFORMAÇÃO LIG NOVA COM APROV RAMAL | K76: REPOSIÇÃO CIMENTADO PASSEIO, FOTOS NA REDE, EQUIPE SANDRO (SEBASTIÃO E MARCELO) | L76: 03/04/2026 | M76: 46085.292 | N76: CICERO XAVIER DA SILVA | O76: NA | Q76: NA | S76: NA | U76: NA | W76: NA | Y76: NA | AA76: NA | AC76: NA | AE76: NA | AF76: =IF(AND(O76="",Q76="",S76="",U76="",W76="",Y76="",AA76="",AC76=""),"",IF(OR(AND(O76<>"NA",O76<>"C",O76<>"NC",O76<>"SF",O76<>""),AND(Q76<>"NA",Q76<>"C",Q76<>"NC",Q76<>"SF",Q76<>""),AND(S76<>"NA",S76<>"C",S76<>"NC",S76<>"SF",S76<>""),AND(U76<>"NA",U76<>"C",U76<>"NC",U76<>"SF",U76<>""),AND(W76<>"NA",W76<>"C",W76<>"NC",W76<>"SF",W76<>""),AND(Y76<>"NA",Y76<>"C",Y76<>"NC",Y76<>"SF",Y76<>""),AND(AA76<>"NA",AA76<>"C",AA76<>"NC",AA76<>"SF",AA76<>""),AND(AC76<>"NA",AC76<>"C",AC76<>"NC",AC76<>"SF",AC76<>"")),"FALSO",IF(AND(O76="NA",Q76="NA",S76="NA",U76="NA",W76="NA",Y76="NA",AA76="NA",AC76="NA"),"NA",IF(OR(O76="NC",Q76="NC",S76="NC",U76="NC",W76="NC",Y76="NC",AA76="NC",AC76="NC",O76="SF",Q76="SF",S76="SF",U76="SF",W76="SF",Y76="SF",AA76="SF",AC76="SF"),"NC",IF(OR(O76="C",Q76="C",S76="C",U76="C",W76="C",Y76="C",AA76="C",AC76="C"),"C",""))))) -> NA | AG76: =IF(AND(AE76="C",AF76="C"),"UTILIZOU O PDA CORRETAMENTE",IF(AND(AE76="C",AF76="NC"),"UTILIZOU O PDA CORRETAMENTE. NÃO HÁ FOTOS DE TODAS AS ETAPAS",IF(AND(AE76="NC",AF76="NC"),"NÃO UTILIZOU O PDA",IF(AND(AE76="NA",AF76="NA"),"NÃO AVALIADO POR FALHA DE SINCRONISMO")))) -> NÃO AVALIADO POR FALHA DE SINCRONISMO | AH76: C | AI76: GOPOÚVA | AJ76: =E76 -> GUARULHOS | AK76: ÁGUA | AL76: -0.015 | AM76: {=IF(OR(O76<>"", SUMPRODUCT(($AN$2:$AN$5000=AN76)*($AL$2:$AL$5000<=AL76)) <= (COUNTIF($AN$2:$AN$5000,AN76)*0.5)), "SORTEADO", "-")} -> SORTEADO | AN76: 03/04/2026
A77: ONMG - DIV MANUT SERV OPE GOPOÚVA | B77: 2614220563 | C77: VAZAMENTO DE ÁGUA NÃO VISÍVEL REDE | D77: VAZAMENTO DE ÁGUA | E77: GUARULHOS | F77: RUA JAIME TAVARES | G77: 112 | I77: PQ MIKAIL I | J77: SUPRIMIDO RAMAL AGUA ABAND NÃO VISIVEL | L77: 03/04/2026 | M77: 46085.414 | N77: FABIO SANTOS | AF77: =IF(AND(O77="",Q77="",S77="",U77="",W77="",Y77="",AA77="",AC77=""),"",IF(OR(AND(O77<>"NA",O77<>"C",O77<>"NC",O77<>"SF",O77<>""),AND(Q77<>"NA",Q77<>"C",Q77<>"NC",Q77<>"SF",Q77<>""),AND(S77<>"NA",S77<>"C",S77<>"NC",S77<>"SF",S77<>""),AND(U77<>"NA",U77<>"C",U77<>"NC",U77<>"SF",U77<>""),AND(W77<>"NA",W77<>"C",W77<>"NC",W77<>"SF",W77<>""),AND(Y77<>"NA",Y77<>"C",Y77<>"NC",Y77<>"SF",Y77<>""),AND(AA77<>"NA",AA77<>"C",AA77<>"NC",AA77<>"SF",AA77<>""),AND(AC77<>"NA",AC77<>"C",AC77<>"NC",AC77<>"SF",AC77<>"")),"FALSO",IF(AND(O77="NA",Q77="NA",S77="NA",U77="NA",W77="NA",Y77="NA",AA77="NA",AC77="NA"),"NA",IF(OR(O77="NC",Q77="NC",S77="NC",U77="NC",W77="NC",Y77="NC",AA77="NC",AC77="NC",O77="SF",Q77="SF",S77="SF",U77="SF",W77="SF",Y77="SF",AA77="SF",AC77="SF"),"NC",IF(OR(O77="C",Q77="C",S77="C",U77="C",W77="C",Y77="C",AA77="C",AC77="C"),"C",""))))) | AG77: =IF(AND(AE77="C",AF77="C"),"UTILIZOU O PDA CORRETAMENTE",IF(AND(AE77="C",AF77="NC"),"UTILIZOU O PDA CORRETAMENTE. NÃO HÁ FOTOS DE TODAS AS ETAPAS",IF(AND(AE77="NC",AF77="NC"),"NÃO UTILIZOU O PDA",IF(AND(AE77="NA",AF77="NA"),"NÃO AVALIADO POR FALHA DE SINCRONISMO")))) -> FALSE | AI77: GOPOÚVA | AJ77: =E77 -> GUARULHOS | AK77: ÁGUA | AL77: 0.58666446 | AM77: {=IF(OR(O77<>"", SUMPRODUCT(($AN$2:$AN$5000=AN77)*($AL$2:$AL$5000<=AL77)) <= (COUNTIF($AN$2:$AN$5000,AN77)*0.5)), "SORTEADO", "-")} -> - | AN77: 03/04/2026
A78: ONMG - DIV MANUT SERV OPE GOPOÚVA | B78: 2689567475 | C78: VAZAMENTO DE ÁGUA NO PASSEIO | D78: VAZAMENTO DE ÁGUA | E78: GUARULHOS | F78: RUA RUBENS ALVES TAVARES | G78: 208 | H78: ANT 52 C/2 | I78: JD VALE DOS MACHADOS | J78: SUPRIMIDO RAMAL DE AGUA ABANDONADO | K78: serviço executado sem foto devido se ária de | L78: 03/04/2026 | M78: 46085.457 | N78: JOSE PETRUCIO SANTOS FILHO | O78: C | Q78: C | S78: C | U78: C | W78: C | Y78: NA | AA78: C | AC78: C | AE78: C | AF78: =IF(AND(O78="",Q78="",S78="",U78="",W78="",Y78="",AA78="",AC78=""),"",IF(OR(AND(O78<>"NA",O78<>"C",O78<>"NC",O78<>"SF",O78<>""),AND(Q78<>"NA",Q78<>"C",Q78<>"NC",Q78<>"SF",Q78<>""),AND(S78<>"NA",S78<>"C",S78<>"NC",S78<>"SF",S78<>""),AND(U78<>"NA",U78<>"C",U78<>"NC",U78<>"SF",U78<>""),AND(W78<>"NA",W78<>"C",W78<>"NC",W78<>"SF",W78<>""),AND(Y78<>"NA",Y78<>"C",Y78<>"NC",Y78<>"SF",Y78<>""),AND(AA78<>"NA",AA78<>"C",AA78<>"NC",AA78<>"SF",AA78<>""),AND(AC78<>"NA",AC78<>"C",AC78<>"NC",AC78<>"SF",AC78<>"")),"FALSO",IF(AND(O78="NA",Q78="NA",S78="NA",U78="NA",W78="NA",Y78="NA",AA78="NA",AC78="NA"),"NA",IF(OR(O78="NC",Q78="NC",S78="NC",U78="NC",W78="NC",Y78="NC",AA78="NC",AC78="NC",O78="SF",Q78="SF",S78="SF",U78="SF",W78="SF",Y78="SF",AA78="SF",AC78="SF"),"NC",IF(OR(O78="C",Q78="C",S78="C",U78="C",W78="C",Y78="C",AA78="C",AC78="C"),"C",""))))) -> C | AG78: =IF(AND(AE78="C",AF78="C"),"UTILIZOU O PDA CORRETAMENTE",IF(AND(AE78="C",AF78="NC"),"UTILIZOU O PDA CORRETAMENTE. NÃO HÁ FOTOS DE TODAS AS ETAPAS",IF(AND(AE78="NC",AF78="NC"),"NÃO UTILIZOU O PDA",IF(AND(AE78="NA",AF78="NA"),"NÃO AVALIADO POR FALHA DE SINCRONISMO")))) -> UTILIZOU O PDA CORRETAMENTE | AH78: C | AI78: GOPOÚVA | AJ78: =E78 -> GUARULHOS | AK78: ÁGUA | AL78: 0.19134888 | AM78: {=IF(OR(O78<>"", SUMPRODUCT(($AN$2:$AN$5000=AN78)*($AL$2:$AL$5000<=AL78)) <= (COUNTIF($AN$2:$AN$5000,AN78)*0.5)), "SORTEADO", "-")} -> SORTEADO | AN78: 03/04/2026
A79: ONMG - DIV MANUT SERV OPE GOPOÚVA | B79: 2614223573 | C79: VAZAMENTO DE ÁGUA NÃO VISÍVEL REDE | D79: VAZAMENTO DE ÁGUA | E79: GUARULHOS | F79: RUA CARANGUEIJO | G79: 466 | H79: ANTIGO 6 A | I79: PQ PRIMAVERA | J79: REPARO DE REDE DE AGUA NÃO VISIVEL | L79: 03/04/2026 | M79: 46085.577 | N79: JOSE PETRUCIO SANTOS FILHO | O79: C | Q79: C | S79: C | U79: C | W79: C | Y79: NA | AA79: C | AC79: C | AE79: C | AF79: =IF(AND(O79="",Q79="",S79="",U79="",W79="",Y79="",AA79="",AC79=""),"",IF(OR(AND(O79<>"NA",O79<>"C",O79<>"NC",O79<>"SF",O79<>""),AND(Q79<>"NA",Q79<>"C",Q79<>"NC",Q79<>"SF",Q79<>""),AND(S79<>"NA",S79<>"C",S79<>"NC",S79<>"SF",S79<>""),AND(U79<>"NA",U79<>"C",U79<>"NC",U79<>"SF",U79<>""),AND(W79<>"NA",W79<>"C",W79<>"NC",W79<>"SF",W79<>""),AND(Y79<>"NA",Y79<>"C",Y79<>"NC",Y79<>"SF",Y79<>""),AND(AA79<>"NA",AA79<>"C",AA79<>"NC",AA79<>"SF",AA79<>""),AND(AC79<>"NA",AC79<>"C",AC79<>"NC",AC79<>"SF",AC79<>"")),"FALSO",IF(AND(O79="NA",Q79="NA",S79="NA",U79="NA",W79="NA",Y79="NA",AA79="NA",AC79="NA"),"NA",IF(OR(O79="NC",Q79="NC",S79="NC",U79="NC",W79="NC",Y79="NC",AA79="NC",AC79="NC",O79="SF",Q79="SF",S79="SF",U79="SF",W79="SF",Y79="SF",AA79="SF",AC79="SF"),"NC",IF(OR(O79="C",Q79="C",S79="C",U79="C",W79="C",Y79="C",AA79="C",AC79="C"),"C",""))))) -> C | AG79: =IF(AND(AE79="C",AF79="C"),"UTILIZOU O PDA CORRETAMENTE",IF(AND(AE79="C",AF79="NC"),"UTILIZOU O PDA CORRETAMENTE. NÃO HÁ FOTOS DE TODAS AS ETAPAS",IF(AND(AE79="NC",AF79="NC"),"NÃO UTILIZOU O PDA",IF(AND(AE79="NA",AF79="NA"),"NÃO AVALIADO POR FALHA DE SINCRONISMO")))) -> UTILIZOU O PDA CORRETAMENTE | AH79: C | AI79: GOPOÚVA | AJ79: =E79 -> GUARULHOS | AK79: ÁGUA | AL79: 0.53807621 | AM79: {=IF(OR(O79<>"", SUMPRODUCT(($AN$2:$AN$5000=AN79)*($AL$2:$AL$5000<=AL79)) <= (COUNTIF($AN$2:$AN$5000,AN79)*0.5)), "SORTEADO", "-")} -> SORTEADO | AN79: 03/04/2026
A80: ONMG - DIV MANUT SERV OPE GOPOÚVA | B80: 2614223758 | C80: VAZAMENTO DE ÁGUA NÃO VISÍVEL REDE | D80: VAZAMENTO DE ÁGUA | E80: GUARULHOS | F80: RUA VEREADOR ALVARO DE MENDONCA FALCAO | G80: 77 | I80: V ANDRADE | J80: REPARO DE REDE DE AGUA NÃO VISIVEL | K80: foi executado um reparo na rede ff | L80: 03/04/2026 | M80: 46085.603 | N80: GIVALDO COSTA DOS SANTOS | AF80: =IF(AND(O80="",Q80="",S80="",U80="",W80="",Y80="",AA80="",AC80=""),"",IF(OR(AND(O80<>"NA",O80<>"C",O80<>"NC",O80<>"SF",O80<>""),AND(Q80<>"NA",Q80<>"C",Q80<>"NC",Q80<>"SF",Q80<>""),AND(S80<>"NA",S80<>"C",S80<>"NC",S80<>"SF",S80<>""),AND(U80<>"NA",U80<>"C",U80<>"NC",U80<>"SF",U80<>""),AND(W80<>"NA",W80<>"C",W80<>"NC",W80<>"SF",W80<>""),AND(Y80<>"NA",Y80<>"C",Y80<>"NC",Y80<>"SF",Y80<>""),AND(AA80<>"NA",AA80<>"C",AA80<>"NC",AA80<>"SF",AA80<>""),AND(AC80<>"NA",AC80<>"C",AC80<>"NC",AC80<>"SF",AC80<>"")),"FALSO",IF(AND(O80="NA",Q80="NA",S80="NA",U80="NA",W80="NA",Y80="NA",AA80="NA",AC80="NA"),"NA",IF(OR(O80="NC",Q80="NC",S80="NC",U80="NC",W80="NC",Y80="NC",AA80="NC",AC80="NC",O80="SF",Q80="SF",S80="SF",U80="SF",W80="SF",Y80="SF",AA80="SF",AC80="SF"),"NC",IF(OR(O80="C",Q80="C",S80="C",U80="C",W80="C",Y80="C",AA80="C",AC80="C"),"C",""))))) | AG80: =IF(AND(AE80="C",AF80="C"),"UTILIZOU O PDA CORRETAMENTE",IF(AND(AE80="C",AF80="NC"),"UTILIZOU O PDA CORRETAMENTE. NÃO HÁ FOTOS DE TODAS AS ETAPAS",IF(AND(AE80="NC",AF80="NC"),"NÃO UTILIZOU O PDA",IF(AND(AE80="NA",AF80="NA"),"NÃO AVALIADO POR FALHA DE SINCRONISMO")))) -> FALSE | AI80: GOPOÚVA | AJ80: =E80 -> GUARULHOS | AK80: ÁGUA | AL80: 0.69422603 | AM80: {=IF(OR(O80<>"", SUMPRODUCT(($AN$2:$AN$5000=AN80)*($AL$2:$AL$5000<=AL80)) <= (COUNTIF($AN$2:$AN$5000,AN80)*0.5)), "SORTEADO", "-")} -> - | AN80: 03/04/2026
A81: ONMG - DIV MANUT SERV OPE GOPOÚVA | B81: 2689572533 | C81: VAZAMENTO DE ÁGUA NO PASSEIO | D81: VAZAMENTO DE ÁGUA | E81: GUARULHOS | F81: RUA MARIA FERREIRA CALSADO | G81: 229 | I81: PQ MIKAIL I | J81: REPARO DE REDE DE AGUA | L81: 03/04/2026 | M81: 46085.527 | N81: JOSE LIMA SILVA | AF81: =IF(AND(O81="",Q81="",S81="",U81="",W81="",Y81="",AA81="",AC81=""),"",IF(OR(AND(O81<>"NA",O81<>"C",O81<>"NC",O81<>"SF",O81<>""),AND(Q81<>"NA",Q81<>"C",Q81<>"NC",Q81<>"SF",Q81<>""),AND(S81<>"NA",S81<>"C",S81<>"NC",S81<>"SF",S81<>""),AND(U81<>"NA",U81<>"C",U81<>"NC",U81<>"SF",U81<>""),AND(W81<>"NA",W81<>"C",W81<>"NC",W81<>"SF",W81<>""),AND(Y81<>"NA",Y81<>"C",Y81<>"NC",Y81<>"SF",Y81<>""),AND(AA81<>"NA",AA81<>"C",AA81<>"NC",AA81<>"SF",AA81<>""),AND(AC81<>"NA",AC81<>"C",AC81<>"NC",AC81<>"SF",AC81<>"")),"FALSO",IF(AND(O81="NA",Q81="NA",S81="NA",U81="NA",W81="NA",Y81="NA",AA81="NA",AC81="NA"),"NA",IF(OR(O81="NC",Q81="NC",S81="NC",U81="NC",W81="NC",Y81="NC",AA81="NC",AC81="NC",O81="SF",Q81="SF",S81="SF",U81="SF",W81="SF",Y81="SF",AA81="SF",AC81="SF"),"NC",IF(OR(O81="C",Q81="C",S81="C",U81="C",W81="C",Y81="C",AA81="C",AC81="C"),"C",""))))) | AG81: =IF(AND(AE81="C",AF81="C"),"UTILIZOU O PDA CORRETAMENTE",IF(AND(AE81="C",AF81="NC"),"UTILIZOU O PDA CORRETAMENTE. NÃO HÁ FOTOS DE TODAS AS ETAPAS",IF(AND(AE81="NC",AF81="NC"),"NÃO UTILIZOU O PDA",IF(AND(AE81="NA",AF81="NA"),"NÃO AVALIADO POR FALHA DE SINCRONISMO")))) -> FALSE | AI81: GOPOÚVA | AJ81: =E81 -> GUARULHOS | AK81: ÁGUA | AL81: 0.97404186 | AM81: {=IF(OR(O81<>"", SUMPRODUCT(($AN$2:$AN$5000=AN81)*($AL$2:$AL$5000<=AL81)) <= (COUNTIF($AN$2:$AN$5000,AN81)*0.5)), "SORTEADO", "-")} -> - | AN81: 03/04/2026
A82: ONMG - DIV MANUT SERV OPE GOPOÚVA | B82: 2689550040 | C82: TROCAR RAMAL DE ÁGUA | D82: VAZAMENTO DE ÁGUA | E82: GUARULHOS | F82: RUA CLAUDINO BARBOSA | G82: 543 | H82: FRENTEC/1A | I82: MACEDO | J82: TROCA DE RAMAL DE AGUA | K82: foi executado uma troca de ramal de agua. | L82: 03/04/2026 | M82: 46085.433 | N82: GIVALDO COSTA DOS SANTOS | O82: C | Q82: C | S82: C | U82: C | W82: C | Y82: NA | Z82: SEM FOCO PROBLEMA GEOCALL | AA82: C | AC82: C | AE82: C | AF82: =IF(AND(O82="",Q82="",S82="",U82="",W82="",Y82="",AA82="",AC82=""),"",IF(OR(AND(O82<>"NA",O82<>"C",O82<>"NC",O82<>"SF",O82<>""),AND(Q82<>"NA",Q82<>"C",Q82<>"NC",Q82<>"SF",Q82<>""),AND(S82<>"NA",S82<>"C",S82<>"NC",S82<>"SF",S82<>""),AND(U82<>"NA",U82<>"C",U82<>"NC",U82<>"SF",U82<>""),AND(W82<>"NA",W82<>"C",W82<>"NC",W82<>"SF",W82<>""),AND(Y82<>"NA",Y82<>"C",Y82<>"NC",Y82<>"SF",Y82<>""),AND(AA82<>"NA",AA82<>"C",AA82<>"NC",AA82<>"SF",AA82<>""),AND(AC82<>"NA",AC82<>"C",AC82<>"NC",AC82<>"SF",AC82<>"")),"FALSO",IF(AND(O82="NA",Q82="NA",S82="NA",U82="NA",W82="NA",Y82="NA",AA82="NA",AC82="NA"),"NA",IF(OR(O82="NC",Q82="NC",S82="NC",U82="NC",W82="NC",Y82="NC",AA82="NC",AC82="NC",O82="SF",Q82="SF",S82="SF",U82="SF",W82="SF",Y82="SF",AA82="SF",AC82="SF"),"NC",IF(OR(O82="C",Q82="C",S82="C",U82="C",W82="C",Y82="C",AA82="C",AC82="C"),"C",""))))) -> C | AG82: =IF(AND(AE82="C",AF82="C"),"UTILIZOU O PDA CORRETAMENTE",IF(AND(AE82="C",AF82="NC"),"UTILIZOU O PDA CORRETAMENTE. NÃO HÁ FOTOS DE TODAS AS ETAPAS",IF(AND(AE82="NC",AF82="NC"),"NÃO UTILIZOU O PDA",IF(AND(AE82="NA",AF82="NA"),"NÃO AVALIADO POR FALHA DE SINCRONISMO")))) -> UTILIZOU O PDA CORRETAMENTE | AH82: C | AI82: GOPOÚVA | AJ82: =E82 -> GUARULHOS | AK82: ÁGUA | AL82: 0.057824669 | AM82: {=IF(OR(O82<>"", SUMPRODUCT(($AN$2:$AN$5000=AN82)*($AL$2:$AL$5000<=AL82)) <= (COUNTIF($AN$2:$AN$5000,AN82)*0.5)), "SORTEADO", "-")} -> SORTEADO | AN82: 03/04/2026
A83: ONMG - DIV MANUT SERV OPE GOPOÚVA | B83: 2689576697 | C83: VAZAMENTO DE ÁGUA COM INFILTRAÇÃO | D83: VAZAMENTO DE ÁGUA | E83: GUARULHOS | F83: RUA LOUVEIRA | G83: 200 | H83: ANTIGO 438 | I83: JD MARILENA | J83: SUPRIMIDO RAMAL DE AGUA ABANDONADO | K83: Serviço baixado sem foto devido a área de risco | L83: 03/04/2026 | M83: 46085.683 | N83: JOSE PETRUCIO SANTOS FILHO | O83: C | Q83: C | S83: C | U83: C | W83: C | Y83: NA | AA83: C | AC83: C | AE83: C | AF83: =IF(AND(O83="",Q83="",S83="",U83="",W83="",Y83="",AA83="",AC83=""),"",IF(OR(AND(O83<>"NA",O83<>"C",O83<>"NC",O83<>"SF",O83<>""),AND(Q83<>"NA",Q83<>"C",Q83<>"NC",Q83<>"SF",Q83<>""),AND(S83<>"NA",S83<>"C",S83<>"NC",S83<>"SF",S83<>""),AND(U83<>"NA",U83<>"C",U83<>"NC",U83<>"SF",U83<>""),AND(W83<>"NA",W83<>"C",W83<>"NC",W83<>"SF",W83<>""),AND(Y83<>"NA",Y83<>"C",Y83<>"NC",Y83<>"SF",Y83<>""),AND(AA83<>"NA",AA83<>"C",AA83<>"NC",AA83<>"SF",AA83<>""),AND(AC83<>"NA",AC83<>"C",AC83<>"NC",AC83<>"SF",AC83<>"")),"FALSO",IF(AND(O83="NA",Q83="NA",S83="NA",U83="NA",W83="NA",Y83="NA",AA83="NA",AC83="NA"),"NA",IF(OR(O83="NC",Q83="NC",S83="NC",U83="NC",W83="NC",Y83="NC",AA83="NC",AC83="NC",O83="SF",Q83="SF",S83="SF",U83="SF",W83="SF",Y83="SF",AA83="SF",AC83="SF"),"NC",IF(OR(O83="C",Q83="C",S83="C",U83="C",W83="C",Y83="C",AA83="C",AC83="C"),"C",""))))) -> C | AG83: =IF(AND(AE83="C",AF83="C"),"UTILIZOU O PDA CORRETAMENTE",IF(AND(AE83="C",AF83="NC"),"UTILIZOU O PDA CORRETAMENTE. NÃO HÁ FOTOS DE TODAS AS ETAPAS",IF(AND(AE83="NC",AF83="NC"),"NÃO UTILIZOU O PDA",IF(AND(AE83="NA",AF83="NA"),"NÃO AVALIADO POR FALHA DE SINCRONISMO")))) -> UTILIZOU O PDA CORRETAMENTE | AH83: C | AI83: GOPOÚVA | AJ83: =E83 -> GUARULHOS | AK83: ÁGUA | AL83: 0.11440492 | AM83: {=IF(OR(O83<>"", SUMPRODUCT(($AN$2:$AN$5000=AN83)*($AL$2:$AL$5000<=AL83)) <= (COUNTIF($AN$2:$AN$5000,AN83)*0.5)), "SORTEADO", "-")} -> SORTEADO | AN83: 03/04/2026
A84: ONMG - DIV MANUT SERV OPE GOPOÚVA | B84: 2614226595 | C84: TROCAR RAMAL DE ÁGUA PREVENTIVA | D84: RAMAL DE ÁGUA | E84: GUARULHOS | F84: VIELA DA BARRA | G84: 104 | I84: JD SANTA CECILIA | J84: TROCA DE RAMAL DE AGUA PREVENTIVA | K84: fotos na os n 100 | L84: 03/04/2026 | M84: 46085.606 | N84: ROMARIO MARINHO SANTOS | AF84: =IF(AND(O84="",Q84="",S84="",U84="",W84="",Y84="",AA84="",AC84=""),"",IF(OR(AND(O84<>"NA",O84<>"C",O84<>"NC",O84<>"SF",O84<>""),AND(Q84<>"NA",Q84<>"C",Q84<>"NC",Q84<>"SF",Q84<>""),AND(S84<>"NA",S84<>"C",S84<>"NC",S84<>"SF",S84<>""),AND(U84<>"NA",U84<>"C",U84<>"NC",U84<>"SF",U84<>""),AND(W84<>"NA",W84<>"C",W84<>"NC",W84<>"SF",W84<>""),AND(Y84<>"NA",Y84<>"C",Y84<>"NC",Y84<>"SF",Y84<>""),AND(AA84<>"NA",AA84<>"C",AA84<>"NC",AA84<>"SF",AA84<>""),AND(AC84<>"NA",AC84<>"C",AC84<>"NC",AC84<>"SF",AC84<>"")),"FALSO",IF(AND(O84="NA",Q84="NA",S84="NA",U84="NA",W84="NA",Y84="NA",AA84="NA",AC84="NA"),"NA",IF(OR(O84="NC",Q84="NC",S84="NC",U84="NC",W84="NC",Y84="NC",AA84="NC",AC84="NC",O84="SF",Q84="SF",S84="SF",U84="SF",W84="SF",Y84="SF",AA84="SF",AC84="SF"),"NC",IF(OR(O84="C",Q84="C",S84="C",U84="C",W84="C",Y84="C",AA84="C",AC84="C"),"C",""))))) | AG84: =IF(AND(AE84="C",AF84="C"),"UTILIZOU O PDA CORRETAMENTE",IF(AND(AE84="C",AF84="NC"),"UTILIZOU O PDA CORRETAMENTE. NÃO HÁ FOTOS DE TODAS AS ETAPAS",IF(AND(AE84="NC",AF84="NC"),"NÃO UTILIZOU O PDA",IF(AND(AE84="NA",AF84="NA"),"NÃO AVALIADO POR FALHA DE SINCRONISMO")))) -> FALSE | AI84: GOPOÚVA | AJ84: =E84 -> GUARULHOS | AK84: ÁGUA | AL84: 0.76453634 | AM84: {=IF(OR(O84<>"", SUMPRODUCT(($AN$2:$AN$5000=AN84)*($AL$2:$AL$5000<=AL84)) <= (COUNTIF($AN$2:$AN$5000,AN84)*0.5)), "SORTEADO", "-")} -> - | AN84: 03/04/2026
A85: ONMG - DIV MANUT SERV OPE GOPOÚVA | B85: 2689578004 | C85: VAZAMENTO DE ÁGUA NO PASSEIO | D85: VAZAMENTO DE ÁGUA | E85: GUARULHOS | F85: RUA DIRCEU ROCHA DIAS | G85: 258 | H85: ANT. 220 | I85: JD CITY | J85: SUPRIMIDO RAMAL DE AGUA ABANDONADO | L85: 03/04/2026 | M85: 46085.67 | N85: ALISSON ARAUJO DA SILVA | AF85: =IF(AND(O85="",Q85="",S85="",U85="",W85="",Y85="",AA85="",AC85=""),"",IF(OR(AND(O85<>"NA",O85<>"C",O85<>"NC",O85<>"SF",O85<>""),AND(Q85<>"NA",Q85<>"C",Q85<>"NC",Q85<>"SF",Q85<>""),AND(S85<>"NA",S85<>"C",S85<>"NC",S85<>"SF",S85<>""),AND(U85<>"NA",U85<>"C",U85<>"NC",U85<>"SF",U85<>""),AND(W85<>"NA",W85<>"C",W85<>"NC",W85<>"SF",W85<>""),AND(Y85<>"NA",Y85<>"C",Y85<>"NC",Y85<>"SF",Y85<>""),AND(AA85<>"NA",AA85<>"C",AA85<>"NC",AA85<>"SF",AA85<>""),AND(AC85<>"NA",AC85<>"C",AC85<>"NC",AC85<>"SF",AC85<>"")),"FALSO",IF(AND(O85="NA",Q85="NA",S85="NA",U85="NA",W85="NA",Y85="NA",AA85="NA",AC85="NA"),"NA",IF(OR(O85="NC",Q85="NC",S85="NC",U85="NC",W85="NC",Y85="NC",AA85="NC",AC85="NC",O85="SF",Q85="SF",S85="SF",U85="SF",W85="SF",Y85="SF",AA85="SF",AC85="SF"),"NC",IF(OR(O85="C",Q85="C",S85="C",U85="C",W85="C",Y85="C",AA85="C",AC85="C"),"C",""))))) | AG85: =IF(AND(AE85="C",AF85="C"),"UTILIZOU O PDA CORRETAMENTE",IF(AND(AE85="C",AF85="NC"),"UTILIZOU O PDA CORRETAMENTE. NÃO HÁ FOTOS DE TODAS AS ETAPAS",IF(AND(AE85="NC",AF85="NC"),"NÃO UTILIZOU O PDA",IF(AND(AE85="NA",AF85="NA"),"NÃO AVALIADO POR FALHA DE SINCRONISMO")))) -> FALSE | AI85: GOPOÚVA | AJ85: =E85 -> GUARULHOS | AK85: ÁGUA | AL85: 0.56824765 | AM85: {=IF(OR(O85<>"", SUMPRODUCT(($AN$2:$AN$5000=AN85)*($AL$2:$AL$5000<=AL85)) <= (COUNTIF($AN$2:$AN$5000,AN85)*0.5)), "SORTEADO", "-")} -> - | AN85: 03/04/2026
A86: ONMG - DIV MANUT SERV OPE GOPOÚVA | B86: 2613624063 | C86: SUBSTITUIR LIGAÇÃO DE AGUA | D86: LIGAÇÃO DE ÁGUA | E86: GUARULHOS | F86: RUA BRASILANDIA | G86: 235 | I86: V BREMEN | J86: SUBSTITUIDA LIGAÇÃO DE AGUA | L86: 04/04/2026 | M86: 46116.463 | N86: ROBERTO APARECIDO BARBOSA SANTOS | AF86: =IF(AND(O86="",Q86="",S86="",U86="",W86="",Y86="",AA86="",AC86=""),"",IF(OR(AND(O86<>"NA",O86<>"C",O86<>"NC",O86<>"SF",O86<>""),AND(Q86<>"NA",Q86<>"C",Q86<>"NC",Q86<>"SF",Q86<>""),AND(S86<>"NA",S86<>"C",S86<>"NC",S86<>"SF",S86<>""),AND(U86<>"NA",U86<>"C",U86<>"NC",U86<>"SF",U86<>""),AND(W86<>"NA",W86<>"C",W86<>"NC",W86<>"SF",W86<>""),AND(Y86<>"NA",Y86<>"C",Y86<>"NC",Y86<>"SF",Y86<>""),AND(AA86<>"NA",AA86<>"C",AA86<>"NC",AA86<>"SF",AA86<>""),AND(AC86<>"NA",AC86<>"C",AC86<>"NC",AC86<>"SF",AC86<>"")),"FALSO",IF(AND(O86="NA",Q86="NA",S86="NA",U86="NA",W86="NA",Y86="NA",AA86="NA",AC86="NA"),"NA",IF(OR(O86="NC",Q86="NC",S86="NC",U86="NC",W86="NC",Y86="NC",AA86="NC",AC86="NC",O86="SF",Q86="SF",S86="SF",U86="SF",W86="SF",Y86="SF",AA86="SF",AC86="SF"),"NC",IF(OR(O86="C",Q86="C",S86="C",U86="C",W86="C",Y86="C",AA86="C",AC86="C"),"C",""))))) | AG86: =IF(AND(AE86="C",AF86="C"),"UTILIZOU O PDA CORRETAMENTE",IF(AND(AE86="C",AF86="NC"),"UTILIZOU O PDA CORRETAMENTE. NÃO HÁ FOTOS DE TODAS AS ETAPAS",IF(AND(AE86="NC",AF86="NC"),"NÃO UTILIZOU O PDA",IF(AND(AE86="NA",AF86="NA"),"NÃO AVALIADO POR FALHA DE SINCRONISMO")))) -> FALSE | AI86: GOPOÚVA | AJ86: =E86 -> GUARULHOS | AK86: ÁGUA | AL86: 0.77338272 | AM86: {=IF(OR(O86<>"", SUMPRODUCT(($AN$2:$AN$5000=AN86)*($AL$2:$AL$5000<=AL86)) <= (COUNTIF($AN$2:$AN$5000,AN86)*0.5)), "SORTEADO", "-")} -> - | AN86: 04/04/2026
A87: ONMG - DIV MANUT SERV OPE GOPOÚVA | B87: 2613629112 | C87: LIGAÇÃO DE ÁGUA S/V | D87: LIGAÇÃO DE ÁGUA | E87: GUARULHOS | F87: RUA CARLOS PEDRO FIRMO | G87: 125 | I87: PQ MIKAIL I | J87: LIGAÇÃO DE ÁGUA S/V | K87: nao foi possivel requadra o passeio devido piso estourado | L87: 04/04/2026 | M87: 46116.628 | N87: ROBERTO APARECIDO BARBOSA SANTOS | O87: C | Q87: C | S87: C | U87: C | W87: C | Y87: C | AA87: C | AC87: C | AE87: C | AF87: =IF(AND(O87="",Q87="",S87="",U87="",W87="",Y87="",AA87="",AC87=""),"",IF(OR(AND(O87<>"NA",O87<>"C",O87<>"NC",O87<>"SF",O87<>""),AND(Q87<>"NA",Q87<>"C",Q87<>"NC",Q87<>"SF",Q87<>""),AND(S87<>"NA",S87<>"C",S87<>"NC",S87<>"SF",S87<>""),AND(U87<>"NA",U87<>"C",U87<>"NC",U87<>"SF",U87<>""),AND(W87<>"NA",W87<>"C",W87<>"NC",W87<>"SF",W87<>""),AND(Y87<>"NA",Y87<>"C",Y87<>"NC",Y87<>"SF",Y87<>""),AND(AA87<>"NA",AA87<>"C",AA87<>"NC",AA87<>"SF",AA87<>""),AND(AC87<>"NA",AC87<>"C",AC87<>"NC",AC87<>"SF",AC87<>"")),"FALSO",IF(AND(O87="NA",Q87="NA",S87="NA",U87="NA",W87="NA",Y87="NA",AA87="NA",AC87="NA"),"NA",IF(OR(O87="NC",Q87="NC",S87="NC",U87="NC",W87="NC",Y87="NC",AA87="NC",AC87="NC",O87="SF",Q87="SF",S87="SF",U87="SF",W87="SF",Y87="SF",AA87="SF",AC87="SF"),"NC",IF(OR(O87="C",Q87="C",S87="C",U87="C",W87="C",Y87="C",AA87="C",AC87="C"),"C",""))))) -> C | AG87: =IF(AND(AE87="C",AF87="C"),"UTILIZOU O PDA CORRETAMENTE",IF(AND(AE87="C",AF87="NC"),"UTILIZOU O PDA CORRETAMENTE. NÃO HÁ FOTOS DE TODAS AS ETAPAS",IF(AND(AE87="NC",AF87="NC"),"NÃO UTILIZOU O PDA",IF(AND(AE87="NA",AF87="NA"),"NÃO AVALIADO POR FALHA DE SINCRONISMO")))) -> UTILIZOU O PDA CORRETAMENTE | AH87: C | AI87: GOPOÚVA | AJ87: =E87 -> GUARULHOS | AK87: ÁGUA | AL87: -0.0172 | AM87: {=IF(OR(O87<>"", SUMPRODUCT(($AN$2:$AN$5000=AN87)*($AL$2:$AL$5000<=AL87)) <= (COUNTIF($AN$2:$AN$5000,AN87)*0.5)), "SORTEADO", "-")} -> SORTEADO | AN87: 04/04/2026
A88: ONMG - DIV MANUT SERV OPE GOPOÚVA | B88: 2613858773 | C88: TRANSFORMAÇÃO LIG EXIST COM APROV RAMAL | D88: LIGAÇÃO DE ÁGUA | E88: GUARULHOS | F88: RUA CAVADAS | G88: 313 | H88: C/1 | I88: V SAO JOAO | J88: TRANSFORMAÇÃO LIG EXIST COM APROV RAMAL | K88: passeio em obra | L88: 05/04/2026 | M88: 46146.481 | N88: ROBERTO APARECIDO BARBOSA SANTOS | O88: C | Q88: C | S88: C | U88: C | W88: C | Y88: NC | Z88: MANOMETRO ZERADO | AA88: C | AC88: C | AE88: C | AF88: =IF(AND(O88="",Q88="",S88="",U88="",W88="",Y88="",AA88="",AC88=""),"",IF(OR(AND(O88<>"NA",O88<>"C",O88<>"NC",O88<>"SF",O88<>""),AND(Q88<>"NA",Q88<>"C",Q88<>"NC",Q88<>"SF",Q88<>""),AND(S88<>"NA",S88<>"C",S88<>"NC",S88<>"SF",S88<>""),AND(U88<>"NA",U88<>"C",U88<>"NC",U88<>"SF",U88<>""),AND(W88<>"NA",W88<>"C",W88<>"NC",W88<>"SF",W88<>""),AND(Y88<>"NA",Y88<>"C",Y88<>"NC",Y88<>"SF",Y88<>""),AND(AA88<>"NA",AA88<>"C",AA88<>"NC",AA88<>"SF",AA88<>""),AND(AC88<>"NA",AC88<>"C",AC88<>"NC",AC88<>"SF",AC88<>"")),"FALSO",IF(AND(O88="NA",Q88="NA",S88="NA",U88="NA",W88="NA",Y88="NA",AA88="NA",AC88="NA"),"NA",IF(OR(O88="NC",Q88="NC",S88="NC",U88="NC",W88="NC",Y88="NC",AA88="NC",AC88="NC",O88="SF",Q88="SF",S88="SF",U88="SF",W88="SF",Y88="SF",AA88="SF",AC88="SF"),"NC",IF(OR(O88="C",Q88="C",S88="C",U88="C",W88="C",Y88="C",AA88="C",AC88="C"),"C",""))))) -> NC | AG88: =IF(AND(AE88="C",AF88="C"),"UTILIZOU O PDA CORRETAMENTE",IF(AND(AE88="C",AF88="NC"),"UTILIZOU O PDA CORRETAMENTE. NÃO HÁ FOTOS DE TODAS AS ETAPAS",IF(AND(AE88="NC",AF88="NC"),"NÃO UTILIZOU O PDA",IF(AND(AE88="NA",AF88="NA"),"NÃO AVALIADO POR FALHA DE SINCRONISMO")))) -> UTILIZOU O PDA CORRETAMENTE. NÃO HÁ FOTOS DE TODAS AS ETAPAS | AH88: C | AI88: GOPOÚVA | AJ88: =E88 -> GUARULHOS | AK88: ÁGUA | AL88: -0.0174 | AM88: {=IF(OR(O88<>"", SUMPRODUCT(($AN$2:$AN$5000=AN88)*($AL$2:$AL$5000<=AL88)) <= (COUNTIF($AN$2:$AN$5000,AN88)*0.5)), "SORTEADO", "-")} -> SORTEADO | AN88: 05/04/2026
A89: ONMG - DIV MANUT SERV OPE GOPOÚVA | B89: 2613858852 | C89: TRANSFORMAÇÃO LIG NOVA COM APROV RAMAL | D89: LIGAÇÃO DE ÁGUA | E89: GUARULHOS | F89: RUA CAVADAS | G89: 313 | H89: C/7 | I89: V SAO JOAO | J89: TRANSFORMAÇÃO LIG NOVA COM APROV RAMAL | K89: foto da execucao na O.S 2613858773 | L89: 05/04/2026 | M89: 46146.497 | N89: ROBERTO APARECIDO BARBOSA SANTOS | O89: C | Q89: C | S89: C | U89: C | W89: C | Y89: NC | Z89: MANOMETRO ZERADO | AA89: C | AC89: C | AD89: C | AE89: C | AF89: =IF(AND(O89="",Q89="",S89="",U89="",W89="",Y89="",AA89="",AC89=""),"",IF(OR(AND(O89<>"NA",O89<>"C",O89<>"NC",O89<>"SF",O89<>""),AND(Q89<>"NA",Q89<>"C",Q89<>"NC",Q89<>"SF",Q89<>""),AND(S89<>"NA",S89<>"C",S89<>"NC",S89<>"SF",S89<>""),AND(U89<>"NA",U89<>"C",U89<>"NC",U89<>"SF",U89<>""),AND(W89<>"NA",W89<>"C",W89<>"NC",W89<>"SF",W89<>""),AND(Y89<>"NA",Y89<>"C",Y89<>"NC",Y89<>"SF",Y89<>""),AND(AA89<>"NA",AA89<>"C",AA89<>"NC",AA89<>"SF",AA89<>""),AND(AC89<>"NA",AC89<>"C",AC89<>"NC",AC89<>"SF",AC89<>"")),"FALSO",IF(AND(O89="NA",Q89="NA",S89="NA",U89="NA",W89="NA",Y89="NA",AA89="NA",AC89="NA"),"NA",IF(OR(O89="NC",Q89="NC",S89="NC",U89="NC",W89="NC",Y89="NC",AA89="NC",AC89="NC",O89="SF",Q89="SF",S89="SF",U89="SF",W89="SF",Y89="SF",AA89="SF",AC89="SF"),"NC",IF(OR(O89="C",Q89="C",S89="C",U89="C",W89="C",Y89="C",AA89="C",AC89="C"),"C",""))))) -> NC | AG89: =IF(AND(AE89="C",AF89="C"),"UTILIZOU O PDA CORRETAMENTE",IF(AND(AE89="C",AF89="NC"),"UTILIZOU O PDA CORRETAMENTE. NÃO HÁ FOTOS DE TODAS AS ETAPAS",IF(AND(AE89="NC",AF89="NC"),"NÃO UTILIZOU O PDA",IF(AND(AE89="NA",AF89="NA"),"NÃO AVALIADO POR FALHA DE SINCRONISMO")))) -> UTILIZOU O PDA CORRETAMENTE. NÃO HÁ FOTOS DE TODAS AS ETAPAS | AH89: C | AI89: GOPOÚVA | AJ89: =E89 -> GUARULHOS | AK89: ÁGUA | AL89: -0.0176 | AM89: {=IF(OR(O89<>"", SUMPRODUCT(($AN$2:$AN$5000=AN89)*($AL$2:$AL$5000<=AL89)) <= (COUNTIF($AN$2:$AN$5000,AN89)*0.5)), "SORTEADO", "-")} -> SORTEADO | AN89: 05/04/2026
A90: ONMG - DIV MANUT SERV OPE GOPOÚVA | B90: 2613858851 | C90: TRANSFORMAÇÃO LIG NOVA COM APROV RAMAL | D90: LIGAÇÃO DE ÁGUA | E90: GUARULHOS | F90: RUA CAVADAS | G90: 313 | H90: C/6 | I90: V SAO JOAO | J90: TRANSFORMAÇÃO LIG NOVA COM APROV RAMAL | K90: foto da execucao na O.S 2613858773 | L90: 05/04/2026 | M90: 46146.494 | N90: ROBERTO APARECIDO BARBOSA SANTOS | O90: C | Q90: C | S90: C | U90: C | W90: C | Y90: NC | Z90: MANOMETRO ZERADO | AA90: C | AC90: C | AD90: C | AE90: C | AF90: =IF(AND(O90="",Q90="",S90="",U90="",W90="",Y90="",AA90="",AC90=""),"",IF(OR(AND(O90<>"NA",O90<>"C",O90<>"NC",O90<>"SF",O90<>""),AND(Q90<>"NA",Q90<>"C",Q90<>"NC",Q90<>"SF",Q90<>""),AND(S90<>"NA",S90<>"C",S90<>"NC",S90<>"SF",S90<>""),AND(U90<>"NA",U90<>"C",U90<>"NC",U90<>"SF",U90<>""),AND(W90<>"NA",W90<>"C",W90<>"NC",W90<>"SF",W90<>""),AND(Y90<>"NA",Y90<>"C",Y90<>"NC",Y90<>"SF",Y90<>""),AND(AA90<>"NA",AA90<>"C",AA90<>"NC",AA90<>"SF",AA90<>""),AND(AC90<>"NA",AC90<>"C",AC90<>"NC",AC90<>"SF",AC90<>"")),"FALSO",IF(AND(O90="NA",Q90="NA",S90="NA",U90="NA",W90="NA",Y90="NA",AA90="NA",AC90="NA"),"NA",IF(OR(O90="NC",Q90="NC",S90="NC",U90="NC",W90="NC",Y90="NC",AA90="NC",AC90="NC",O90="SF",Q90="SF",S90="SF",U90="SF",W90="SF",Y90="SF",AA90="SF",AC90="SF"),"NC",IF(OR(O90="C",Q90="C",S90="C",U90="C",W90="C",Y90="C",AA90="C",AC90="C"),"C",""))))) -> NC | AG90: =IF(AND(AE90="C",AF90="C"),"UTILIZOU O PDA CORRETAMENTE",IF(AND(AE90="C",AF90="NC"),"UTILIZOU O PDA CORRETAMENTE. NÃO HÁ FOTOS DE TODAS AS ETAPAS",IF(AND(AE90="NC",AF90="NC"),"NÃO UTILIZOU O PDA",IF(AND(AE90="NA",AF90="NA"),"NÃO AVALIADO POR FALHA DE SINCRONISMO")))) -> UTILIZOU O PDA CORRETAMENTE. NÃO HÁ FOTOS DE TODAS AS ETAPAS | AH90: C | AI90: GOPOÚVA | AJ90: =E90 -> GUARULHOS | AK90: ÁGUA | AL90: -0.0178 | AM90: {=IF(OR(O90<>"", SUMPRODUCT(($AN$2:$AN$5000=AN90)*($AL$2:$AL$5000<=AL90)) <= (COUNTIF($AN$2:$AN$5000,AN90)*0.5)), "SORTEADO", "-")} -> SORTEADO | AN90: 05/04/2026
A91: ONMG - DIV MANUT SERV OPE GOPOÚVA | B91: 2613858849 | C91: TRANSFORMAÇÃO LIG NOVA COM APROV RAMAL | D91: LIGAÇÃO DE ÁGUA | E91: GUARULHOS | F91: RUA CAVADAS | G91: 313 | H91: C/5 | I91: V SAO JOAO | J91: TRANSFORMAÇÃO LIG NOVA COM APROV RAMAL | K91: foto da execucao na O.S 2613858773 | L91: 05/04/2026 | M91: 46146.492 | N91: ROBERTO APARECIDO BARBOSA SANTOS | O91: C | Q91: C | S91: C | U91: C | W91: C | Y91: NC | Z91: MANOMETRO ZERADO | AA91: C | AC91: C | AD91: C | AE91: C | AF91: =IF(AND(O91="",Q91="",S91="",U91="",W91="",Y91="",AA91="",AC91=""),"",IF(OR(AND(O91<>"NA",O91<>"C",O91<>"NC",O91<>"SF",O91<>""),AND(Q91<>"NA",Q91<>"C",Q91<>"NC",Q91<>"SF",Q91<>""),AND(S91<>"NA",S91<>"C",S91<>"NC",S91<>"SF",S91<>""),AND(U91<>"NA",U91<>"C",U91<>"NC",U91<>"SF",U91<>""),AND(W91<>"NA",W91<>"C",W91<>"NC",W91<>"SF",W91<>""),AND(Y91<>"NA",Y91<>"C",Y91<>"NC",Y91<>"SF",Y91<>""),AND(AA91<>"NA",AA91<>"C",AA91<>"NC",AA91<>"SF",AA91<>""),AND(AC91<>"NA",AC91<>"C",AC91<>"NC",AC91<>"SF",AC91<>"")),"FALSO",IF(AND(O91="NA",Q91="NA",S91="NA",U91="NA",W91="NA",Y91="NA",AA91="NA",AC91="NA"),"NA",IF(OR(O91="NC",Q91="NC",S91="NC",U91="NC",W91="NC",Y91="NC",AA91="NC",AC91="NC",O91="SF",Q91="SF",S91="SF",U91="SF",W91="SF",Y91="SF",AA91="SF",AC91="SF"),"NC",IF(OR(O91="C",Q91="C",S91="C",U91="C",W91="C",Y91="C",AA91="C",AC91="C"),"C",""))))) -> NC | AG91: =IF(AND(AE91="C",AF91="C"),"UTILIZOU O PDA CORRETAMENTE",IF(AND(AE91="C",AF91="NC"),"UTILIZOU O PDA CORRETAMENTE. NÃO HÁ FOTOS DE TODAS AS ETAPAS",IF(AND(AE91="NC",AF91="NC"),"NÃO UTILIZOU O PDA",IF(AND(AE91="NA",AF91="NA"),"NÃO AVALIADO POR FALHA DE SINCRONISMO")))) -> UTILIZOU O PDA CORRETAMENTE. NÃO HÁ FOTOS DE TODAS AS ETAPAS | AH91: C | AI91: GOPOÚVA | AJ91: =E91 -> GUARULHOS | AK91: ÁGUA | AL91: -0.018 | AM91: {=IF(OR(O91<>"", SUMPRODUCT(($AN$2:$AN$5000=AN91)*($AL$2:$AL$5000<=AL91)) <= (COUNTIF($AN$2:$AN$5000,AN91)*0.5)), "SORTEADO", "-")} -> SORTEADO | AN91: 05/04/2026
A92: ONMG - DIV MANUT SERV OPE GOPOÚVA | B92: 2613858828 | C92: TRANSFORMAÇÃO LIG NOVA COM APROV RAMAL | D92: LIGAÇÃO DE ÁGUA | E92: GUARULHOS | F92: RUA CAVADAS | G92: 313 | H92: C/3 | I92: V SAO JOAO | J92: TRANSFORMAÇÃO LIG NOVA COM APROV RAMAL | K92: foto da execucao na O.S 2613858773 | L92: 05/04/2026 | M92: 46146.487 | N92: ROBERTO APARECIDO BARBOSA SANTOS | O92: C | Q92: C | S92: C | U92: C | W92: C | Y92: NC | Z92: MANOMETRO ZERADO | AA92: C | AC92: C | AD92: C | AE92: C | AF92: =IF(AND(O92="",Q92="",S92="",U92="",W92="",Y92="",AA92="",AC92=""),"",IF(OR(AND(O92<>"NA",O92<>"C",O92<>"NC",O92<>"SF",O92<>""),AND(Q92<>"NA",Q92<>"C",Q92<>"NC",Q92<>"SF",Q92<>""),AND(S92<>"NA",S92<>"C",S92<>"NC",S92<>"SF",S92<>""),AND(U92<>"NA",U92<>"C",U92<>"NC",U92<>"SF",U92<>""),AND(W92<>"NA",W92<>"C",W92<>"NC",W92<>"SF",W92<>""),AND(Y92<>"NA",Y92<>"C",Y92<>"NC",Y92<>"SF",Y92<>""),AND(AA92<>"NA",AA92<>"C",AA92<>"NC",AA92<>"SF",AA92<>""),AND(AC92<>"NA",AC92<>"C",AC92<>"NC",AC92<>"SF",AC92<>"")),"FALSO",IF(AND(O92="NA",Q92="NA",S92="NA",U92="NA",W92="NA",Y92="NA",AA92="NA",AC92="NA"),"NA",IF(OR(O92="NC",Q92="NC",S92="NC",U92="NC",W92="NC",Y92="NC",AA92="NC",AC92="NC",O92="SF",Q92="SF",S92="SF",U92="SF",W92="SF",Y92="SF",AA92="SF",AC92="SF"),"NC",IF(OR(O92="C",Q92="C",S92="C",U92="C",W92="C",Y92="C",AA92="C",AC92="C"),"C",""))))) -> NC | AG92: =IF(AND(AE92="C",AF92="C"),"UTILIZOU O PDA CORRETAMENTE",IF(AND(AE92="C",AF92="NC"),"UTILIZOU O PDA CORRETAMENTE. NÃO HÁ FOTOS DE TODAS AS ETAPAS",IF(AND(AE92="NC",AF92="NC"),"NÃO UTILIZOU O PDA",IF(AND(AE92="NA",AF92="NA"),"NÃO AVALIADO POR FALHA DE SINCRONISMO")))) -> UTILIZOU O PDA CORRETAMENTE. NÃO HÁ FOTOS DE TODAS AS ETAPAS | AH92: C | AI92: GOPOÚVA | AJ92: =E92 -> GUARULHOS | AK92: ÁGUA | AL92: -0.0182 | AM92: {=IF(OR(O92<>"", SUMPRODUCT(($AN$2:$AN$5000=AN92)*($AL$2:$AL$5000<=AL92)) <= (COUNTIF($AN$2:$AN$5000,AN92)*0.5)), "SORTEADO", "-")} -> SORTEADO | AN92: 05/04/2026
A93: ONMG - DIV MANUT SERV OPE GOPOÚVA | B93: 2613858835 | C93: TRANSFORMAÇÃO LIG NOVA COM APROV RAMAL | D93: LIGAÇÃO DE ÁGUA | E93: GUARULHOS | F93: RUA CAVADAS | G93: 313 | H93: C/4 | I93: V SAO JOAO | J93: TRANSFORMAÇÃO LIG NOVA COM APROV RAMAL | K93: foto da execucao na O.S 2613858773 | L93: 05/04/2026 | M93: 46146.489 | N93: ROBERTO APARECIDO BARBOSA SANTOS | O93: C | Q93: C | S93: C | U93: C | W93: C | Y93: NC | Z93: MANOMETRO ZERADO | AA93: C | AC93: C | AD93: C | AE93: C | AF93: =IF(AND(O93="",Q93="",S93="",U93="",W93="",Y93="",AA93="",AC93=""),"",IF(OR(AND(O93<>"NA",O93<>"C",O93<>"NC",O93<>"SF",O93<>""),AND(Q93<>"NA",Q93<>"C",Q93<>"NC",Q93<>"SF",Q93<>""),AND(S93<>"NA",S93<>"C",S93<>"NC",S93<>"SF",S93<>""),AND(U93<>"NA",U93<>"C",U93<>"NC",U93<>"SF",U93<>""),AND(W93<>"NA",W93<>"C",W93<>"NC",W93<>"SF",W93<>""),AND(Y93<>"NA",Y93<>"C",Y93<>"NC",Y93<>"SF",Y93<>""),AND(AA93<>"NA",AA93<>"C",AA93<>"NC",AA93<>"SF",AA93<>""),AND(AC93<>"NA",AC93<>"C",AC93<>"NC",AC93<>"SF",AC93<>"")),"FALSO",IF(AND(O93="NA",Q93="NA",S93="NA",U93="NA",W93="NA",Y93="NA",AA93="NA",AC93="NA"),"NA",IF(OR(O93="NC",Q93="NC",S93="NC",U93="NC",W93="NC",Y93="NC",AA93="NC",AC93="NC",O93="SF",Q93="SF",S93="SF",U93="SF",W93="SF",Y93="SF",AA93="SF",AC93="SF"),"NC",IF(OR(O93="C",Q93="C",S93="C",U93="C",W93="C",Y93="C",AA93="C",AC93="C"),"C",""))))) -> NC | AG93: =IF(AND(AE93="C",AF93="C"),"UTILIZOU O PDA CORRETAMENTE",IF(AND(AE93="C",AF93="NC"),"UTILIZOU O PDA CORRETAMENTE. NÃO HÁ FOTOS DE TODAS AS ETAPAS",IF(AND(AE93="NC",AF93="NC"),"NÃO UTILIZOU O PDA",IF(AND(AE93="NA",AF93="NA"),"NÃO AVALIADO POR FALHA DE SINCRONISMO")))) -> UTILIZOU O PDA CORRETAMENTE. NÃO HÁ FOTOS DE TODAS AS ETAPAS | AH93: C | AI93: GOPOÚVA | AJ93: =E93 -> GUARULHOS | AK93: ÁGUA | AL93: -0.0184 | AM93: {=IF(OR(O93<>"", SUMPRODUCT(($AN$2:$AN$5000=AN93)*($AL$2:$AL$5000<=AL93)) <= (COUNTIF($AN$2:$AN$5000,AN93)*0.5)), "SORTEADO", "-")} -> SORTEADO | AN93: 05/04/2026
A94: ONMG - DIV MANUT SERV OPE GOPOÚVA | B94: 2613858784 | C94: TRANSFORMAÇÃO LIG NOVA COM APROV RAMAL | D94: LIGAÇÃO DE ÁGUA | E94: GUARULHOS | F94: RUA CAVADAS | G94: 313 | H94: C/2 | I94: V SAO JOAO | J94: TRANSFORMAÇÃO LIG NOVA COM APROV RAMAL | K94: foto da execucao na O.S 2613858773 | L94: 05/04/2026 | M94: 46146.485 | N94: ROBERTO APARECIDO BARBOSA SANTOS | O94: C | Q94: C | S94: C | U94: C | W94: C | Y94: NC | Z94: MANOMETRO ZERADO | AA94: C | AC94: C | AD94: C | AE94: C | AF94: =IF(AND(O94="",Q94="",S94="",U94="",W94="",Y94="",AA94="",AC94=""),"",IF(OR(AND(O94<>"NA",O94<>"C",O94<>"NC",O94<>"SF",O94<>""),AND(Q94<>"NA",Q94<>"C",Q94<>"NC",Q94<>"SF",Q94<>""),AND(S94<>"NA",S94<>"C",S94<>"NC",S94<>"SF",S94<>""),AND(U94<>"NA",U94<>"C",U94<>"NC",U94<>"SF",U94<>""),AND(W94<>"NA",W94<>"C",W94<>"NC",W94<>"SF",W94<>""),AND(Y94<>"NA",Y94<>"C",Y94<>"NC",Y94<>"SF",Y94<>""),AND(AA94<>"NA",AA94<>"C",AA94<>"NC",AA94<>"SF",AA94<>""),AND(AC94<>"NA",AC94<>"C",AC94<>"NC",AC94<>"SF",AC94<>"")),"FALSO",IF(AND(O94="NA",Q94="NA",S94="NA",U94="NA",W94="NA",Y94="NA",AA94="NA",AC94="NA"),"NA",IF(OR(O94="NC",Q94="NC",S94="NC",U94="NC",W94="NC",Y94="NC",AA94="NC",AC94="NC",O94="SF",Q94="SF",S94="SF",U94="SF",W94="SF",Y94="SF",AA94="SF",AC94="SF"),"NC",IF(OR(O94="C",Q94="C",S94="C",U94="C",W94="C",Y94="C",AA94="C",AC94="C"),"C",""))))) -> NC | AG94: =IF(AND(AE94="C",AF94="C"),"UTILIZOU O PDA CORRETAMENTE",IF(AND(AE94="C",AF94="NC"),"UTILIZOU O PDA CORRETAMENTE. NÃO HÁ FOTOS DE TODAS AS ETAPAS",IF(AND(AE94="NC",AF94="NC"),"NÃO UTILIZOU O PDA",IF(AND(AE94="NA",AF94="NA"),"NÃO AVALIADO POR FALHA DE SINCRONISMO")))) -> UTILIZOU O PDA CORRETAMENTE. NÃO HÁ FOTOS DE TODAS AS ETAPAS | AH94: C | AI94: GOPOÚVA | AJ94: =E94 -> GUARULHOS | AK94: ÁGUA | AL94: -0.0186 | AM94: {=IF(OR(O94<>"", SUMPRODUCT(($AN$2:$AN$5000=AN94)*($AL$2:$AL$5000<=AL94)) <= (COUNTIF($AN$2:$AN$5000,AN94)*0.5)), "SORTEADO", "-")} -> SORTEADO | AN94: 05/04/2026
A95: ONMG - DIV MANUT SERV OPE GOPOÚVA | B95: 2613698148 | C95: TROCAR RAMAL DE ÁGUA PREVENTIVA | D95: RAMAL DE ÁGUA | E95: GUARULHOS | F95: RUA HUGO ZILLER | G95: 426 | H95: ANT. 3 | I95: JD SANTA CECILIA | J95: TROCA DE RAMAL DE AGUA PREVENTIVA | K95: 1-Troca ate o passeio,cliente n estava em casa e o cavalete é dentro da casa 2 | L95: 04/04/2026 | M95: 46116.449 | N95: CARLOS HENRIQUE DO AMARAL | O95: C | Q95: C | S95: C | U95: C | W95: C | Y95: C | AA95: C | AC95: NC | AD95: FALTA RÉGUA, TRENA E CARIMBO | AE95: C | AF95: =IF(AND(O95="",Q95="",S95="",U95="",W95="",Y95="",AA95="",AC95=""),"",IF(OR(AND(O95<>"NA",O95<>"C",O95<>"NC",O95<>"SF",O95<>""),AND(Q95<>"NA",Q95<>"C",Q95<>"NC",Q95<>"SF",Q95<>""),AND(S95<>"NA",S95<>"C",S95<>"NC",S95<>"SF",S95<>""),AND(U95<>"NA",U95<>"C",U95<>"NC",U95<>"SF",U95<>""),AND(W95<>"NA",W95<>"C",W95<>"NC",W95<>"SF",W95<>""),AND(Y95<>"NA",Y95<>"C",Y95<>"NC",Y95<>"SF",Y95<>""),AND(AA95<>"NA",AA95<>"C",AA95<>"NC",AA95<>"SF",AA95<>""),AND(AC95<>"NA",AC95<>"C",AC95<>"NC",AC95<>"SF",AC95<>"")),"FALSO",IF(AND(O95="NA",Q95="NA",S95="NA",U95="NA",W95="NA",Y95="NA",AA95="NA",AC95="NA"),"NA",IF(OR(O95="NC",Q95="NC",S95="NC",U95="NC",W95="NC",Y95="NC",AA95="NC",AC95="NC",O95="SF",Q95="SF",S95="SF",U95="SF",W95="SF",Y95="SF",AA95="SF",AC95="SF"),"NC",IF(OR(O95="C",Q95="C",S95="C",U95="C",W95="C",Y95="C",AA95="C",AC95="C"),"C",""))))) -> NC | AG95: =IF(AND(AE95="C",AF95="C"),"UTILIZOU O PDA CORRETAMENTE",IF(AND(AE95="C",AF95="NC"),"UTILIZOU O PDA CORRETAMENTE. NÃO HÁ FOTOS DE TODAS AS ETAPAS",IF(AND(AE95="NC",AF95="NC"),"NÃO UTILIZOU O PDA",IF(AND(AE95="NA",AF95="NA"),"NÃO AVALIADO POR FALHA DE SINCRONISMO")))) -> UTILIZOU O PDA CORRETAMENTE. NÃO HÁ FOTOS DE TODAS AS ETAPAS | AH95: C | AI95: GOPOÚVA | AJ95: =E95 -> GUARULHOS | AK95: ÁGUA | AL95: -0.0188 | AM95: {=IF(OR(O95<>"", SUMPRODUCT(($AN$2:$AN$5000=AN95)*($AL$2:$AL$5000<=AL95)) <= (COUNTIF($AN$2:$AN$5000,AN95)*0.5)), "SORTEADO", "-")} -> SORTEADO | AN95: 04/04/2026
A96: ONMG - DIV MANUT SERV OPE GOPOÚVA | B96: 2613870525 | C96: VAZAMENTO DE ÁGUA NÃO VISÍVEL REDE | D96: VAZAMENTO DE ÁGUA | E96: GUARULHOS | F96: RUA PROFESSOR JOSE MUNHOZ | G96: 993 | H96: ANT63 | I96: JD MUNHOZ | J96: SONDAGEM DE RAMAL DE AGUA NÃO VISIVEL | L96: 04/04/2026 | M96: 46116.517 | N96: ALISSON ARAUJO DA SILVA | O96: C | Q96: C | S96: C | U96: C | W96: C | Y96: NA | AA96: C | AC96: C | AE96: C | AF96: =IF(AND(O96="",Q96="",S96="",U96="",W96="",Y96="",AA96="",AC96=""),"",IF(OR(AND(O96<>"NA",O96<>"C",O96<>"NC",O96<>"SF",O96<>""),AND(Q96<>"NA",Q96<>"C",Q96<>"NC",Q96<>"SF",Q96<>""),AND(S96<>"NA",S96<>"C",S96<>"NC",S96<>"SF",S96<>""),AND(U96<>"NA",U96<>"C",U96<>"NC",U96<>"SF",U96<>""),AND(W96<>"NA",W96<>"C",W96<>"NC",W96<>"SF",W96<>""),AND(Y96<>"NA",Y96<>"C",Y96<>"NC",Y96<>"SF",Y96<>""),AND(AA96<>"NA",AA96<>"C",AA96<>"NC",AA96<>"SF",AA96<>""),AND(AC96<>"NA",AC96<>"C",AC96<>"NC",AC96<>"SF",AC96<>"")),"FALSO",IF(AND(O96="NA",Q96="NA",S96="NA",U96="NA",W96="NA",Y96="NA",AA96="NA",AC96="NA"),"NA",IF(OR(O96="NC",Q96="NC",S96="NC",U96="NC",W96="NC",Y96="NC",AA96="NC",AC96="NC",O96="SF",Q96="SF",S96="SF",U96="SF",W96="SF",Y96="SF",AA96="SF",AC96="SF"),"NC",IF(OR(O96="C",Q96="C",S96="C",U96="C",W96="C",Y96="C",AA96="C",AC96="C"),"C",""))))) -> C | AG96: =IF(AND(AE96="C",AF96="C"),"UTILIZOU O PDA CORRETAMENTE",IF(AND(AE96="C",AF96="NC"),"UTILIZOU O PDA CORRETAMENTE. NÃO HÁ FOTOS DE TODAS AS ETAPAS",IF(AND(AE96="NC",AF96="NC"),"NÃO UTILIZOU O PDA",IF(AND(AE96="NA",AF96="NA"),"NÃO AVALIADO POR FALHA DE SINCRONISMO")))) -> UTILIZOU O PDA CORRETAMENTE | AH96: C | AI96: GOPOÚVA | AJ96: =E96 -> GUARULHOS | AK96: ÁGUA | AL96: 0.15242065 | AM96: {=IF(OR(O96<>"", SUMPRODUCT(($AN$2:$AN$5000=AN96)*($AL$2:$AL$5000<=AL96)) <= (COUNTIF($AN$2:$AN$5000,AN96)*0.5)), "SORTEADO", "-")} -> SORTEADO | AN96: 04/04/2026
A97: ONMG - DIV MANUT SERV OPE GOPOÚVA | B97: 2614229327 | C97: VAZAMENTO DE ÁGUA NÃO VISÍVEL REDE | D97: VAZAMENTO DE ÁGUA | E97: GUARULHOS | F97: RUA ONZE | G97: 112 | H97: CASA 01 | I97: JD MARILENA | J97: REPARO DE REDE DE AGUA NÃO VISIVEL | L97: 04/04/2026 | M97: 46116.421 | N97: FABIO SANTOS | AF97: =IF(AND(O97="",Q97="",S97="",U97="",W97="",Y97="",AA97="",AC97=""),"",IF(OR(AND(O97<>"NA",O97<>"C",O97<>"NC",O97<>"SF",O97<>""),AND(Q97<>"NA",Q97<>"C",Q97<>"NC",Q97<>"SF",Q97<>""),AND(S97<>"NA",S97<>"C",S97<>"NC",S97<>"SF",S97<>""),AND(U97<>"NA",U97<>"C",U97<>"NC",U97<>"SF",U97<>""),AND(W97<>"NA",W97<>"C",W97<>"NC",W97<>"SF",W97<>""),AND(Y97<>"NA",Y97<>"C",Y97<>"NC",Y97<>"SF",Y97<>""),AND(AA97<>"NA",AA97<>"C",AA97<>"NC",AA97<>"SF",AA97<>""),AND(AC97<>"NA",AC97<>"C",AC97<>"NC",AC97<>"SF",AC97<>"")),"FALSO",IF(AND(O97="NA",Q97="NA",S97="NA",U97="NA",W97="NA",Y97="NA",AA97="NA",AC97="NA"),"NA",IF(OR(O97="NC",Q97="NC",S97="NC",U97="NC",W97="NC",Y97="NC",AA97="NC",AC97="NC",O97="SF",Q97="SF",S97="SF",U97="SF",W97="SF",Y97="SF",AA97="SF",AC97="SF"),"NC",IF(OR(O97="C",Q97="C",S97="C",U97="C",W97="C",Y97="C",AA97="C",AC97="C"),"C",""))))) | AG97: =IF(AND(AE97="C",AF97="C"),"UTILIZOU O PDA CORRETAMENTE",IF(AND(AE97="C",AF97="NC"),"UTILIZOU O PDA CORRETAMENTE. NÃO HÁ FOTOS DE TODAS AS ETAPAS",IF(AND(AE97="NC",AF97="NC"),"NÃO UTILIZOU O PDA",IF(AND(AE97="NA",AF97="NA"),"NÃO AVALIADO POR FALHA DE SINCRONISMO")))) -> FALSE | AI97: GOPOÚVA | AJ97: =E97 -> GUARULHOS | AK97: ÁGUA | AL97: 0.76236981 | AM97: {=IF(OR(O97<>"", SUMPRODUCT(($AN$2:$AN$5000=AN97)*($AL$2:$AL$5000<=AL97)) <= (COUNTIF($AN$2:$AN$5000,AN97)*0.5)), "SORTEADO", "-")} -> - | AN97: 04/04/2026
A98: ONMG - DIV MANUT SERV OPE GOPOÚVA | B98: 2614228430 | C98: TROCAR RAMAL DE ÁGUA | D98: VAZAMENTO DE ÁGUA | E98: GUARULHOS | F98: RUA ORIZONA | G98: 100 | H98: ANT. 96 | I98: JD V GALVAO | J98: TROCA DE RAMAL DE AGUA | L98: 04/04/2026 | M98: 46116.497 | N98: JOSE PETRUCIO SANTOS FILHO | AF98: =IF(AND(O98="",Q98="",S98="",U98="",W98="",Y98="",AA98="",AC98=""),"",IF(OR(AND(O98<>"NA",O98<>"C",O98<>"NC",O98<>"SF",O98<>""),AND(Q98<>"NA",Q98<>"C",Q98<>"NC",Q98<>"SF",Q98<>""),AND(S98<>"NA",S98<>"C",S98<>"NC",S98<>"SF",S98<>""),AND(U98<>"NA",U98<>"C",U98<>"NC",U98<>"SF",U98<>""),AND(W98<>"NA",W98<>"C",W98<>"NC",W98<>"SF",W98<>""),AND(Y98<>"NA",Y98<>"C",Y98<>"NC",Y98<>"SF",Y98<>""),AND(AA98<>"NA",AA98<>"C",AA98<>"NC",AA98<>"SF",AA98<>""),AND(AC98<>"NA",AC98<>"C",AC98<>"NC",AC98<>"SF",AC98<>"")),"FALSO",IF(AND(O98="NA",Q98="NA",S98="NA",U98="NA",W98="NA",Y98="NA",AA98="NA",AC98="NA"),"NA",IF(OR(O98="NC",Q98="NC",S98="NC",U98="NC",W98="NC",Y98="NC",AA98="NC",AC98="NC",O98="SF",Q98="SF",S98="SF",U98="SF",W98="SF",Y98="SF",AA98="SF",AC98="SF"),"NC",IF(OR(O98="C",Q98="C",S98="C",U98="C",W98="C",Y98="C",AA98="C",AC98="C"),"C",""))))) | AG98: =IF(AND(AE98="C",AF98="C"),"UTILIZOU O PDA CORRETAMENTE",IF(AND(AE98="C",AF98="NC"),"UTILIZOU O PDA CORRETAMENTE. NÃO HÁ FOTOS DE TODAS AS ETAPAS",IF(AND(AE98="NC",AF98="NC"),"NÃO UTILIZOU O PDA",IF(AND(AE98="NA",AF98="NA"),"NÃO AVALIADO POR FALHA DE SINCRONISMO")))) -> FALSE | AI98: GOPOÚVA | AJ98: =E98 -> GUARULHOS | AK98: ÁGUA | AL98: 0.66014097 | AM98: {=IF(OR(O98<>"", SUMPRODUCT(($AN$2:$AN$5000=AN98)*($AL$2:$AL$5000<=AL98)) <= (COUNTIF($AN$2:$AN$5000,AN98)*0.5)), "SORTEADO", "-")} -> - | AN98: 04/04/2026
A99: ONMG - DIV MANUT SERV OPE GOPOÚVA | B99: 2689585954 | C99: VAZAMENTO DE ÁGUA LEITO PAVIMENTADO | D99: VAZAMENTO DE ÁGUA | E99: GUARULHOS | F99: RUA SANTO ANTONIO | G99: 117 | H99: ANT93 | I99: V GALVAO | J99: REPARO DE REDE DE AGUA | L99: 04/04/2026 | M99: 46116.617 | N99: JOSE PETRUCIO SANTOS FILHO | AF99: =IF(AND(O99="",Q99="",S99="",U99="",W99="",Y99="",AA99="",AC99=""),"",IF(OR(AND(O99<>"NA",O99<>"C",O99<>"NC",O99<>"SF",O99<>""),AND(Q99<>"NA",Q99<>"C",Q99<>"NC",Q99<>"SF",Q99<>""),AND(S99<>"NA",S99<>"C",S99<>"NC",S99<>"SF",S99<>""),AND(U99<>"NA",U99<>"C",U99<>"NC",U99<>"SF",U99<>""),AND(W99<>"NA",W99<>"C",W99<>"NC",W99<>"SF",W99<>""),AND(Y99<>"NA",Y99<>"C",Y99<>"NC",Y99<>"SF",Y99<>""),AND(AA99<>"NA",AA99<>"C",AA99<>"NC",AA99<>"SF",AA99<>""),AND(AC99<>"NA",AC99<>"C",AC99<>"NC",AC99<>"SF",AC99<>"")),"FALSO",IF(AND(O99="NA",Q99="NA",S99="NA",U99="NA",W99="NA",Y99="NA",AA99="NA",AC99="NA"),"NA",IF(OR(O99="NC",Q99="NC",S99="NC",U99="NC",W99="NC",Y99="NC",AA99="NC",AC99="NC",O99="SF",Q99="SF",S99="SF",U99="SF",W99="SF",Y99="SF",AA99="SF",AC99="SF"),"NC",IF(OR(O99="C",Q99="C",S99="C",U99="C",W99="C",Y99="C",AA99="C",AC99="C"),"C",""))))) | AG99: =IF(AND(AE99="C",AF99="C"),"UTILIZOU O PDA CORRETAMENTE",IF(AND(AE99="C",AF99="NC"),"UTILIZOU O PDA CORRETAMENTE. NÃO HÁ FOTOS DE TODAS AS ETAPAS",IF(AND(AE99="NC",AF99="NC"),"NÃO UTILIZOU O PDA",IF(AND(AE99="NA",AF99="NA"),"NÃO AVALIADO POR FALHA DE SINCRONISMO")))) -> FALSE | AI99: GOPOÚVA | AJ99: =E99 -> GUARULHOS | AK99: ÁGUA | AL99: 0.5380511 | AM99: {=IF(OR(O99<>"", SUMPRODUCT(($AN$2:$AN$5000=AN99)*($AL$2:$AL$5000<=AL99)) <= (COUNTIF($AN$2:$AN$5000,AN99)*0.5)), "SORTEADO", "-")} -> - | AN99: 04/04/2026
A100: ONMG - DIV MANUT SERV OPE GOPOÚVA | B100: 2689605905 | C100: VAZAMENTO DE ÁGUA LEITO PAVIMENTADO | D100: VAZAMENTO DE ÁGUA | E100: GUARULHOS | F100: RUA SAO JOAO DA MATA | G100: 94 | H100: ANT116 C/1 | I100: JD MARILENA | J100: REPARO DE REDE DE AGUA | L100: 04/04/2026 | M100: 46116.655 | N100: CARLOS HENRIQUE DO AMARAL | O100: C | Q100: C | S100: C | U100: C | W100: C | Y100: NA | AA100: C | AC100: C | AE100: C | AF100: =IF(AND(O100="",Q100="",S100="",U100="",W100="",Y100="",AA100="",AC100=""),"",IF(OR(AND(O100<>"NA",O100<>"C",O100<>"NC",O100<>"SF",O100<>""),AND(Q100<>"NA",Q100<>"C",Q100<>"NC",Q100<>"SF",Q100<>""),AND(S100<>"NA",S100<>"C",S100<>"NC",S100<>"SF",S100<>""),AND(U100<>"NA",U100<>"C",U100<>"NC",U100<>"SF",U100<>""),AND(W100<>"NA",W100<>"C",W100<>"NC",W100<>"SF",W100<>""),AND(Y100<>"NA",Y100<>"C",Y100<>"NC",Y100<>"SF",Y100<>""),AND(AA100<>"NA",AA100<>"C",AA100<>"NC",AA100<>"SF",AA100<>""),AND(AC100<>"NA",AC100<>"C",AC100<>"NC",AC100<>"SF",AC100<>"")),"FALSO",IF(AND(O100="NA",Q100="NA",S100="NA",U100="NA",W100="NA",Y100="NA",AA100="NA",AC100="NA"),"NA",IF(OR(O100="NC",Q100="NC",S100="NC",U100="NC",W100="NC",Y100="NC",AA100="NC",AC100="NC",O100="SF",Q100="SF",S100="SF",U100="SF",W100="SF",Y100="SF",AA100="SF",AC100="SF"),"NC",IF(OR(O100="C",Q100="C",S100="C",U100="C",W100="C",Y100="C",AA100="C",AC100="C"),"C",""))))) -> C | AG100: =IF(AND(AE100="C",AF100="C"),"UTILIZOU O PDA CORRETAMENTE",IF(AND(AE100="C",AF100="NC"),"UTILIZOU O PDA CORRETAMENTE. NÃO HÁ FOTOS DE TODAS AS ETAPAS",IF(AND(AE100="NC",AF100="NC"),"NÃO UTILIZOU O PDA",IF(AND(AE100="NA",AF100="NA"),"NÃO AVALIADO POR FALHA DE SINCRONISMO")))) -> UTILIZOU O PDA CORRETAMENTE | AH100: C | AI100: GOPOÚVA | AJ100: =E100 -> GUARULHOS | AK100: ÁGUA | AL100: 0.34038308 | AM100: {=IF(OR(O100<>"", SUMPRODUCT(($AN$2:$AN$5000=AN100)*($AL$2:$AL$5000<=AL100)) <= (COUNTIF($AN$2:$AN$5000,AN100)*0.5)), "SORTEADO", "-")} -> SORTEADO | AN100: 04/04/2026
...

Sheet EQUIPES - ÁGUA
A1: ÁGUA
A3: ETAPAS DE SERVIÇO - EQUIPES
B5: ='DADOS - GOPOÚVA'!B74 -> ADEMAR JOSE VIANA
B6: ETAPAS | D6: AVALIADOS | E6: SEM FOTO | F6: CONFORME | G6: NÃO CONFORME
B7: FACHADA | D7: =F7+G7+E7 -> 20 | E7: =COUNTIFS(ÁGUA!N:N,'EQUIPES - ÁGUA'!B5,ÁGUA!O:O,"SF") -> 0 | F7: =COUNTIFS(ÁGUA!N:N,'EQUIPES - ÁGUA'!B5,ÁGUA!O:O,"c") -> 20 | G7: =COUNTIFS(ÁGUA!N:N,'EQUIPES - ÁGUA'!B5,ÁGUA!O:O,"NC") -> 0
B8: SINALIZAÇÃO | D8: =F8+G8+E8 -> 20 | E8: =COUNTIFS(ÁGUA!N:N,'EQUIPES - ÁGUA'!B5,ÁGUA!Q:Q,"SF") -> 0 | F8: =COUNTIFS(ÁGUA!N:N,'EQUIPES - ÁGUA'!B5,ÁGUA!Q:Q,"c") -> 20 | G8: =COUNTIFS(ÁGUA!N:N,'EQUIPES - ÁGUA'!B5,ÁGUA!Q:Q,"NC") -> 0
B9: ENCERADO | D9: =F9+G9+E9 -> 20 | E9: =COUNTIFS(ÁGUA!N:N,'EQUIPES - ÁGUA'!B5,ÁGUA!S:S,"SF") -> 0 | F9: =COUNTIFS(ÁGUA!N:N,'EQUIPES - ÁGUA'!B5,ÁGUA!S:S,"c") -> 20 | G9: =COUNTIFS(ÁGUA!N:N,'EQUIPES - ÁGUA'!B5,ÁGUA!S:S,"NC") -> 0
B10: GEOMETRIA | D10: =F10+G10+E10 -> 20 | E10: =COUNTIFS(ÁGUA!N:N,'EQUIPES - ÁGUA'!B5,ÁGUA!U:U,"SF") -> 0 | F10: =COUNTIFS(ÁGUA!N:N,'EQUIPES - ÁGUA'!B5,ÁGUA!U:U,"c") -> 20 | G10: =COUNTIFS(ÁGUA!N:N,'EQUIPES - ÁGUA'!B5,ÁGUA!U:U,"NC") -> 0
B11: BERÇO DE AREIA | D11: =F11+G11+E11 -> 20 | E11: =COUNTIFS(ÁGUA!N:N,'EQUIPES - ÁGUA'!B5,ÁGUA!W:W,"SF") -> 0 | F11: =COUNTIFS(ÁGUA!N:N,'EQUIPES - ÁGUA'!B5,ÁGUA!W:W,"c") -> 20 | G11: =COUNTIFS(ÁGUA!N:N,'EQUIPES - ÁGUA'!B5,ÁGUA!W:W,"NC") -> 0
B12: ESTANQUEIDADE | D12: =F12+G12+E12 -> 2 | E12: =COUNTIFS(ÁGUA!N:N,'EQUIPES - ÁGUA'!B5,ÁGUA!Y:Y,"SF") -> 0 | F12: =COUNTIFS(ÁGUA!N:N,'EQUIPES - ÁGUA'!B5,ÁGUA!Y:Y,"c") -> 2 | G12: =COUNTIFS(ÁGUA!N:N,'EQUIPES - ÁGUA'!B5,ÁGUA!Y:Y,"NC") -> 0
B13: COMPACTAÇÃO | D13: =F13+G13+E13 -> 20 | E13: =COUNTIFS(ÁGUA!N:N,'EQUIPES - ÁGUA'!B5,ÁGUA!AA:AA,"SF") -> 0 | F13: =COUNTIFS(ÁGUA!N:N,'EQUIPES - ÁGUA'!B5,ÁGUA!AA:AA,"c") -> 20 | G13: =COUNTIFS(ÁGUA!N:N,'EQUIPES - ÁGUA'!B5,ÁGUA!AA:AA,"NC") -> 0
B14: FINALIZAÇÃO | D14: =F14+G14+E14 -> 20 | E14: =COUNTIFS(ÁGUA!N:N,'EQUIPES - ÁGUA'!B5,ÁGUA!AC:AC,"SF") -> 0 | F14: =COUNTIFS(ÁGUA!N:N,'EQUIPES - ÁGUA'!B5,ÁGUA!AC:AC,"c") -> 20 | G14: =COUNTIFS(ÁGUA!N:N,'EQUIPES - ÁGUA'!B5,ÁGUA!AC:AC,"NC") -> 0
B16: ='DADOS - GOPOÚVA'!B75 -> ADIMILSON SOUZA OLIVEIRA
B17: ETAPAS | D17: AVALIADOS | E17: SEM FOTO | F17: CONFORME | G17: NÃO CONFORME
